Donor,Experimental assay,Sequencing platform,Tissue,Data format,File name,File size (MB),UUID v4
GTOP-AJ221,WGS,PacBio HiFi,Whole_Blood,bam,GTOP-AJ221.hifi_reads.bam,438654.2,ba0ad31f-b890-4de2-a676-5c46ec3c55ed
GTOP-AJ231,WGS,PacBio HiFi,Whole_Blood,bam,GTOP-AJ231.hifi_reads.bam,494954.7,6b6efd83-5b04-4fd1-8778-d38cea03b51a
GTOP-AK091,WGS,PacBio HiFi,Whole_Blood,bam,GTOP-AK091.hifi_reads.bam,524057.8,80b5efb7-331a-4739-8df3-e03bfeefe60c
GTOP-AK111,WGS,PacBio HiFi,Whole_Blood,bam,GTOP-AK111.hifi_reads.bam,501553.4,c4d33b46-a5c8-4c80-8e53-6008cfb79698
GTOP-AK112,WGS,PacBio HiFi,Whole_Blood,bam,GTOP-AK112.hifi_reads.bam,483691.2,b45c04fc-73c7-43e0-b2d7-e1f718de5c41
GTOP-AK231,WGS,PacBio HiFi,Whole_Blood,bam,GTOP-AK231.hifi_reads.bam,488751.5,e4dd0bfa-52f0-4bdf-a993-cbf796a1128d
GTOP-AK281,WGS,PacBio HiFi,Whole_Blood,bam,GTOP-AK281.hifi_reads_a.bam,232079.3,d4ba2449-5064-4062-a935-ee999e2c7173
GTOP-AK281,WGS,PacBio HiFi,Whole_Blood,bam,GTOP-AK281.hifi_reads_b.bam,10071.4,e5ef5993-b3ef-4ea1-80f2-22244dc2b36d
GTOP-AK281,WGS,PacBio HiFi,Whole_Blood,bam,GTOP-AK281.hifi_reads_c.bam,179117.1,93b39caf-882a-4c31-bb13-4e59723a65a4
GTOP-AL271,WGS,PacBio HiFi,Whole_Blood,bam,GTOP-AL271.hifi_reads.bam,452044.7,d113513c-1e38-4d3d-ae92-c7870d1c0b50
GTOP-BA082,WGS,PacBio HiFi,Whole_Blood,bam,GTOP-BA082.hifi_reads.bam,443555.1,96680e3a-6015-4029-ad2d-6d40522fa2b3
GTOP-BA191,WGS,PacBio HiFi,Whole_Blood,bam,GTOP-BA191.hifi_reads.bam,507098.3,6e63f835-9fb9-4cb4-97d8-9a94f49ead6f
GTOP-BA232,WGS,PacBio HiFi,Whole_Blood,bam,GTOP-BA232.hifi_reads.bam,484447.8,da9267cd-67dd-42be-b69a-599313826b06
GTOP-BA251,WGS,PacBio HiFi,Whole_Blood,bam,GTOP-BA251.hifi_reads.bam,472461.5,0ce2fb10-e3e7-40ce-adee-22359f143e67
GTOP-BB201,WGS,PacBio HiFi,Whole_Blood,bam,GTOP-BB201.hifi_reads.bam,506721.5,386ffc83-6264-4bd6-a096-4142239db0d4
GTOP-BB202,WGS,PacBio HiFi,Whole_Blood,bam,GTOP-BB202.hifi_reads.bam,534745,06939a6c-98e4-4027-9c85-d499aa40c016
GTOP-BC061,WGS,PacBio HiFi,Whole_Blood,bam,GTOP-BC061.hifi_reads.bam,491132.5,669caef2-aff7-4810-b20e-91a02ae32935
GTOP-BC161,WGS,PacBio HiFi,Whole_Blood,bam,GTOP-BC161.hifi_reads.bam,556855.5,58e928b7-8c52-40e9-8b9b-9727d96022ae
GTOP-BC181,WGS,PacBio HiFi,Whole_Blood,bam,GTOP-BC181.hifi_reads.bam,434528.1,9472055a-8f35-4e16-b58c-c0806058d9ae
GTOP-BC191,WGS,PacBio HiFi,Whole_Blood,bam,GTOP-BC191.hifi_reads.bam,482060.2,bdd95655-07ab-458b-982b-64a04762288d
GTOP-BD201,WGS,PacBio HiFi,Whole_Blood,bam,GTOP-BD201.hifi_reads.bam,535088.8,7a86f07a-9b1d-406f-88f2-113dcff18c06
GTOP-BE141,WGS,PacBio HiFi,Whole_Blood,bam,GTOP-BE141.hifi_reads.bam,491798.2,2820afff-38d0-4b8a-a589-4158c1488c73
GTOP-BE161,WGS,PacBio HiFi,Whole_Blood,bam,GTOP-BE161.hifi_reads.bam,438266.3,a29df6ec-338f-4f7f-a927-a0a343e4f1c9
GTOP-BE221,WGS,PacBio HiFi,Whole_Blood,bam,GTOP-BE221.hifi_reads.bam,465601,21259bbd-abf8-476e-8f3b-35484eba6822
GTOP-BF221,WGS,PacBio HiFi,Whole_Blood,bam,GTOP-BF221.hifi_reads.bam,447415.4,bf00f9ef-fb47-4e44-a41d-a52d469f56c9
GTOP-BF271,WGS,PacBio HiFi,Whole_Blood,bam,GTOP-BF271.hifi_reads.bam,511300.3,64e0aa0b-99d2-489a-adc6-4e50f4ee1ee1
GTOP-BG171,WGS,PacBio HiFi,Whole_Blood,bam,GTOP-BG171.hifi_reads.bam,449720.7,f72c30f0-951d-4261-8ab6-0f7f0b6eca2e
GTOP-BG291,WGS,PacBio HiFi,Whole_Blood,bam,GTOP-BG291.hifi_reads.bam,482996,d88ce710-0e71-4e08-bac0-c9aaca1ff678
GTOP-BG311,WGS,PacBio HiFi,Whole_Blood,bam,GTOP-BG311.hifi_reads.bam,534246,d4a8cd8b-9c65-412b-b5d8-3599ef34849d
GTOP-BH101,WGS,PacBio HiFi,Whole_Blood,bam,GTOP-BH101.hifi_reads.bam,443055.1,1ebe1b54-5539-4968-89d6-252838c283dc
GTOP-BH131,WGS,PacBio HiFi,Whole_Blood,bam,GTOP-BH131.hifi_reads.bam,446445.7,e760cc4c-86f0-49d1-8687-3336daa1fd47
GTOP-BH171,WGS,PacBio HiFi,Whole_Blood,bam,GTOP-BH171.hifi_reads.bam,466380.4,73fd11d7-ad94-40dd-b4e7-535a04bcd537
GTOP-BI071,WGS,PacBio HiFi,Whole_Blood,bam,GTOP-BI071.hifi_reads.bam,430406.2,1301e8e3-ad72-465b-8f81-85ae4ae66852
GTOP-BI281,WGS,PacBio HiFi,Whole_Blood,bam,GTOP-BI281.hifi_reads.bam,444795.4,203ef9d7-4467-4d75-a0d3-f980bfb52514
GTOP-BJ131,WGS,PacBio HiFi,Whole_Blood,bam,GTOP-BJ131.hifi_reads.bam,433540.8,183880bb-6951-4207-9eed-1e7444ce05b6
GTOP-BJ141,WGS,PacBio HiFi,Whole_Blood,bam,GTOP-BJ141.hifi_reads.bam,446857.6,7c3c55a6-22cc-4c39-9b6f-2893d1f588ab
GTOP-BJ171,WGS,PacBio HiFi,Whole_Blood,bam,GTOP-BJ171.hifi_reads.bam,463404.1,d0b9da19-e378-4d64-a0f3-2d1fc614a94d
GTOP-BJ191,WGS,PacBio HiFi,Whole_Blood,bam,GTOP-BJ191.hifi_reads.bam,448318.8,d0be7d0e-211b-452a-9cb4-a405e41c5136
GTOP-BJ201,WGS,PacBio HiFi,Whole_Blood,bam,GTOP-BJ201.hifi_reads.bam,446118,7bd556c6-558d-4448-ab7a-074a2a4097a6
GTOP-BK021,WGS,PacBio HiFi,Whole_Blood,bam,GTOP-BK021.hifi_reads.bam,434259.2,4a751fa0-98c3-491c-ad7e-69c00ebc8f19
GTOP-BK071,WGS,PacBio HiFi,Whole_Blood,bam,GTOP-BK071.hifi_reads.bam,433466.5,384e4b5c-1af6-48fb-8822-6c297d16a806
GTOP-BK161,WGS,PacBio HiFi,Whole_Blood,bam,GTOP-BK161.hifi_reads.bam,452905.9,8bb29398-ce77-4829-9a64-dd5478c1a268
GTOP-BK191,WGS,PacBio HiFi,Whole_Blood,bam,GTOP-BK191.hifi_reads.bam,444399.4,ce7cc13f-2fee-4643-91f7-7e75cf993bb4
GTOP-BK251,WGS,PacBio HiFi,Whole_Blood,bam,GTOP-BK251.hifi_reads.bam,466557.8,87f623a4-11e5-481e-8076-f7246a6857e2
GTOP-BK281,WGS,PacBio HiFi,Whole_Blood,bam,GTOP-BK281.hifi_reads.bam,518339.6,0a60f21d-cc38-41e3-9e96-d18549298db7
GTOP-BL021,WGS,PacBio HiFi,Whole_Blood,bam,GTOP-BL021.hifi_reads.bam,499151.7,c21af714-80ca-46a3-baa1-2fce96eaa5b6
GTOP-BL091,WGS,PacBio HiFi,Whole_Blood,bam,GTOP-BL091.hifi_reads.bam,452644.8,c6aba9e8-56a3-44a2-ba8d-8001029a7bad
GTOP-BL151,WGS,PacBio HiFi,Whole_Blood,bam,GTOP-BL151.hifi_reads.bam,463675.4,1fd9992e-6b3d-4370-a8f1-92954a8f61a0
GTOP-BL161,WGS,PacBio HiFi,Whole_Blood,bam,GTOP-BL161.hifi_reads.bam,460815.1,5f037e1c-c54b-420d-bb61-27003f0e7a3a
GTOP-BL221,WGS,PacBio HiFi,Whole_Blood,bam,GTOP-BL221.hifi_reads.bam,462709.3,40fc3593-13c5-4181-bdfb-da69870402a1
GTOP-BL261,WGS,PacBio HiFi,Whole_Blood,bam,GTOP-BL261.hifi_reads_a.bam,236045.1,fb155633-2c27-48d3-be12-259059226a5c
GTOP-BL261,WGS,PacBio HiFi,Whole_Blood,bam,GTOP-BL261.hifi_reads_b.bam,127209.8,22d3a093-00bf-435d-98d3-95e907791b78
GTOP-BL261,WGS,PacBio HiFi,Whole_Blood,bam,GTOP-BL261.hifi_reads_c.bam,27735.8,9a555618-b37f-4866-9fe6-dd3664554ce8
GTOP-BL271,WGS,PacBio HiFi,Whole_Blood,bam,GTOP-BL271.hifi_reads.bam,452953.7,f65198f6-e5f2-4996-b0f1-edba4c8321f9
GTOP-CA031,WGS,PacBio HiFi,Whole_Blood,bam,GTOP-CA031.hifi_reads.bam,426628.7,5ea9052c-1698-4e05-83f5-3b700d69faa1
GTOP-CA081,WGS,PacBio HiFi,Whole_Blood,bam,GTOP-CA081.hifi_reads.bam,521091.3,7446b7e0-db64-40b4-a3f7-a0bb2c515a40
GTOP-CA121,WGS,PacBio HiFi,Whole_Blood,bam,GTOP-CA121.hifi_reads_a.bam,228263.7,7830bf58-1090-4b9f-bf9a-4b4e9918930b
GTOP-CA121,WGS,PacBio HiFi,Whole_Blood,bam,GTOP-CA121.hifi_reads_b.bam,135725.5,cb3dfef2-4b51-4d21-92c9-431730a07755
GTOP-CA121,WGS,PacBio HiFi,Whole_Blood,bam,GTOP-CA121.hifi_reads_c.bam,29728,ab246d11-4a4a-4182-bc2b-a1f7165de748
GTOP-CA161,WGS,PacBio HiFi,Whole_Blood,bam,GTOP-CA161.hifi_reads_a.bam,251528,3565fd3a-b383-4aab-b27b-5c2b670fcbad
GTOP-CA161,WGS,PacBio HiFi,Whole_Blood,bam,GTOP-CA161.hifi_reads_b.bam,121367.4,7bb6167d-e5f8-4942-b607-0b50f6d39469
GTOP-CA161,WGS,PacBio HiFi,Whole_Blood,bam,GTOP-CA161.hifi_reads_c.bam,26431.3,f7f5f60b-48a2-4644-81ea-907a13381593
GTOP-CA171,WGS,PacBio HiFi,Whole_Blood,bam,GTOP-CA171.hifi_reads_a.bam,255683.7,f03179ca-3e49-4d84-ae7d-66106de78284
GTOP-CA171,WGS,PacBio HiFi,Whole_Blood,bam,GTOP-CA171.hifi_reads_b.bam,153475.3,afce81e8-8d14-4b94-8268-73a432d29df2
GTOP-CA181,WGS,PacBio HiFi,Whole_Blood,bam,GTOP-CA181.hifi_reads_a.bam,222570.2,606f9491-c461-44ed-8ffb-a3c802386f6e
GTOP-CA181,WGS,PacBio HiFi,Whole_Blood,bam,GTOP-CA181.hifi_reads_b.bam,148965.5,d117255b-07b9-45e5-9c1f-26e6767718b0
GTOP-CA241,WGS,PacBio HiFi,Whole_Blood,bam,GTOP-CA241.hifi_reads_a.bam,257192.7,bf121bc9-1243-4cea-a999-1295ed0398de
GTOP-CA241,WGS,PacBio HiFi,Whole_Blood,bam,GTOP-CA241.hifi_reads_b.bam,137434.2,b7981772-f1c6-4b88-8828-9518f560330b
GTOP-CB151,WGS,PacBio HiFi,Whole_Blood,bam,GTOP-CB151.hifi_reads_a.bam,248556.4,be974e17-a13e-46a1-8492-ce76b49cac80
GTOP-CB151,WGS,PacBio HiFi,Whole_Blood,bam,GTOP-CB151.hifi_reads_b.bam,170737.7,df852716-f52c-43f2-8943-d2d2d77dd055
GTOP-CB261,WGS,PacBio HiFi,Whole_Blood,bam,GTOP-CB261.hifi_reads_a.bam,239330.6,5d0d54bd-21b2-422d-b4af-3f8a6e6d07ec
GTOP-CB261,WGS,PacBio HiFi,Whole_Blood,bam,GTOP-CB261.hifi_reads_b.bam,182039.3,bc53fc45-a42b-4f0f-a3fd-38e7b99c960c
GTOP-CC131,WGS,PacBio HiFi,Whole_Blood,bam,GTOP-CC131.hifi_reads_a.bam,216510.5,c3230961-d7c3-4713-bdec-73b13ed75cd9
GTOP-CC131,WGS,PacBio HiFi,Whole_Blood,bam,GTOP-CC131.hifi_reads_b.bam,232250.5,3811d746-e449-423f-8ae0-20408d09070e
GTOP-CC241,WGS,PacBio HiFi,Whole_Blood,bam,GTOP-CC241.hifi_reads_a.bam,291665.9,9799091b-d5cf-43c0-b46f-4caa19958048
GTOP-CC241,WGS,PacBio HiFi,Whole_Blood,bam,GTOP-CC241.hifi_reads_b.bam,146866.5,16774d68-0282-49ac-af9a-526804856633
GTOP-CC311,WGS,PacBio HiFi,Whole_Blood,bam,GTOP-CC311.hifi_reads_a.bam,219898.7,be049829-6518-4255-ae79-362eb3c42693
GTOP-CC311,WGS,PacBio HiFi,Whole_Blood,bam,GTOP-CC311.hifi_reads_b.bam,154340.9,ae3ed1f1-44cd-4ecf-829d-5a8b4bea1709
GTOP-CF242,WGS,PacBio HiFi,Whole_Blood,bam,GTOP-CF242.hifi_reads_a.bam,160002.5,505fb4f4-635d-47c0-a3ed-63484c1029c7
GTOP-CF242,WGS,PacBio HiFi,Whole_Blood,bam,GTOP-CF242.hifi_reads_b.bam,35678,627e98a5-fc4b-4d8d-adc1-5d96ba7a2108
GTOP-CF242,WGS,PacBio HiFi,Whole_Blood,bam,GTOP-CF242.hifi_reads_c.bam,176189.1,dc68dde7-3659-4cd3-a8c7-ceb55a84bfda
GTOP-CG091,WGS,PacBio HiFi,Whole_Blood,bam,GTOP-CG091.hifi_reads_a.bam,156598.3,b33e5619-d6dc-482a-b7c5-d7c82609b1d9
GTOP-CG091,WGS,PacBio HiFi,Whole_Blood,bam,GTOP-CG091.hifi_reads_b.bam,51452.8,607ffc74-3141-47e8-a3a2-8f5256046f05
GTOP-CG091,WGS,PacBio HiFi,Whole_Blood,bam,GTOP-CG091.hifi_reads_c.bam,270681.4,d33e536f-8eca-4b21-9832-4cb4b625b689
GTOP-CH101,WGS,PacBio HiFi,Whole_Blood,bam,GTOP-CH101.hifi_reads_a.bam,215605,d1430702-a2ec-4492-9b42-9a6dc320a8fe
GTOP-CH101,WGS,PacBio HiFi,Whole_Blood,bam,GTOP-CH101.hifi_reads_b.bam,27443.3,2b687b12-0dcf-40bc-a2a8-70480b0aa0fa
GTOP-CH101,WGS,PacBio HiFi,Whole_Blood,bam,GTOP-CH101.hifi_reads_c.bam,170762.9,463040d7-7f4a-4d0e-9fe5-0a497a3d46ba
GTOP-CI161,WGS,PacBio HiFi,Whole_Blood,bam,GTOP-CI161.hifi_reads_a.bam,225390.6,f63f4231-2210-46fe-9118-d4a6ca0a379c
GTOP-CI161,WGS,PacBio HiFi,Whole_Blood,bam,GTOP-CI161.hifi_reads_b.bam,161027.6,c8703b29-e174-4b81-b641-fc6954032c64
GTOP-CJ092,WGS,PacBio HiFi,Whole_Blood,bam,GTOP-CJ092.hifi_reads_a.bam,226714.3,65ffd0e7-4f7c-4eec-8197-bfe5f53f0331
GTOP-CJ092,WGS,PacBio HiFi,Whole_Blood,bam,GTOP-CJ092.hifi_reads_b.bam,15133,1191492a-ca84-4ea0-b813-8d8c30baebb3
GTOP-CJ092,WGS,PacBio HiFi,Whole_Blood,bam,GTOP-CJ092.hifi_reads_c.bam,180273,18c11521-dbf7-49b6-b727-b112e778f7cb
GTOP-CJ092,WGS,PacBio HiFi,Whole_Blood,bam,GTOP-CJ092.hifi_reads_d.bam,169841.3,f8a278b3-709c-406b-8ccc-97e5e4524ffa
GTOP-CJ093,WGS,PacBio HiFi,Whole_Blood,bam,GTOP-CJ093.hifi_reads_a.bam,218383.6,193154d3-730b-499a-952c-0a8608648fae
GTOP-CJ093,WGS,PacBio HiFi,Whole_Blood,bam,GTOP-CJ093.hifi_reads_b.bam,14448.7,4aa1f92c-9e6b-4188-8422-ddd191116ba0
GTOP-CJ093,WGS,PacBio HiFi,Whole_Blood,bam,GTOP-CJ093.hifi_reads_c.bam,150834.5,0389d182-92ce-45b7-8ba2-5c137a3dbac4
GTOP-AJ141,RNA-seq,Illumina NovaSeq X,Muscle,bam,GTOP-AJ141-0087.bam,14436.3,efc89d80-de61-4101-9d4a-75d05bd676e7
GTOP-AJ141,RNA-seq,Illumina NovaSeq X,Adipose,bam,GTOP-AJ141-0160.bam,12879.3,c2524927-5c21-4050-83db-1bc73fc324e6
GTOP-AJ141,RNA-seq,Illumina NovaSeq X,Liver,bam,GTOP-AJ141-1053.bam,12862.6,b0d6fd79-3dda-4dc1-b2c2-85c0b7d65cbe
GTOP-AJ141,RNA-seq,Illumina NovaSeq X,Pancreas_Head,bam,GTOP-AJ141-1108.bam,11355.1,31cf153c-ebaa-42ba-818d-7e738e829293
GTOP-AJ141,RNA-seq,Illumina NovaSeq X,Pancreas_Body,bam,GTOP-AJ141-1236.bam,12366.5,3cd86691-d870-4fb3-8a4c-f565ffa20a85
GTOP-AJ141,RNA-seq,Illumina NovaSeq X,Pancreas_Tail,bam,GTOP-AJ141-1392.bam,19935.3,ba429a24-f78f-415c-9844-f5c9219c5747
GTOP-AJ141,RNA-seq,Illumina NovaSeq X,Adrenal_Gland,bam,GTOP-AJ141-2099.bam,10482.7,1513f2e5-a18f-46e4-a63f-26efd9af4412
GTOP-AJ142,RNA-seq,Illumina NovaSeq X,Adipose,bam,GTOP-AJ142-0160.bam,10780.1,8a73e2ee-f0be-4977-9aea-49ef178a6b52
GTOP-AJ142,RNA-seq,Illumina NovaSeq X,Whole_Blood,bam,GTOP-AJ142-0378.bam,10455.6,688922ac-a725-4e69-9975-0a53a9d2c97e
GTOP-AJ142,RNA-seq,Illumina NovaSeq X,Liver,bam,GTOP-AJ142-1053.bam,10074.8,90b9c4b7-0ad2-406b-b68d-184232be5325
GTOP-AJ142,RNA-seq,Illumina NovaSeq X,Pancreas_Head,bam,GTOP-AJ142-1108.bam,11242.6,2a0e4274-8bfa-42a8-8c5b-c0ea3984a981
GTOP-AJ142,RNA-seq,Illumina NovaSeq X,Pancreas_Body,bam,GTOP-AJ142-1236.bam,11417,3f723f43-1be8-442d-9fef-7ef8ccea552e
GTOP-AJ142,RNA-seq,Illumina NovaSeq X,Pancreas_Tail,bam,GTOP-AJ142-1392.bam,11416.5,ef949a59-d1d8-4f88-89cf-ab7ddb6c40ee
GTOP-AJ142,RNA-seq,Illumina NovaSeq X,Adrenal_Gland,bam,GTOP-AJ142-2099.bam,10482.5,3e0402e8-85cc-40e7-ba73-bdfd29e74506
GTOP-AJ211,RNA-seq,Illumina NovaSeq X,Adipose,bam,GTOP-AJ211-0160.bam,10763.3,983b0916-3559-43df-87da-a6bce1d69cf5
GTOP-AJ211,RNA-seq,Illumina NovaSeq X,Whole_Blood,bam,GTOP-AJ211-0378.bam,10250.4,0bd804f9-6e2d-496a-a9ac-f0e0f9cd3e22
GTOP-AJ211,RNA-seq,Illumina NovaSeq X,Liver,bam,GTOP-AJ211-1053.bam,9576.7,0702303b-1b70-4d7f-b8c1-e0b6bcffd582
GTOP-AJ211,RNA-seq,Illumina NovaSeq X,Gallbladder,bam,GTOP-AJ211-1856.bam,10474.6,8d3023d2-7dff-409a-8e46-d8db5710fa77
GTOP-AJ211,RNA-seq,Illumina NovaSeq X,Adrenal_Gland,bam,GTOP-AJ211-2099.bam,10976.8,9719530e-1cbb-44a9-bdf4-efd2c5439556
GTOP-AJ221,RNA-seq,Illumina NovaSeq X,Muscle,bam,GTOP-AJ221-0087.bam,11349,1a16c72f-2156-41b4-89b0-e01cff0c7a1b
GTOP-AJ221,RNA-seq,Illumina NovaSeq X,Adipose,bam,GTOP-AJ221-0160.bam,11386.7,6586f229-934a-4b3f-a603-94299523776d
GTOP-AJ221,RNA-seq,Illumina NovaSeq X,Skin,bam,GTOP-AJ221-0262.bam,8273.7,af96b94f-b637-4bf6-973c-546c233e1c76
GTOP-AJ221,RNA-seq,Illumina NovaSeq X,Whole_Blood,bam,GTOP-AJ221-0378.bam,10305.1,89fbc4c2-6dca-4670-8088-7370db5c997d
GTOP-AJ221,RNA-seq,Illumina NovaSeq X,Liver,bam,GTOP-AJ221-1053.bam,11593.7,cfac6810-cc73-4e2b-bc70-d072c8a19fbe
GTOP-AJ221,RNA-seq,Illumina NovaSeq X,Small_Intestine,bam,GTOP-AJ221-1470.bam,11136.8,0918fe15-64b6-433d-91b7-9328b1a79016
GTOP-AJ221,RNA-seq,Illumina NovaSeq X,Colon,bam,GTOP-AJ221-1584.bam,9908.8,62ea1317-49a2-4705-aa32-a8cc02c37aae
GTOP-AJ221,RNA-seq,Illumina NovaSeq X,Stomach,bam,GTOP-AJ221-1601.bam,12024.5,02789ce1-aa06-485a-acdc-4d1f9c6d9dbd
GTOP-AJ221,RNA-seq,Illumina NovaSeq X,Esophagus,bam,GTOP-AJ221-1710.bam,11776.4,d646987d-e429-44e7-a7d8-ab4f8b20eff3
GTOP-AJ221,RNA-seq,Illumina NovaSeq X,Gallbladder,bam,GTOP-AJ221-1856.bam,12026.5,5a862399-2a4a-49cc-88e3-5f9eacf9a8b8
GTOP-AJ221,RNA-seq,Illumina NovaSeq X,Spleen,bam,GTOP-AJ221-3082.bam,10293.1,d24299cc-1ca2-4d77-b015-7ff2a2d98095
GTOP-AJ221,RNA-seq,Illumina NovaSeq X,Heart_Left_Ventricle,bam,GTOP-AJ221-4002.bam,10376.1,8f6f86d1-ff3b-47df-889d-38c1abc56c1d
GTOP-AJ221,RNA-seq,Illumina NovaSeq X,Heart_Right_Ventricle,bam,GTOP-AJ221-4003.bam,6521.4,6c8f8d14-904f-4204-8085-00ff0411d2ad
GTOP-AJ221,RNA-seq,Illumina NovaSeq X,Heart_Right_Atrium,bam,GTOP-AJ221-4018.bam,10632.4,054d38ad-2dd5-485c-aed2-e6d17839e3f2
GTOP-AJ221,RNA-seq,Illumina NovaSeq X,Heart_Left_Atrium,bam,GTOP-AJ221-4019.bam,11071.5,29e1ee4b-1985-450a-a84d-8ae39ccecd21
GTOP-AJ221,RNA-seq,Illumina NovaSeq X,Heart_Mitral_Valve,bam,GTOP-AJ221-4022.bam,12431.8,5e0724ae-d9e2-46fd-afc2-be1eaa370afa
GTOP-AJ221,RNA-seq,Illumina NovaSeq X,Heart_Tricuspid_Valve,bam,GTOP-AJ221-4023.bam,9549,d58f95a0-0f25-41ac-a7f6-94ba9f454425
GTOP-AJ221,RNA-seq,Illumina NovaSeq X,Thoracic_Aorta,bam,GTOP-AJ221-4149.bam,10537.1,ad6fc0bd-5435-490c-902d-9e97303f9411
GTOP-AJ221,RNA-seq,Illumina NovaSeq X,Aortic_Arch,bam,GTOP-AJ221-4155.bam,9581.3,d5e02e1e-46d3-4b95-be36-bf347a4ed20e
GTOP-AJ221,RNA-seq,Illumina NovaSeq X,Lung_Base,bam,GTOP-AJ221-5032.bam,8710.1,521a63a0-5542-49e6-a7b9-83e2ca1149d4
GTOP-AJ221,RNA-seq,Illumina NovaSeq X,Lung_Apex,bam,GTOP-AJ221-5156.bam,10283.3,a8606b8b-b682-4aea-9120-e7c41755c777
GTOP-AJ231,RNA-seq,Illumina NovaSeq X,Muscle,bam,GTOP-AJ231-0087.bam,11658.3,bff50e2b-e061-4507-b1de-7e7b90403080
GTOP-AJ231,RNA-seq,Illumina NovaSeq X,Adipose,bam,GTOP-AJ231-0160.bam,13296.2,fce5f601-99a6-476b-9838-524151276de4
GTOP-AJ231,RNA-seq,Illumina NovaSeq X,Liver,bam,GTOP-AJ231-1053.bam,11921.9,f779ecbe-4051-42ea-bc70-372c55bb1d34
GTOP-AJ231,RNA-seq,Illumina NovaSeq X,Pancreas_Head,bam,GTOP-AJ231-1108.bam,15611,f17f5baf-52e1-49fa-9f63-a401d6581c96
GTOP-AJ231,RNA-seq,Illumina NovaSeq X,Pancreas_Body,bam,GTOP-AJ231-1236.bam,10076.4,92d62d0e-ac7c-4653-8e41-7939d7d20527
GTOP-AJ231,RNA-seq,Illumina NovaSeq X,Pancreas_Tail,bam,GTOP-AJ231-1392.bam,9302.3,7658472f-0f7d-4788-93ce-1a93e083537e
GTOP-AJ231,RNA-seq,Illumina NovaSeq X,Adrenal_Gland,bam,GTOP-AJ231-2099.bam,9798.2,09da69a6-d6ec-426a-8dd3-c009b31c475c
GTOP-AK091,RNA-seq,Illumina NovaSeq X,Muscle,bam,GTOP-AK091-0087.bam,10359.3,4140f6eb-c4de-4ab3-b6c9-16fafb50a659
GTOP-AK091,RNA-seq,Illumina NovaSeq X,Skin,bam,GTOP-AK091-0262.bam,7209.4,50eecdcb-d147-46ed-ad6a-827c181f68aa
GTOP-AK091,RNA-seq,Illumina NovaSeq X,Whole_Blood,bam,GTOP-AK091-0378.bam,5627.1,3780e665-7195-4930-8382-5076812611ed
GTOP-AK091,RNA-seq,Illumina NovaSeq X,Liver,bam,GTOP-AK091-1053.bam,10115.8,76fca304-9f7a-4147-be71-9e72744bdf7b
GTOP-AK091,RNA-seq,Illumina NovaSeq X,Pancreas_Head,bam,GTOP-AK091-1108.bam,9989.2,7f56b28b-d946-448f-b0fe-feddb4b69ab6
GTOP-AK091,RNA-seq,Illumina NovaSeq X,Pancreas_Body,bam,GTOP-AK091-1236.bam,10764.6,45a0dee6-ba4b-4169-97e6-5f004654d36d
GTOP-AK091,RNA-seq,Illumina NovaSeq X,Pancreas_Tail,bam,GTOP-AK091-1392.bam,9870.8,340335c1-312b-4993-aa33-15cf59e4bc2d
GTOP-AK091,RNA-seq,Illumina NovaSeq X,Small_Intestine,bam,GTOP-AK091-1470.bam,13137.1,847fd838-c62d-4e40-b5ed-d2080511cbfc
GTOP-AK091,RNA-seq,Illumina NovaSeq X,Colon,bam,GTOP-AK091-1584.bam,10728.8,e659dc93-945a-40ea-a291-3883755e34d7
GTOP-AK091,RNA-seq,Illumina NovaSeq X,Stomach,bam,GTOP-AK091-1601.bam,10342.9,0b75a06a-7a12-42d9-9a37-e494525670aa
GTOP-AK091,RNA-seq,Illumina NovaSeq X,Esophagus,bam,GTOP-AK091-1710.bam,11040.4,25ad9442-8098-4bd2-9034-a3c4fb0c4767
GTOP-AK091,RNA-seq,Illumina NovaSeq X,Gallbladder,bam,GTOP-AK091-1856.bam,11509.2,e5f4a1ba-223e-49ce-914e-b74b82236c13
GTOP-AK091,RNA-seq,Illumina NovaSeq X,Adrenal_Gland,bam,GTOP-AK091-2099.bam,10177,7ad23c78-bc85-40f2-bd17-7684245f2fd6
GTOP-AK091,RNA-seq,Illumina NovaSeq X,Spleen,bam,GTOP-AK091-3082.bam,10344.5,1b4cecf5-6af8-42e1-bebc-dcc552b69580
GTOP-AK091,RNA-seq,Illumina NovaSeq X,Heart_Left_Ventricle,bam,GTOP-AK091-4002.bam,9650.2,0a85e698-add8-4c8f-8d64-aff26e953ed8
GTOP-AK091,RNA-seq,Illumina NovaSeq X,Heart_Right_Ventricle,bam,GTOP-AK091-4003.bam,8674.6,a0c59b10-3a2b-4eff-ad11-12c42759e970
GTOP-AK091,RNA-seq,Illumina NovaSeq X,Heart_Right_Atrium,bam,GTOP-AK091-4018.bam,9173.1,e99e8a4c-7b01-438a-a96b-0919bc6dc609
GTOP-AK091,RNA-seq,Illumina NovaSeq X,Heart_Left_Atrium,bam,GTOP-AK091-4019.bam,9064.3,c9b3be5d-c681-4341-8252-cc7983fbc247
GTOP-AK091,RNA-seq,Illumina NovaSeq X,Heart_Mitral_Valve,bam,GTOP-AK091-4022.bam,12786.9,f9c5137e-8160-4e19-a099-c796bf38ea4b
GTOP-AK091,RNA-seq,Illumina NovaSeq X,Heart_Tricuspid_Valve,bam,GTOP-AK091-4023.bam,14114.6,5fcaf23f-e688-4755-b89f-f5097613b005
GTOP-AK092,RNA-seq,Illumina NovaSeq X,Whole_Blood,bam,GTOP-AK092-0378.bam,10034.8,622d110b-62e9-4ccc-b20d-7858d958757d
GTOP-AK092,RNA-seq,Illumina NovaSeq X,Liver,bam,GTOP-AK092-1053.bam,10502.7,b5fd9b8d-29b8-4613-a671-35b36cccd3a6
GTOP-AK092,RNA-seq,Illumina NovaSeq X,Pancreas_Head,bam,GTOP-AK092-1108.bam,12250.5,700ea086-4e4e-4b06-9aaf-59b95ed70884
GTOP-AK092,RNA-seq,Illumina NovaSeq X,Pancreas_Body,bam,GTOP-AK092-1236.bam,10986.5,c54a4c96-a826-4d16-8242-0db62522d81f
GTOP-AK092,RNA-seq,Illumina NovaSeq X,Pancreas_Tail,bam,GTOP-AK092-1392.bam,9957.2,cabb9ff8-0d16-4faa-970e-a14f60745083
GTOP-AK111,RNA-seq,Illumina NovaSeq X,Adipose,bam,GTOP-AK111-0160.bam,10459.6,50e8ae32-42fe-42ce-b47b-3a57dc4bcb8a
GTOP-AK111,RNA-seq,Illumina NovaSeq X,Whole_Blood,bam,GTOP-AK111-0378.bam,10147.6,e7800461-2d97-4b14-a776-acdc09f24627
GTOP-AK111,RNA-seq,Illumina NovaSeq X,Liver,bam,GTOP-AK111-1053.bam,9766,042fb2a1-402c-4c2b-a8a8-d768e6a71109
GTOP-AK111,RNA-seq,Illumina NovaSeq X,Pancreas_Head,bam,GTOP-AK111-1108.bam,10947.9,ca841602-c163-4063-8b9b-749c9315e7d7
GTOP-AK111,RNA-seq,Illumina NovaSeq X,Pancreas_Body,bam,GTOP-AK111-1236.bam,9711,2eb29022-4d8c-4f26-a19b-262422934e0d
GTOP-AK111,RNA-seq,Illumina NovaSeq X,Pancreas_Tail,bam,GTOP-AK111-1392.bam,11647.6,4e48557a-2db5-4277-9f35-af3b22501a8c
GTOP-AK111,RNA-seq,Illumina NovaSeq X,Gallbladder,bam,GTOP-AK111-1856.bam,12336.8,72e37833-ec88-4c40-b9f9-1dc2f7599ffd
GTOP-AK111,RNA-seq,Illumina NovaSeq X,Adrenal_Gland,bam,GTOP-AK111-2099.bam,10300.2,e524f945-4c0e-4fd8-93e4-4cc1281839c1
GTOP-AK112,RNA-seq,Illumina NovaSeq X,Muscle,bam,GTOP-AK112-0087.bam,12089.8,174cb03a-2d23-4bf3-85ad-f2238ccffaef
GTOP-AK112,RNA-seq,Illumina NovaSeq X,Adipose,bam,GTOP-AK112-0160.bam,13343.1,2615025f-434d-42c4-9a3e-26ee91f258ab
GTOP-AK112,RNA-seq,Illumina NovaSeq X,Whole_Blood,bam,GTOP-AK112-0378.bam,10083,2062c8d7-ac6b-4ec5-bd96-a58c6958a2d0
GTOP-AK112,RNA-seq,Illumina NovaSeq X,Liver,bam,GTOP-AK112-1053.bam,10198.1,9e60df55-f9c6-492b-b4bc-130a99debeda
GTOP-AK112,RNA-seq,Illumina NovaSeq X,Small_Intestine,bam,GTOP-AK112-1470.bam,9508.7,d24ddb1b-e5f9-4d13-9a38-16c05eaf3ff0
GTOP-AK112,RNA-seq,Illumina NovaSeq X,Colon,bam,GTOP-AK112-1584.bam,10367.6,b78f334b-b3d4-433e-8bdb-6917a8250b8b
GTOP-AK112,RNA-seq,Illumina NovaSeq X,Stomach,bam,GTOP-AK112-1601.bam,10926.8,b8d43036-97e4-459c-b788-96d46528d88e
GTOP-AK112,RNA-seq,Illumina NovaSeq X,Esophagus,bam,GTOP-AK112-1710.bam,10577.8,0cfcf01e-eb31-43dd-8b01-5c1d267d0039
GTOP-AK112,RNA-seq,Illumina NovaSeq X,Gallbladder,bam,GTOP-AK112-1856.bam,10527.9,f8ef5356-54af-4e52-a31c-dc18883abd4a
GTOP-AK112,RNA-seq,Illumina NovaSeq X,Adrenal_Gland,bam,GTOP-AK112-2099.bam,8994.4,6b45b76e-eece-41b3-bc21-ddd8488926cf
GTOP-AK112,RNA-seq,Illumina NovaSeq X,Spleen,bam,GTOP-AK112-3082.bam,10744.6,4bf97369-71cb-48a7-b048-ec6cbc0f31bd
GTOP-AK112,RNA-seq,Illumina NovaSeq X,Heart_Left_Ventricle,bam,GTOP-AK112-4002.bam,10242.8,5f72ba1d-e64d-4139-b5a0-4bbe17995ac5
GTOP-AK112,RNA-seq,Illumina NovaSeq X,Heart_Right_Ventricle,bam,GTOP-AK112-4003.bam,11580.3,6214eabd-80aa-4a10-a1f4-5ea2265d5630
GTOP-AK112,RNA-seq,Illumina NovaSeq X,Heart_Right_Atrium,bam,GTOP-AK112-4018.bam,9009.4,c0c080e9-5a06-495a-8d3d-ec8d47776912
GTOP-AK112,RNA-seq,Illumina NovaSeq X,Heart_Left_Atrium,bam,GTOP-AK112-4019.bam,10712.2,d2963927-eea9-4cde-931b-0cfc0646987f
GTOP-AK112,RNA-seq,Illumina NovaSeq X,Heart_Mitral_Valve,bam,GTOP-AK112-4022.bam,11376.1,2c9f94cd-abba-4312-b634-5e4c38af1178
GTOP-AK112,RNA-seq,Illumina NovaSeq X,Heart_Tricuspid_Valve,bam,GTOP-AK112-4023.bam,13086.3,58cd36a3-2f4a-49d9-b9a7-177e79b93733
GTOP-AK112,RNA-seq,Illumina NovaSeq X,Lung_Base,bam,GTOP-AK112-5032.bam,10839.7,37a8ee2a-f232-4607-8512-74c092ea1567
GTOP-AK112,RNA-seq,Illumina NovaSeq X,Lung_Apex,bam,GTOP-AK112-5156.bam,11156.8,27e59dc9-96d4-48a6-a5cd-a92905ecd008
GTOP-AK112,RNA-seq,Illumina NovaSeq X,Skin,bam,GTOP-AK112-0262.bam,8899.8,c30c6e37-87ca-4dfa-8cc7-d1a06858b29e
GTOP-AK221,RNA-seq,Illumina NovaSeq X,Adipose,bam,GTOP-AK221-0160.bam,11688.7,172247b7-23d7-49fa-8716-dfb6a0b87eb7
GTOP-AK221,RNA-seq,Illumina NovaSeq X,Whole_Blood,bam,GTOP-AK221-0378.bam,10109.4,79728e86-a75e-4666-97ac-745174e12e89
GTOP-AK221,RNA-seq,Illumina NovaSeq X,Liver,bam,GTOP-AK221-1053.bam,10970.1,348c59c3-a3dc-4028-9f48-c3f119638321
GTOP-AK221,RNA-seq,Illumina NovaSeq X,Adrenal_Gland,bam,GTOP-AK221-2099.bam,9924.8,317e361b-6887-4491-b576-71044b2b7ee6
GTOP-AK231,RNA-seq,Illumina NovaSeq X,Muscle,bam,GTOP-AK231-0087.bam,11024,9b5440d4-e273-42da-805e-c4792bb61318
GTOP-AK231,RNA-seq,Illumina NovaSeq X,Adipose,bam,GTOP-AK231-0160.bam,12883.4,ab54cd34-70f8-4aa1-b8b1-e62142882bf6
GTOP-AK231,RNA-seq,Illumina NovaSeq X,Skin,bam,GTOP-AK231-0262.bam,6906.7,28bc8b69-8e5e-452f-8ee1-5f96a96aca89
GTOP-AK231,RNA-seq,Illumina NovaSeq X,Whole_Blood,bam,GTOP-AK231-0378.bam,9585.9,7a4224a3-3e97-447e-8f0e-9659b84fea4e
GTOP-AK231,RNA-seq,Illumina NovaSeq X,Liver,bam,GTOP-AK231-1053.bam,10281.7,50e165ec-eaf7-463b-ac2e-387e767a91b9
GTOP-AK231,RNA-seq,Illumina NovaSeq X,Pancreas_Head,bam,GTOP-AK231-1108.bam,10256.8,b83831ef-160e-458c-b8dd-ab2e10312cd5
GTOP-AK231,RNA-seq,Illumina NovaSeq X,Pancreas_Body,bam,GTOP-AK231-1236.bam,12341.1,ef946c54-350e-4058-821d-7b5a6920dea9
GTOP-AK231,RNA-seq,Illumina NovaSeq X,Pancreas_Tail,bam,GTOP-AK231-1392.bam,10148.7,446d36c8-2a20-4687-8442-671c103b74b4
GTOP-AK231,RNA-seq,Illumina NovaSeq X,Esophagus,bam,GTOP-AK231-1710.bam,10746.6,317bbe9a-0e59-4f58-a4bb-e3db16440910
GTOP-AK231,RNA-seq,Illumina NovaSeq X,Spleen,bam,GTOP-AK231-3082.bam,11082.6,76243f75-6c93-48c0-9dcb-bade23c7fe01
GTOP-AK231,RNA-seq,Illumina NovaSeq X,Heart_Left_Ventricle,bam,GTOP-AK231-4002.bam,10249,25b4c101-be57-4d6f-b6ea-3ee0923ea1e5
GTOP-AK231,RNA-seq,Illumina NovaSeq X,Heart_Right_Ventricle,bam,GTOP-AK231-4003.bam,9463.5,5d18e0de-4062-4145-b6bb-2b0b2d28642d
GTOP-AK231,RNA-seq,Illumina NovaSeq X,Heart_Right_Atrium,bam,GTOP-AK231-4018.bam,9747,e161e94a-816b-4b49-acf2-80475bb8c512
GTOP-AK231,RNA-seq,Illumina NovaSeq X,Heart_Left_Atrium,bam,GTOP-AK231-4019.bam,9774.7,9286bf04-c8be-44f8-9b33-7f2e948e2e77
GTOP-AK231,RNA-seq,Illumina NovaSeq X,Heart_Mitral_Valve,bam,GTOP-AK231-4022.bam,10698.9,632e65f6-c51d-49d2-85b1-abb8f3ec606e
GTOP-AK231,RNA-seq,Illumina NovaSeq X,Heart_Tricuspid_Valve,bam,GTOP-AK231-4023.bam,11240.2,89ef74cb-39d9-47f0-873a-703ee5f8f841
GTOP-AK231,RNA-seq,Illumina NovaSeq X,Thoracic_Aorta,bam,GTOP-AK231-4149.bam,11505.5,275e261e-79d8-4182-bb24-e1252d6123e0
GTOP-AK231,RNA-seq,Illumina NovaSeq X,Aortic_Arch,bam,GTOP-AK231-4155.bam,13074.3,c4d9d7fb-6346-48fa-ae0c-a58e72740928
GTOP-AK231,RNA-seq,Illumina NovaSeq X,Lung_Base,bam,GTOP-AK231-5032.bam,10863.3,8c291ee1-f4ce-47be-a0da-8c9f840659ad
GTOP-AK281,RNA-seq,Illumina NovaSeq X,Adipose,bam,GTOP-AK281-0160.bam,12041.2,a52d55d8-6d78-4c88-89a6-41d55a4ee21d
GTOP-AK281,RNA-seq,Illumina NovaSeq X,Whole_Blood,bam,GTOP-AK281-0378.bam,9047.8,1cd2f006-94ef-449d-8ae7-823491e48463
GTOP-AK281,RNA-seq,Illumina NovaSeq X,Liver,bam,GTOP-AK281-1053.bam,10126.7,276921a2-6316-4dc6-ae2e-55c1691c4426
GTOP-AK281,RNA-seq,Illumina NovaSeq X,Pancreas_Head,bam,GTOP-AK281-1108.bam,10473.3,8254d8b9-68f0-48f9-9073-a8163b1df170
GTOP-AK281,RNA-seq,Illumina NovaSeq X,Pancreas_Body,bam,GTOP-AK281-1236.bam,9767.1,b607917d-eef2-4753-ba2d-99c0766c51b6
GTOP-AK281,RNA-seq,Illumina NovaSeq X,Pancreas_Tail,bam,GTOP-AK281-1392.bam,12650,cf6e24e8-d2d0-4c6e-bb14-c50803034a3a
GTOP-AK281,RNA-seq,Illumina NovaSeq X,Adrenal_Gland,bam,GTOP-AK281-2099.bam,10101,9ab2f492-3d31-417f-906c-8d81b2570e9c
GTOP-AL091,RNA-seq,Illumina NovaSeq X,Adipose,bam,GTOP-AL091-0160.bam,11022.6,9bd098ac-e9c1-455f-bbfe-74aed55ac32a
GTOP-AL091,RNA-seq,Illumina NovaSeq X,Whole_Blood,bam,GTOP-AL091-0378.bam,8111.5,e5446727-5765-424b-9125-dfb5e3274202
GTOP-AL091,RNA-seq,Illumina NovaSeq X,Liver,bam,GTOP-AL091-1053.bam,11595.5,487398ae-b595-4fc3-a374-a1283ec11fe2
GTOP-AL091,RNA-seq,Illumina NovaSeq X,Gallbladder,bam,GTOP-AL091-1856.bam,11291.1,6093fe66-5069-4b01-90ab-7ed5d4a2d014
GTOP-AL091,RNA-seq,Illumina NovaSeq X,Adrenal_Gland,bam,GTOP-AL091-2099.bam,10425.5,d897c8ad-518a-4881-b3af-f7bef04c29aa
GTOP-AL121,RNA-seq,Illumina NovaSeq X,Adipose,bam,GTOP-AL121-0160.bam,11054.5,74d72b56-e2ad-4e43-b7ec-ba897c71417d
GTOP-AL121,RNA-seq,Illumina NovaSeq X,Whole_Blood,bam,GTOP-AL121-0378.bam,11062.8,8f4ab7cd-a988-43ce-aad2-458a3fff823d
GTOP-AL121,RNA-seq,Illumina NovaSeq X,Liver,bam,GTOP-AL121-1053.bam,9998.3,8d2a4d41-b08f-4ee2-9aa3-00ff72f6506e
GTOP-AL121,RNA-seq,Illumina NovaSeq X,Pancreas_Head,bam,GTOP-AL121-1108.bam,11876.1,3ad718ca-83ad-410e-b2a6-fbcc5f4eb77d
GTOP-AL121,RNA-seq,Illumina NovaSeq X,Pancreas_Body,bam,GTOP-AL121-1236.bam,12705.3,1a6f291f-2929-4be0-b62e-adc8f42dffe5
GTOP-AL121,RNA-seq,Illumina NovaSeq X,Pancreas_Tail,bam,GTOP-AL121-1392.bam,10219.3,07afedf7-b486-4b4d-a5c9-e0b13f3ab6eb
GTOP-AL121,RNA-seq,Illumina NovaSeq X,Gallbladder,bam,GTOP-AL121-1856.bam,9916,f28e3650-4bfb-4dd0-afa8-9563d5aad018
GTOP-AL121,RNA-seq,Illumina NovaSeq X,Adrenal_Gland,bam,GTOP-AL121-2099.bam,9583.2,ee78e527-175a-4299-9d4c-86b19d98654c
GTOP-AL271,RNA-seq,Illumina NovaSeq X,Adipose,bam,GTOP-AL271-0160.bam,12152,cd7d0a85-8c6f-40da-b7b1-880a8b1d9ace
GTOP-AL271,RNA-seq,Illumina NovaSeq X,Whole_Blood,bam,GTOP-AL271-0378.bam,9812.3,a9a99e61-87cb-466c-a62d-54eae064da09
GTOP-AL271,RNA-seq,Illumina NovaSeq X,Liver,bam,GTOP-AL271-1053.bam,10587.2,f75ad47d-a934-43da-bfae-da6f31846fe7
GTOP-AL271,RNA-seq,Illumina NovaSeq X,Pancreas_Head,bam,GTOP-AL271-1108.bam,10428.7,b45a826d-6371-4120-b3ed-b27b6934c6b0
GTOP-AL271,RNA-seq,Illumina NovaSeq X,Pancreas_Body,bam,GTOP-AL271-1236.bam,10854,8fd5b9d9-5023-4d1f-946a-854d6d8a8905
GTOP-AL271,RNA-seq,Illumina NovaSeq X,Pancreas_Tail,bam,GTOP-AL271-1392.bam,11627.6,92e01392-d734-433b-9fdd-54b3bf6cc43c
GTOP-AL271,RNA-seq,Illumina NovaSeq X,Gallbladder,bam,GTOP-AL271-1856.bam,10597.8,f377a8f3-2b5e-4388-98ff-692a05d2eff3
GTOP-AL271,RNA-seq,Illumina NovaSeq X,Adrenal_Gland,bam,GTOP-AL271-2099.bam,11910.6,257a72ba-bb86-4499-bf33-08470b7500b5
GTOP-BA041,RNA-seq,Illumina NovaSeq X,Adipose,bam,GTOP-BA041-0160.bam,12133.7,b96d28af-112f-441c-a03a-1873926f24fd
GTOP-BA041,RNA-seq,Illumina NovaSeq X,Whole_Blood,bam,GTOP-BA041-0378.bam,9319.3,745d5383-61a8-4bbc-823f-65a7d4299b6f
GTOP-BA041,RNA-seq,Illumina NovaSeq X,Liver,bam,GTOP-BA041-1053.bam,10341.3,9cfd8e4a-e8a0-4cd8-9cd1-389ceb37fe0c
GTOP-BA041,RNA-seq,Illumina NovaSeq X,Pancreas_Head,bam,GTOP-BA041-1108.bam,11919.4,2aaaa4e7-7fc3-496a-a404-e97fc4cf8c46
GTOP-BA041,RNA-seq,Illumina NovaSeq X,Pancreas_Body,bam,GTOP-BA041-1236.bam,12661.2,781e7668-26d5-4d52-ae48-36d863d08040
GTOP-BA041,RNA-seq,Illumina NovaSeq X,Pancreas_Tail,bam,GTOP-BA041-1392.bam,12349.3,75e1a0f3-039a-4305-83d7-de9359ba458a
GTOP-BA041,RNA-seq,Illumina NovaSeq X,Adrenal_Gland,bam,GTOP-BA041-2099.bam,10329.9,b1ca3377-deef-422c-af65-e286c6918223
GTOP-BA081,RNA-seq,Illumina NovaSeq X,Adipose,bam,GTOP-BA081-0160.bam,13501.2,44c01231-a168-4c60-b7e7-095a9ab444cc
GTOP-BA081,RNA-seq,Illumina NovaSeq X,Whole_Blood,bam,GTOP-BA081-0378.bam,9807.7,86b358c2-612a-4374-a450-ff810c82db12
GTOP-BA081,RNA-seq,Illumina NovaSeq X,Pancreas_Head,bam,GTOP-BA081-1108.bam,11834.3,35a0b3df-4c07-412c-8d22-d4eb9511db3e
GTOP-BA081,RNA-seq,Illumina NovaSeq X,Pancreas_Body,bam,GTOP-BA081-1236.bam,11624.5,09dd26fc-61ac-4d06-b0e1-507a690e10c3
GTOP-BA081,RNA-seq,Illumina NovaSeq X,Pancreas_Tail,bam,GTOP-BA081-1392.bam,16505.4,16fe0b75-e0df-433c-b2ac-9c7fdca42cf2
GTOP-BA081,RNA-seq,Illumina NovaSeq X,Gallbladder,bam,GTOP-BA081-1856.bam,11405.8,5e5e7dc9-32e6-40f5-bdbc-8a1591a3cabc
GTOP-BA082,RNA-seq,Illumina NovaSeq X,Adipose,bam,GTOP-BA082-0160.bam,12209.1,8a0c74bd-d036-40c0-ba55-f15199b87526
GTOP-BA082,RNA-seq,Illumina NovaSeq X,Whole_Blood,bam,GTOP-BA082-0378.bam,10257.9,fd6aa450-0444-4d1c-b092-0719b79131f1
GTOP-BA082,RNA-seq,Illumina NovaSeq X,Liver,bam,GTOP-BA082-1053.bam,10833.4,fc58dbef-819c-4415-9ec8-aabe2db4b388
GTOP-BA082,RNA-seq,Illumina NovaSeq X,Pancreas_Head,bam,GTOP-BA082-1108.bam,10476.3,c117d4cc-21d4-4c7c-856f-160a5d5f55a9
GTOP-BA082,RNA-seq,Illumina NovaSeq X,Pancreas_Body,bam,GTOP-BA082-1236.bam,6418.6,405dd033-b93f-4188-b362-6282ce1c1019
GTOP-BA082,RNA-seq,Illumina NovaSeq X,Pancreas_Tail,bam,GTOP-BA082-1392.bam,10447,10f22321-8266-4135-be50-b5790d7e0440
GTOP-BA082,RNA-seq,Illumina NovaSeq X,Gallbladder,bam,GTOP-BA082-1856.bam,10396.3,8c8d3342-0f62-493e-9674-d035e75bc0f9
GTOP-BA082,RNA-seq,Illumina NovaSeq X,Adrenal_Gland,bam,GTOP-BA082-2099.bam,8795.9,92264cb2-0582-4854-83d5-1a52903a8bf4
GTOP-BA091,RNA-seq,Illumina NovaSeq X,Adipose,bam,GTOP-BA091-0160.bam,11640.3,34684cee-0e17-4bfd-9e4c-056c40cf3a61
GTOP-BA091,RNA-seq,Illumina NovaSeq X,Whole_Blood,bam,GTOP-BA091-0378.bam,10998,eb6b758d-bbd3-43c6-b67c-5efa722fccd2
GTOP-BA091,RNA-seq,Illumina NovaSeq X,Liver,bam,GTOP-BA091-1053.bam,11392.8,87a53fef-9aef-4ed0-bccf-035cd4b71a8e
GTOP-BA091,RNA-seq,Illumina NovaSeq X,Pancreas_Head,bam,GTOP-BA091-1108.bam,11059.8,4924fd1e-96e4-4813-93b9-7b456373547c
GTOP-BA091,RNA-seq,Illumina NovaSeq X,Pancreas_Body,bam,GTOP-BA091-1236.bam,11197.5,51d55982-07b8-4e00-8ad0-ab2747515f84
GTOP-BA091,RNA-seq,Illumina NovaSeq X,Pancreas_Tail,bam,GTOP-BA091-1392.bam,12375.4,cb89c892-499c-422e-9bb5-f599f617cb82
GTOP-BA091,RNA-seq,Illumina NovaSeq X,Adrenal_Gland,bam,GTOP-BA091-2099.bam,11305.9,c2c62104-852d-4861-965e-bf4d8f768757
GTOP-BA101,RNA-seq,Illumina NovaSeq X,Adipose,bam,GTOP-BA101-0160.bam,12100.3,a354d538-9658-4d38-8849-4927457df334
GTOP-BA101,RNA-seq,Illumina NovaSeq X,Whole_Blood,bam,GTOP-BA101-0378.bam,9574,136d325c-96ef-48e4-aacb-4c3b93799ab4
GTOP-BA101,RNA-seq,Illumina NovaSeq X,Pancreas_Head,bam,GTOP-BA101-1108.bam,11137,631ba039-c8cf-4648-848d-4e2daf94f735
GTOP-BA101,RNA-seq,Illumina NovaSeq X,Pancreas_Tail,bam,GTOP-BA101-1392.bam,13038,55df9fb5-e88e-4a5d-88ee-13de2a848eca
GTOP-BA101,RNA-seq,Illumina NovaSeq X,Gallbladder,bam,GTOP-BA101-1856.bam,12217.1,9eb1e7e0-3c71-4f8a-ac0a-19ab12568520
GTOP-BA101,RNA-seq,Illumina NovaSeq X,Adrenal_Gland,bam,GTOP-BA101-2099.bam,11431.3,2f6bc9ac-f503-44b6-bca0-7d21f4661d8c
GTOP-BA102,RNA-seq,Illumina NovaSeq X,Adipose,bam,GTOP-BA102-0160.bam,14123.7,55b6bd27-064d-4115-96a6-2a6b069586cc
GTOP-BA102,RNA-seq,Illumina NovaSeq X,Whole_Blood,bam,GTOP-BA102-0378.bam,9803.1,9dec8888-4355-48db-8208-12cc6c9aef1c
GTOP-BA102,RNA-seq,Illumina NovaSeq X,Liver,bam,GTOP-BA102-1053.bam,10983.7,04b1a6b6-976d-4657-96d4-64c83c9668b2
GTOP-BA102,RNA-seq,Illumina NovaSeq X,Pancreas_Head,bam,GTOP-BA102-1108.bam,12806.4,31006215-0780-46bd-bf50-e221bab79507
GTOP-BA102,RNA-seq,Illumina NovaSeq X,Pancreas_Tail,bam,GTOP-BA102-1392.bam,12669.3,0d349105-6c1f-4b97-96ab-74b400b93371
GTOP-BA102,RNA-seq,Illumina NovaSeq X,Gallbladder,bam,GTOP-BA102-1856.bam,14277.6,26ad5897-1e99-4c0c-9674-6f1b0a6eca75
GTOP-BA102,RNA-seq,Illumina NovaSeq X,Adrenal_Gland,bam,GTOP-BA102-2099.bam,11609.3,d3d575df-b547-49c1-be46-6fdab376bbb7
GTOP-BA131,RNA-seq,Illumina NovaSeq X,Adipose,bam,GTOP-BA131-0160.bam,11815.5,da718b64-64ba-43b1-a548-cad2f0c04048
GTOP-BA131,RNA-seq,Illumina NovaSeq X,Whole_Blood,bam,GTOP-BA131-0378.bam,10453.1,e7a17594-3575-4b6b-bc8d-ba0c00e6383e
GTOP-BA131,RNA-seq,Illumina NovaSeq X,Liver,bam,GTOP-BA131-1053.bam,11476.9,31113fcf-20be-4c86-ad56-55551edd9c34
GTOP-BA131,RNA-seq,Illumina NovaSeq X,Pancreas_Head,bam,GTOP-BA131-1108.bam,12469.2,f2b08d0f-af99-4266-a369-c10bcaa53906
GTOP-BA131,RNA-seq,Illumina NovaSeq X,Pancreas_Body,bam,GTOP-BA131-1236.bam,12348.1,82fe241c-6de1-40cf-a2a6-cb10bfd48da9
GTOP-BA131,RNA-seq,Illumina NovaSeq X,Pancreas_Tail,bam,GTOP-BA131-1392.bam,12571.9,94d48303-1483-47a6-95f9-98afd650d607
GTOP-BA131,RNA-seq,Illumina NovaSeq X,Gallbladder,bam,GTOP-BA131-1856.bam,12041.5,2b1b60ce-6360-4e91-9f94-dd35c935a65e
GTOP-BA131,RNA-seq,Illumina NovaSeq X,Adrenal_Gland,bam,GTOP-BA131-2099.bam,11367.4,2dce6166-5bfa-467d-a2d7-c1a8213b868e
GTOP-BA132,RNA-seq,Illumina NovaSeq X,Adipose,bam,GTOP-BA132-0160.bam,11714.2,058cabe1-4915-4bb1-af18-4176cdf8b853
GTOP-BA132,RNA-seq,Illumina NovaSeq X,Whole_Blood,bam,GTOP-BA132-0378.bam,10678.1,249da975-95ac-4ed3-a83d-00babd456f67
GTOP-BA132,RNA-seq,Illumina NovaSeq X,Liver,bam,GTOP-BA132-1053.bam,10112.4,23da634d-074a-4713-915d-aa82203b7367
GTOP-BA132,RNA-seq,Illumina NovaSeq X,Pancreas_Head,bam,GTOP-BA132-1108.bam,11731.2,cd6c82c3-112a-4ccb-b480-f07cf6c8f4f8
GTOP-BA132,RNA-seq,Illumina NovaSeq X,Pancreas_Body,bam,GTOP-BA132-1236.bam,11510.7,232130a2-57cb-488a-849d-bf96d4c9a2c0
GTOP-BA132,RNA-seq,Illumina NovaSeq X,Pancreas_Tail,bam,GTOP-BA132-1392.bam,11144,63b2d5fa-d62a-46ac-aac5-9d64fc7cde20
GTOP-BA132,RNA-seq,Illumina NovaSeq X,Gallbladder,bam,GTOP-BA132-1856.bam,13453.7,3641553d-0059-44d9-9eee-2dbb67149a08
GTOP-BA181,RNA-seq,Illumina NovaSeq X,Whole_Blood,bam,GTOP-BA181-0378.bam,11763.9,4466a85d-4bb8-48b4-a98b-29d3b87f10a6
GTOP-BA181,RNA-seq,Illumina NovaSeq X,Pancreas_Head,bam,GTOP-BA181-1108.bam,12584.4,b40c2cf8-95f9-4a26-a7b0-5997ae775582
GTOP-BA181,RNA-seq,Illumina NovaSeq X,Pancreas_Body,bam,GTOP-BA181-1236.bam,11764.3,0d06be60-8a4f-4ada-bd28-c5a8ff4044f3
GTOP-BA181,RNA-seq,Illumina NovaSeq X,Pancreas_Tail,bam,GTOP-BA181-1392.bam,11567,fe490562-dbc8-4ae5-868d-46a974b347e8
GTOP-BA181,RNA-seq,Illumina NovaSeq X,Gallbladder,bam,GTOP-BA181-1856.bam,11626.8,9dd6ff2b-99f9-4d53-b41f-27982fd7b72e
GTOP-BA181,RNA-seq,Illumina NovaSeq X,Adrenal_Gland,bam,GTOP-BA181-2099.bam,12257.6,19805a92-66be-4b2d-b0f3-28df35df4b10
GTOP-BA191,RNA-seq,Illumina NovaSeq X,Adipose,bam,GTOP-BA191-0160.bam,13495,847ef2b7-4a1d-438c-84f0-fb91f0d14761
GTOP-BA191,RNA-seq,Illumina NovaSeq X,Whole_Blood,bam,GTOP-BA191-0378.bam,11436.9,7815f57d-9faa-44bf-975d-de5eb37bdc79
GTOP-BA191,RNA-seq,Illumina NovaSeq X,Liver,bam,GTOP-BA191-1053.bam,18271.2,ac3dff91-3ed6-4cbd-bb99-141bfc12ece5
GTOP-BA191,RNA-seq,Illumina NovaSeq X,Pancreas_Head,bam,GTOP-BA191-1108.bam,13415.8,e2eef8c2-7db0-499c-b890-cea3f819261f
GTOP-BA191,RNA-seq,Illumina NovaSeq X,Pancreas_Body,bam,GTOP-BA191-1236.bam,10479.7,21e83eb9-f45c-4584-914c-fcae7a607967
GTOP-BA191,RNA-seq,Illumina NovaSeq X,Pancreas_Tail,bam,GTOP-BA191-1392.bam,13640.8,a4424c2c-3d42-42eb-93cf-b7bc52c2cee9
GTOP-BA191,RNA-seq,Illumina NovaSeq X,Gallbladder,bam,GTOP-BA191-1856.bam,11694.3,556972bd-0f1b-4fb5-8413-bee119b0f105
GTOP-BA191,RNA-seq,Illumina NovaSeq X,Adrenal_Gland,bam,GTOP-BA191-2099.bam,10915.2,8e63837f-6efd-4559-8443-ef45a2441240
GTOP-BA211,RNA-seq,Illumina NovaSeq X,Adipose,bam,GTOP-BA211-0160.bam,10939.5,ee2eaa70-8756-4b4d-bdbe-d1d292a20ed0
GTOP-BA211,RNA-seq,Illumina NovaSeq X,Whole_Blood,bam,GTOP-BA211-0378.bam,5864,c3a09bb8-17f5-4b76-9b22-b5717e7b803c
GTOP-BA211,RNA-seq,Illumina NovaSeq X,Liver,bam,GTOP-BA211-1053.bam,10307.6,dc25ae72-5baa-49a7-a75f-055b9a62429f
GTOP-BA211,RNA-seq,Illumina NovaSeq X,Pancreas_Head,bam,GTOP-BA211-1108.bam,11825,440b3659-bcd6-4a6b-8d41-f6c9ecc08aec
GTOP-BA211,RNA-seq,Illumina NovaSeq X,Pancreas_Body,bam,GTOP-BA211-1236.bam,11460.1,3d1ee176-68a8-4c94-8642-666826206773
GTOP-BA211,RNA-seq,Illumina NovaSeq X,Pancreas_Tail,bam,GTOP-BA211-1392.bam,12597.6,496f5c7f-6ede-4e72-8ab8-549995fc61e6
GTOP-BA211,RNA-seq,Illumina NovaSeq X,Gallbladder,bam,GTOP-BA211-1856.bam,12366.1,b08423db-33b1-4310-9d17-296e92df17c1
GTOP-BA211,RNA-seq,Illumina NovaSeq X,Adrenal_Gland,bam,GTOP-BA211-2099.bam,10598.2,ec563e07-3124-452b-a972-9ef0e50e9182
GTOP-BA231,RNA-seq,Illumina NovaSeq X,Muscle,bam,GTOP-BA231-0087.bam,11426.6,3e8b1cd5-bcd1-4b84-ad7a-dcf78cb1f0d8
GTOP-BA231,RNA-seq,Illumina NovaSeq X,Adipose,bam,GTOP-BA231-0160.bam,14119.5,130e04f3-0fd5-402f-a532-0dcb6645864c
GTOP-BA231,RNA-seq,Illumina NovaSeq X,Skin,bam,GTOP-BA231-0262.bam,9390.5,786f5d8e-0eba-4186-bc88-26ecda4d7c4b
GTOP-BA231,RNA-seq,Illumina NovaSeq X,Whole_Blood,bam,GTOP-BA231-0378.bam,11246.3,93400e17-15b2-45bb-b295-58ab81c29733
GTOP-BA231,RNA-seq,Illumina NovaSeq X,Liver,bam,GTOP-BA231-1053.bam,11638,0fbe84ac-5af4-4032-8e12-32170ba108c1
GTOP-BA231,RNA-seq,Illumina NovaSeq X,Pancreas_Head,bam,GTOP-BA231-1108.bam,12467.7,3ab41bca-37ac-427b-848f-89459e9bac5f
GTOP-BA231,RNA-seq,Illumina NovaSeq X,Pancreas_Body,bam,GTOP-BA231-1236.bam,10893,c292a836-8f6b-4e58-80a8-7a132f20e2d5
GTOP-BA231,RNA-seq,Illumina NovaSeq X,Adrenal_Gland,bam,GTOP-BA231-2099.bam,5446.7,62529147-86c8-4ecc-bcee-07fae3d67dff
GTOP-BA231,RNA-seq,Illumina NovaSeq X,Spleen,bam,GTOP-BA231-3082.bam,11870.9,e74aecba-dae3-4741-bb73-03dd408a023a
GTOP-BA231,RNA-seq,Illumina NovaSeq X,Aortic_Arch,bam,GTOP-BA231-4155.bam,12819.9,a58e0b39-d4ee-403d-ad51-da0fc831cc4f
GTOP-BA232,RNA-seq,Illumina NovaSeq X,Adipose,bam,GTOP-BA232-0160.bam,15981,e2c91d92-1895-49ff-9339-1b1f81aae7d1
GTOP-BA232,RNA-seq,Illumina NovaSeq X,Whole_Blood,bam,GTOP-BA232-0378.bam,10515.8,e7c2c6e2-757a-47d1-9cfc-1c86d6c80f9f
GTOP-BA232,RNA-seq,Illumina NovaSeq X,Liver,bam,GTOP-BA232-1053.bam,7304.1,1abe131c-6024-4766-84e8-7c6a42955feb
GTOP-BA232,RNA-seq,Illumina NovaSeq X,Pancreas_Head,bam,GTOP-BA232-1108.bam,12420.6,c3fa7184-da83-4095-af90-bde4b0609141
GTOP-BA232,RNA-seq,Illumina NovaSeq X,Pancreas_Body,bam,GTOP-BA232-1236.bam,11807.1,1e07f4a6-8645-4833-b1c2-ac442ca3c77c
GTOP-BA232,RNA-seq,Illumina NovaSeq X,Pancreas_Tail,bam,GTOP-BA232-1392.bam,11357.9,b91c3e15-9c2c-4ddd-9baa-c7d77e6d8d78
GTOP-BA232,RNA-seq,Illumina NovaSeq X,Gallbladder,bam,GTOP-BA232-1856.bam,12347,8d70e93b-d6a7-47b5-a1c1-8dff51963447
GTOP-BA232,RNA-seq,Illumina NovaSeq X,Adrenal_Gland,bam,GTOP-BA232-2099.bam,11029.3,e5cdc947-add1-4024-9f9f-1ca27508b7d6
GTOP-BA251,RNA-seq,Illumina NovaSeq X,Adipose,bam,GTOP-BA251-0160.bam,12540.7,9cdd35c3-8692-4c7a-b0f1-2be92fb453c2
GTOP-BA251,RNA-seq,Illumina NovaSeq X,Whole_Blood,bam,GTOP-BA251-0378.bam,12037.4,a8db3c38-e697-4f40-8984-92bcd42234c4
GTOP-BA251,RNA-seq,Illumina NovaSeq X,Liver,bam,GTOP-BA251-1053.bam,11436,f6fd6083-b821-41d4-bddb-e201cde9b707
GTOP-BA251,RNA-seq,Illumina NovaSeq X,Pancreas_Head,bam,GTOP-BA251-1108.bam,13600.9,6ff5f6a5-7030-4a3a-8ebf-71fac65c1411
GTOP-BA251,RNA-seq,Illumina NovaSeq X,Pancreas_Body,bam,GTOP-BA251-1236.bam,13191.3,f70887ee-0def-4840-832b-06f13cd46628
GTOP-BA251,RNA-seq,Illumina NovaSeq X,Pancreas_Tail,bam,GTOP-BA251-1392.bam,12766.6,3f9e7698-6012-47fe-8580-648991c0e68e
GTOP-BA251,RNA-seq,Illumina NovaSeq X,Gallbladder,bam,GTOP-BA251-1856.bam,9364.5,c00943d9-e51f-4b44-a9d4-9d412d7accba
GTOP-BA251,RNA-seq,Illumina NovaSeq X,Adrenal_Gland,bam,GTOP-BA251-2099.bam,9285.4,9c6a1d19-8c54-47fc-aca2-a1ce0cf2ac85
GTOP-BB011,RNA-seq,Illumina NovaSeq X,Adipose,bam,GTOP-BB011-0160.bam,10357.2,b5fa0c74-65eb-4399-903e-0f8fee3f07c5
GTOP-BB011,RNA-seq,Illumina NovaSeq X,Whole_Blood,bam,GTOP-BB011-0378.bam,10294.3,e00632b7-18cb-48ce-89fe-0e2f328475b1
GTOP-BB011,RNA-seq,Illumina NovaSeq X,Liver,bam,GTOP-BB011-1053.bam,9809.4,5715e5b0-da89-4830-b386-35fe7bae9605
GTOP-BB011,RNA-seq,Illumina NovaSeq X,Pancreas_Head,bam,GTOP-BB011-1108.bam,10676.2,2f3839f5-d733-4a48-b44e-563cc16e4d52
GTOP-BB011,RNA-seq,Illumina NovaSeq X,Pancreas_Body,bam,GTOP-BB011-1236.bam,11514.3,f73ad018-fb3f-4c40-826b-4aca5ff0f92d
GTOP-BB011,RNA-seq,Illumina NovaSeq X,Pancreas_Tail,bam,GTOP-BB011-1392.bam,11118.8,7086be8c-7bb4-4908-8d26-efe1a5e9a803
GTOP-BB011,RNA-seq,Illumina NovaSeq X,Gallbladder,bam,GTOP-BB011-1856.bam,10484.1,b84ace3d-bf35-4690-b5b9-95bbadc8878f
GTOP-BB011,RNA-seq,Illumina NovaSeq X,Adrenal_Gland,bam,GTOP-BB011-2099.bam,9427.5,0598004b-869e-4b81-bc3f-a6ef2af85caa
GTOP-BB201,RNA-seq,Illumina NovaSeq X,Muscle,bam,GTOP-BB201-0087.bam,8714.1,9d293e59-7549-4253-949e-3925f5800ce5
GTOP-BB201,RNA-seq,Illumina NovaSeq X,Adipose,bam,GTOP-BB201-0160.bam,11140.6,09ff425a-850e-4e7e-a868-a9632c32bd03
GTOP-BB201,RNA-seq,Illumina NovaSeq X,Whole_Blood,bam,GTOP-BB201-0378.bam,6404.2,677b3873-11ce-45b8-9368-110efdcdad74
GTOP-BB201,RNA-seq,Illumina NovaSeq X,Liver,bam,GTOP-BB201-1053.bam,9956.5,1d92a7f4-5cbd-47d5-a5c5-9cdf4aa9aeea
GTOP-BB201,RNA-seq,Illumina NovaSeq X,Pancreas_Head,bam,GTOP-BB201-1108.bam,12982.5,2a79101e-cd54-4cd7-837f-e9bae870629b
GTOP-BB201,RNA-seq,Illumina NovaSeq X,Pancreas_Body,bam,GTOP-BB201-1236.bam,11548.6,881a3a08-f77b-4f80-893a-9b4f8991a216
GTOP-BB201,RNA-seq,Illumina NovaSeq X,Small_Intestine,bam,GTOP-BB201-1470.bam,9309.2,3177c1bd-42e3-40a7-af91-fcb21df64a5b
GTOP-BB201,RNA-seq,Illumina NovaSeq X,Colon,bam,GTOP-BB201-1584.bam,10388.8,95356b75-4b8b-474e-945e-dd604e9fadf1
GTOP-BB201,RNA-seq,Illumina NovaSeq X,Stomach,bam,GTOP-BB201-1601.bam,9568.2,f9eb97aa-8b32-41bd-9e4f-7f66dd38c53d
GTOP-BB201,RNA-seq,Illumina NovaSeq X,Esophagus,bam,GTOP-BB201-1710.bam,8993.9,da7f0db3-126d-4817-8c65-de03fae9089d
GTOP-BB201,RNA-seq,Illumina NovaSeq X,Gallbladder,bam,GTOP-BB201-1856.bam,8915.4,c84a108f-c63e-4998-b100-1e966b7b02fc
GTOP-BB201,RNA-seq,Illumina NovaSeq X,Adrenal_Gland,bam,GTOP-BB201-2099.bam,9220.9,55a2e787-485b-4cdf-afcc-9d385d3ecbe3
GTOP-BB201,RNA-seq,Illumina NovaSeq X,Spleen,bam,GTOP-BB201-3082.bam,8153.8,c8dce4fb-e8bd-45d2-8f20-b42eebdff573
GTOP-BB201,RNA-seq,Illumina NovaSeq X,Heart_Left_Ventricle,bam,GTOP-BB201-4002.bam,9032.7,d2f0509e-7670-4d0e-b9f5-b52789228f82
GTOP-BB201,RNA-seq,Illumina NovaSeq X,Heart_Right_Ventricle,bam,GTOP-BB201-4003.bam,9011.2,000008cc-f51a-4b9c-ac96-50366a8b3d43
GTOP-BB201,RNA-seq,Illumina NovaSeq X,Heart_Right_Atrium,bam,GTOP-BB201-4018.bam,8721.9,67c95a51-9d10-497c-8415-5aba8ee70cd2
GTOP-BB201,RNA-seq,Illumina NovaSeq X,Heart_Left_Atrium,bam,GTOP-BB201-4019.bam,8573.7,ed285a03-25f1-407d-9f7c-e920f6479e69
GTOP-BB201,RNA-seq,Illumina NovaSeq X,Heart_Mitral_Valve,bam,GTOP-BB201-4022.bam,8788.7,7d10777d-4ebe-486b-949d-07acb6f8a867
GTOP-BB201,RNA-seq,Illumina NovaSeq X,Heart_Tricuspid_Valve,bam,GTOP-BB201-4023.bam,8569.3,adac1514-bf6e-4a1c-a00a-5b99ca2fed9f
GTOP-BB201,RNA-seq,Illumina NovaSeq X,Thoracic_Aorta,bam,GTOP-BB201-4149.bam,11142.6,ccb56e48-9b4d-4a63-ae34-d12f69d9f991
GTOP-BB201,RNA-seq,Illumina NovaSeq X,Aortic_Arch,bam,GTOP-BB201-4155.bam,12524.4,1d66ffc3-07d7-4b36-ba23-d41e9437edf3
GTOP-BB201,RNA-seq,Illumina NovaSeq X,Lung_Base,bam,GTOP-BB201-5032.bam,9021.2,88131ebf-3d7a-4d6b-a7c6-2f3ba8da4041
GTOP-BB201,RNA-seq,Illumina NovaSeq X,Lung_Apex,bam,GTOP-BB201-5156.bam,15422.4,3af97705-c10b-4f2e-8735-60152dd48c90
GTOP-BB201,RNA-seq,Illumina NovaSeq X,Skin,bam,GTOP-BB201-0262.bam,9929.1,13f143c6-0c38-474e-99d5-4e9013f27e9d
GTOP-BB202,RNA-seq,Illumina NovaSeq X,Muscle,bam,GTOP-BB202-0087.bam,11709,fb7a220d-b3d5-4116-87e1-4c0c1b03652e
GTOP-BB202,RNA-seq,Illumina NovaSeq X,Adipose,bam,GTOP-BB202-0160.bam,11426.8,648e2d35-873f-405a-8223-2ca23721e7f4
GTOP-BB202,RNA-seq,Illumina NovaSeq X,Skin,bam,GTOP-BB202-0262.bam,10126.5,71ac27a5-2237-4f9d-81ea-b7715da86adc
GTOP-BB202,RNA-seq,Illumina NovaSeq X,Whole_Blood,bam,GTOP-BB202-0378.bam,10695.9,282d5cc4-19c0-487e-a701-89dd0809a2a3
GTOP-BB202,RNA-seq,Illumina NovaSeq X,Liver,bam,GTOP-BB202-1053.bam,9737.1,07e31d4a-d6d8-4eab-9dfb-5c50f82ee985
GTOP-BB202,RNA-seq,Illumina NovaSeq X,Pancreas_Head,bam,GTOP-BB202-1108.bam,12157.3,53b27a76-682f-4f4e-9b89-09d04118513f
GTOP-BB202,RNA-seq,Illumina NovaSeq X,Pancreas_Body,bam,GTOP-BB202-1236.bam,9674.6,8f85c5ad-4d47-4715-9d24-b34fe6fbc64a
GTOP-BB202,RNA-seq,Illumina NovaSeq X,Pancreas_Tail,bam,GTOP-BB202-1392.bam,10162.3,55c184e4-26f9-4eb1-823c-c058b4f733a8
GTOP-BB202,RNA-seq,Illumina NovaSeq X,Gallbladder,bam,GTOP-BB202-1856.bam,8890.1,3354141f-fb65-4799-9ee9-2572dda16519
GTOP-BB202,RNA-seq,Illumina NovaSeq X,Spleen,bam,GTOP-BB202-3082.bam,11614.2,8ed61330-4738-499a-bb02-d1f0af847ef3
GTOP-BB202,RNA-seq,Illumina NovaSeq X,Heart_Left_Ventricle,bam,GTOP-BB202-4002.bam,11518.8,38e1a928-2cbe-4f7a-a2bf-772ac171db37
GTOP-BB202,RNA-seq,Illumina NovaSeq X,Lung_Base,bam,GTOP-BB202-5032.bam,9222.5,51f06d83-5be8-47e7-998c-56a8e14119fe
GTOP-BB202,RNA-seq,Illumina NovaSeq X,Lung_Apex,bam,GTOP-BB202-5156.bam,9230.1,f0a17c03-2e78-4dee-a5b8-116b3d3627df
GTOP-BB211,RNA-seq,Illumina NovaSeq X,Muscle,bam,GTOP-BB211-0087.bam,9383,11662ece-325c-4878-a015-33cfab0ba8e7
GTOP-BB211,RNA-seq,Illumina NovaSeq X,Whole_Blood,bam,GTOP-BB211-0378.bam,10154.2,ee075447-7065-4cd2-b20f-28bf120e3681
GTOP-BB211,RNA-seq,Illumina NovaSeq X,Liver,bam,GTOP-BB211-1053.bam,11285.9,1ac8b9d0-553a-41f1-9d47-3c2cac9e67a0
GTOP-BB211,RNA-seq,Illumina NovaSeq X,Pancreas_Head,bam,GTOP-BB211-1108.bam,7115.2,36cba829-58fd-417e-94c8-013af1776ab8
GTOP-BB211,RNA-seq,Illumina NovaSeq X,Pancreas_Body,bam,GTOP-BB211-1236.bam,10346.4,fd416b22-e7b1-4871-9259-56d40fd955c0
GTOP-BB211,RNA-seq,Illumina NovaSeq X,Pancreas_Tail,bam,GTOP-BB211-1392.bam,9226.4,aacca214-379b-453b-b4a9-49233b1092e2
GTOP-BB211,RNA-seq,Illumina NovaSeq X,Gallbladder,bam,GTOP-BB211-1856.bam,12643.8,291934b6-218d-41fd-ad2a-da13de584ee8
GTOP-BB211,RNA-seq,Illumina NovaSeq X,Adrenal_Gland,bam,GTOP-BB211-2099.bam,10782.4,5f1aa0b8-30b3-4236-9c8a-f2717fd493a3
GTOP-BB251,RNA-seq,Illumina NovaSeq X,Adipose,bam,GTOP-BB251-0160.bam,13796,2f7d829f-48e0-4199-9bf3-8cb2ad187f39
GTOP-BB251,RNA-seq,Illumina NovaSeq X,Liver,bam,GTOP-BB251-1053.bam,9267.6,8cec3737-d425-496d-aa37-510ee1df8fff
GTOP-BB251,RNA-seq,Illumina NovaSeq X,Pancreas_Head,bam,GTOP-BB251-1108.bam,12982.6,ca6065ad-13be-4f94-af3e-e18a77e6f48b
GTOP-BB251,RNA-seq,Illumina NovaSeq X,Pancreas_Body,bam,GTOP-BB251-1236.bam,12634.1,a3e3e359-4597-4249-8033-04bdfe62c523
GTOP-BB251,RNA-seq,Illumina NovaSeq X,Pancreas_Tail,bam,GTOP-BB251-1392.bam,10576.5,34a283b6-19f6-42eb-b4ff-9e46d3f6060a
GTOP-BB251,RNA-seq,Illumina NovaSeq X,Gallbladder,bam,GTOP-BB251-1856.bam,12381.5,ba185b95-f0dc-4481-bf99-7f8634063ff4
GTOP-BB251,RNA-seq,Illumina NovaSeq X,Adrenal_Gland,bam,GTOP-BB251-2099.bam,9872.8,399561d6-0346-4c84-99b6-65d6f81fbb6e
GTOP-BB261,RNA-seq,Illumina NovaSeq X,Liver,bam,GTOP-BB261-1053.bam,6461.9,3fb3940f-01be-4dde-8b5b-27979342e5db
GTOP-BB261,RNA-seq,Illumina NovaSeq X,Pancreas_Head,bam,GTOP-BB261-1108.bam,11036.8,93ee0522-dc5f-45b6-9933-d35489ba3af3
GTOP-BB261,RNA-seq,Illumina NovaSeq X,Pancreas_Body,bam,GTOP-BB261-1236.bam,11282.8,d90ed0d9-c596-4670-9464-a1f4b8a92612
GTOP-BB261,RNA-seq,Illumina NovaSeq X,Pancreas_Tail,bam,GTOP-BB261-1392.bam,8495.5,881b7889-ee70-4aa0-86b8-7e630f6571fe
GTOP-BB261,RNA-seq,Illumina NovaSeq X,Gallbladder,bam,GTOP-BB261-1856.bam,10584,5002f6f3-8b1f-4c73-ba7f-d3225411531e
GTOP-BB261,RNA-seq,Illumina NovaSeq X,Adrenal_Gland,bam,GTOP-BB261-2099.bam,8959.9,2b668855-ca03-4620-97c7-e566eb839e84
GTOP-BC041,RNA-seq,Illumina NovaSeq X,Muscle,bam,GTOP-BC041-0087.bam,9589.3,7c4447a1-68e3-4675-b8e1-193623711d21
GTOP-BC041,RNA-seq,Illumina NovaSeq X,Adipose,bam,GTOP-BC041-0160.bam,13712.5,22abb7b5-73ec-4286-86ef-e7a58e85c4f3
GTOP-BC041,RNA-seq,Illumina NovaSeq X,Skin,bam,GTOP-BC041-0262.bam,9855.4,c58b4b2a-986b-438a-9a67-0213d8315e32
GTOP-BC041,RNA-seq,Illumina NovaSeq X,Liver,bam,GTOP-BC041-1053.bam,9271.7,fee2f6e3-417c-408b-a67f-0005c5b292af
GTOP-BC041,RNA-seq,Illumina NovaSeq X,Pancreas_Head,bam,GTOP-BC041-1108.bam,12608.2,7e8fe979-93a4-4b7c-8c9f-14e1102972e0
GTOP-BC041,RNA-seq,Illumina NovaSeq X,Pancreas_Body,bam,GTOP-BC041-1236.bam,13949.8,adc5811c-71b0-4b9a-8090-88bd2cc611bd
GTOP-BC041,RNA-seq,Illumina NovaSeq X,Pancreas_Tail,bam,GTOP-BC041-1392.bam,10472,6b953257-0ee1-4b39-8473-a37b4adecaf1
GTOP-BC041,RNA-seq,Illumina NovaSeq X,Gallbladder,bam,GTOP-BC041-1856.bam,10440.8,0106c75b-41e2-4ac6-a131-7a6c2d54e53b
GTOP-BC041,RNA-seq,Illumina NovaSeq X,Adrenal_Gland,bam,GTOP-BC041-2099.bam,11435,f7f8cc22-cb5f-4109-8bc2-5bc7d2b86ba0
GTOP-BC041,RNA-seq,Illumina NovaSeq X,Spleen,bam,GTOP-BC041-3082.bam,12127.3,625ff819-5793-4d66-8f94-aae6d3c029f4
GTOP-BC061,RNA-seq,Illumina NovaSeq X,Muscle,bam,GTOP-BC061-0087.bam,12013.6,79e48c4b-ddf9-4e5b-8665-2cac9947fc28
GTOP-BC061,RNA-seq,Illumina NovaSeq X,Adipose,bam,GTOP-BC061-0160.bam,11878.3,51724c93-e195-4cf3-9b09-ef9587fe8ee8
GTOP-BC061,RNA-seq,Illumina NovaSeq X,Whole_Blood,bam,GTOP-BC061-0378.bam,9102.9,614a4e4d-4850-4119-9cf4-31c40321dbb6
GTOP-BC061,RNA-seq,Illumina NovaSeq X,Liver,bam,GTOP-BC061-1053.bam,8553.3,319b2e08-1d6e-43f8-a153-c7835316e59d
GTOP-BC061,RNA-seq,Illumina NovaSeq X,Pancreas_Head,bam,GTOP-BC061-1108.bam,9915.7,e8a25367-9604-430a-8f7e-ee2d57a3fe34
GTOP-BC061,RNA-seq,Illumina NovaSeq X,Pancreas_Body,bam,GTOP-BC061-1236.bam,9361.1,ebe3bfc4-b496-4ebe-8288-1f94ac008527
GTOP-BC061,RNA-seq,Illumina NovaSeq X,Pancreas_Tail,bam,GTOP-BC061-1392.bam,8747.1,03720af0-5a2b-42e4-93e2-bed204d7f022
GTOP-BC061,RNA-seq,Illumina NovaSeq X,Gallbladder,bam,GTOP-BC061-1856.bam,8887.4,c84f48cd-8894-4d88-9ddc-edccb131f807
GTOP-BC061,RNA-seq,Illumina NovaSeq X,Adrenal_Gland,bam,GTOP-BC061-2099.bam,9012.9,b867c34d-66ee-49fa-89f5-098faf368c21
GTOP-BC161,RNA-seq,Illumina NovaSeq X,Muscle,bam,GTOP-BC161-0087.bam,10786.8,e44df1bf-0fa4-4cd7-81e5-91aa4daedd99
GTOP-BC161,RNA-seq,Illumina NovaSeq X,Adipose,bam,GTOP-BC161-0160.bam,13321,d61cc663-34e5-49f8-8085-69f95658e7ad
GTOP-BC161,RNA-seq,Illumina NovaSeq X,Whole_Blood,bam,GTOP-BC161-0378.bam,9845.7,ee1b9dd1-b064-4355-8b77-f5df4614c251
GTOP-BC161,RNA-seq,Illumina NovaSeq X,Liver,bam,GTOP-BC161-1053.bam,9166.5,c7dbb878-3d8f-426c-aac9-afd227432e5c
GTOP-BC161,RNA-seq,Illumina NovaSeq X,Pancreas_Head,bam,GTOP-BC161-1108.bam,9136.5,59afe82a-8190-4163-91be-3fc17ab99f8e
GTOP-BC161,RNA-seq,Illumina NovaSeq X,Pancreas_Body,bam,GTOP-BC161-1236.bam,10263.7,d00ddd87-119e-456b-929d-3fee7b19994b
GTOP-BC161,RNA-seq,Illumina NovaSeq X,Pancreas_Tail,bam,GTOP-BC161-1392.bam,9157.6,2c5a22e7-2aed-4401-aed9-761b59c68aff
GTOP-BC161,RNA-seq,Illumina NovaSeq X,Gallbladder,bam,GTOP-BC161-1856.bam,10948.7,51b98bd5-2848-4b8b-8af8-8f2702f6cb23
GTOP-BC161,RNA-seq,Illumina NovaSeq X,Adrenal_Gland,bam,GTOP-BC161-2099.bam,8363.4,7bfa9448-fb86-4883-99f4-7bac7eb0eac3
GTOP-BC171,RNA-seq,Illumina NovaSeq X,Whole_Blood,bam,GTOP-BC171-0378.bam,9169.5,172e17fa-630b-472f-a440-10288ad05318
GTOP-BC171,RNA-seq,Illumina NovaSeq X,Liver,bam,GTOP-BC171-1053.bam,9788.5,6a208496-cb33-44bb-9463-7f95df1e7b1c
GTOP-BC171,RNA-seq,Illumina NovaSeq X,Pancreas_Head,bam,GTOP-BC171-1108.bam,8940,6a8cf1ae-1c65-4ce7-83b5-6e84356ac40c
GTOP-BC171,RNA-seq,Illumina NovaSeq X,Gallbladder,bam,GTOP-BC171-1856.bam,8595.5,bfa54b54-9c98-4d33-b6a8-e70eaa30e186
GTOP-BC171,RNA-seq,Illumina NovaSeq X,Adrenal_Gland,bam,GTOP-BC171-2099.bam,8034.9,35aa4438-3a36-4eff-9e16-c4563c40887c
GTOP-BC181,RNA-seq,Illumina NovaSeq X,Muscle,bam,GTOP-BC181-0087.bam,7621.5,b87fcebe-06e7-4d28-8aff-36f2e7b0de18
GTOP-BC181,RNA-seq,Illumina NovaSeq X,Adipose,bam,GTOP-BC181-0160.bam,8603.9,3f8455e1-2706-453b-824e-c115487ff57a
GTOP-BC181,RNA-seq,Illumina NovaSeq X,Whole_Blood,bam,GTOP-BC181-0378.bam,9242.3,eb0e3b2d-5e6a-4b76-b303-51447cbcaa6f
GTOP-BC181,RNA-seq,Illumina NovaSeq X,Liver,bam,GTOP-BC181-1053.bam,8517,5692ae6e-9217-4477-bf1a-bca9933e3f23
GTOP-BC181,RNA-seq,Illumina NovaSeq X,Pancreas_Head,bam,GTOP-BC181-1108.bam,8694.2,98d70669-338b-43a1-bc8f-28ea78c4e85f
GTOP-BC181,RNA-seq,Illumina NovaSeq X,Pancreas_Body,bam,GTOP-BC181-1236.bam,8601.6,f8dffa6c-bca2-41f6-b864-1433a60ab76d
GTOP-BC181,RNA-seq,Illumina NovaSeq X,Pancreas_Tail,bam,GTOP-BC181-1392.bam,8810.3,9a3cf283-6322-4b7d-989f-8047d2e54819
GTOP-BC181,RNA-seq,Illumina NovaSeq X,Adrenal_Gland,bam,GTOP-BC181-2099.bam,9527.4,63be006f-0bb5-4ca1-b0e9-382232a101be
GTOP-BC181,RNA-seq,Illumina NovaSeq X,Spleen,bam,GTOP-BC181-3082.bam,9075.2,fe994ee1-9a33-4e70-83d3-ccc303425202
GTOP-BC181,RNA-seq,Illumina NovaSeq X,Skin,bam,GTOP-BC181-0262.bam,9149.2,6cd3403f-9f63-4b6c-b1a0-8afb08eb4f69
GTOP-BC191,RNA-seq,Illumina NovaSeq X,Whole_Blood,bam,GTOP-BC191-0378.bam,8987.5,f910df61-125e-4c55-8e33-f6c22f4ba731
GTOP-BC191,RNA-seq,Illumina NovaSeq X,Liver,bam,GTOP-BC191-1053.bam,8066.1,b57449b2-e9d3-4aa3-9f87-22745a912aae
GTOP-BC191,RNA-seq,Illumina NovaSeq X,Pancreas_Head,bam,GTOP-BC191-1108.bam,8338.4,2592e245-0240-4381-bc92-9abc1b3b9689
GTOP-BC191,RNA-seq,Illumina NovaSeq X,Pancreas_Body,bam,GTOP-BC191-1236.bam,9572.7,96aebc25-041f-4722-bfb8-1c72a0ae18c4
GTOP-BC191,RNA-seq,Illumina NovaSeq X,Pancreas_Tail,bam,GTOP-BC191-1392.bam,8093.2,4f52663e-96a9-4ff7-aa63-fbd1a1d2cace
GTOP-BC191,RNA-seq,Illumina NovaSeq X,Gallbladder,bam,GTOP-BC191-1856.bam,10328.4,ad91e0a3-e8d5-4f72-85ad-37dff352bdc1
GTOP-BC191,RNA-seq,Illumina NovaSeq X,Adrenal_Gland,bam,GTOP-BC191-2099.bam,8810.2,5a15e2d5-dd8e-4fb4-9221-aa7f7e45be85
GTOP-BD011,RNA-seq,Illumina NovaSeq X,Muscle,bam,GTOP-BD011-0087.bam,7637.8,70f17aa2-5dfe-43dd-b523-fb84019724a1
GTOP-BD011,RNA-seq,Illumina NovaSeq X,Adipose,bam,GTOP-BD011-0160.bam,8437,4a7da8b7-f05b-4c05-b1ef-0d670d777593
GTOP-BD011,RNA-seq,Illumina NovaSeq X,Whole_Blood,bam,GTOP-BD011-0378.bam,10415.7,512876e5-281d-4957-ac97-61d8341ddf0d
GTOP-BD011,RNA-seq,Illumina NovaSeq X,Liver,bam,GTOP-BD011-1053.bam,8815.8,9d56a0c2-8cc2-4f81-84c4-068e1a8b59ac
GTOP-BD011,RNA-seq,Illumina NovaSeq X,Pancreas_Head,bam,GTOP-BD011-1108.bam,9513,22767e10-6623-4209-b2c9-dfc0c1d0b123
GTOP-BD011,RNA-seq,Illumina NovaSeq X,Pancreas_Body,bam,GTOP-BD011-1236.bam,8940,bf201efe-e188-4689-b7a8-b3c24b7d94f7
GTOP-BD011,RNA-seq,Illumina NovaSeq X,Pancreas_Tail,bam,GTOP-BD011-1392.bam,9157.5,4df9e504-5926-4247-a168-4b1dfdbec806
GTOP-BD011,RNA-seq,Illumina NovaSeq X,Gallbladder,bam,GTOP-BD011-1856.bam,7152.7,f0ad7090-092a-4403-afe1-c93b23341bea
GTOP-BD011,RNA-seq,Illumina NovaSeq X,Adrenal_Gland,bam,GTOP-BD011-2099.bam,9137.8,c137ea0e-6a9e-481c-ba12-62e59fd82e3a
GTOP-BD201,RNA-seq,Illumina NovaSeq X,Muscle,bam,GTOP-BD201-0087.bam,8380.3,a8837dcf-0fc2-4ad2-97c8-833f94182270
GTOP-BD201,RNA-seq,Illumina NovaSeq X,Adipose,bam,GTOP-BD201-0160.bam,8943.9,82ccfd52-245c-44db-bf92-8c326b94d281
GTOP-BD201,RNA-seq,Illumina NovaSeq X,Whole_Blood,bam,GTOP-BD201-0378.bam,8894.8,bafaf8e9-476b-4abb-a6f5-b51d61ad35d3
GTOP-BD201,RNA-seq,Illumina NovaSeq X,Liver,bam,GTOP-BD201-1053.bam,9193.9,0a3da0da-55b8-4d2f-849f-045dc4a8db7b
GTOP-BD201,RNA-seq,Illumina NovaSeq X,Pancreas_Head,bam,GTOP-BD201-1108.bam,9514.7,9fc1306b-c204-452d-9ba4-9bcaae4c8903
GTOP-BD201,RNA-seq,Illumina NovaSeq X,Pancreas_Body,bam,GTOP-BD201-1236.bam,8016.9,66a77e08-f11e-447b-acee-820ae877fa1b
GTOP-BD201,RNA-seq,Illumina NovaSeq X,Pancreas_Tail,bam,GTOP-BD201-1392.bam,8183.7,8691dca9-7f44-4648-8444-ad1d32ffa72d
GTOP-BD201,RNA-seq,Illumina NovaSeq X,Gallbladder,bam,GTOP-BD201-1856.bam,8447.7,ed9d2c58-29a2-4708-a54f-bef37a9c909a
GTOP-BD201,RNA-seq,Illumina NovaSeq X,Adrenal_Gland,bam,GTOP-BD201-2099.bam,8656.7,870be6b5-01be-485e-a7f7-920be2c3cda0
GTOP-BD201,RNA-seq,Illumina NovaSeq X,Spleen,bam,GTOP-BD201-3082.bam,9192.5,19b0c2ef-cae0-452e-b3c3-8684f1079d5e
GTOP-BD201,RNA-seq,Illumina NovaSeq X,Skin,bam,GTOP-BD201-0262.bam,10425.4,874dc1e7-0e0f-4844-ae60-dc21f6d0ea8a
GTOP-BE141,RNA-seq,Illumina NovaSeq X,Muscle,bam,GTOP-BE141-0087.bam,8201.5,93b46a8b-c6a9-4e0b-9e15-4f81be6a7501
GTOP-BE141,RNA-seq,Illumina NovaSeq X,Adipose,bam,GTOP-BE141-0160.bam,8245,2484a0b5-7a2b-43bf-8aeb-689f322553bb
GTOP-BE141,RNA-seq,Illumina NovaSeq X,Whole_Blood,bam,GTOP-BE141-0378.bam,9491.9,6ed7831b-5d99-4392-9324-e8073d2620df
GTOP-BE141,RNA-seq,Illumina NovaSeq X,Liver,bam,GTOP-BE141-1053.bam,8153.9,42dc15f5-cde2-4a34-9119-d8fb36466b22
GTOP-BE141,RNA-seq,Illumina NovaSeq X,Pancreas_Head,bam,GTOP-BE141-1108.bam,8286.1,2f1982ed-c711-4ef5-8c3d-7c77aa7277b7
GTOP-BE141,RNA-seq,Illumina NovaSeq X,Pancreas_Body,bam,GTOP-BE141-1236.bam,10060.5,e2b7a5dc-38f3-4731-8be1-8afaca815597
GTOP-BE141,RNA-seq,Illumina NovaSeq X,Pancreas_Tail,bam,GTOP-BE141-1392.bam,10442.5,37479d75-32d1-4132-a71d-76e25b65be3f
GTOP-BE141,RNA-seq,Illumina NovaSeq X,Gallbladder,bam,GTOP-BE141-1856.bam,8706.2,ff010bb2-7649-4c28-8c90-f335353d059f
GTOP-BE141,RNA-seq,Illumina NovaSeq X,Adrenal_Gland,bam,GTOP-BE141-2099.bam,8135.9,65cc968a-105c-4d59-9ce6-c1f4d10ef4fc
GTOP-BE141,RNA-seq,Illumina NovaSeq X,Spleen,bam,GTOP-BE141-3082.bam,9041,c339a3ee-37ef-482d-9377-e350ed8456c9
GTOP-BE141,RNA-seq,Illumina NovaSeq X,Skin,bam,GTOP-BE141-0262.bam,10855.1,c110a4ed-902b-4e1f-8f20-91776faab4f7
GTOP-BE161,RNA-seq,Illumina NovaSeq X,Adipose,bam,GTOP-BE161-0160.bam,8565.9,4e050518-3b2f-405e-afcb-a32520428f33
GTOP-BE161,RNA-seq,Illumina NovaSeq X,Whole_Blood,bam,GTOP-BE161-0378.bam,9434.6,315bbb99-b432-4d40-b84c-6a727f7716dd
GTOP-BE161,RNA-seq,Illumina NovaSeq X,Liver,bam,GTOP-BE161-1053.bam,8715.7,8a027338-3025-4243-afe2-a1b6139817e6
GTOP-BE161,RNA-seq,Illumina NovaSeq X,Pancreas_Head,bam,GTOP-BE161-1108.bam,7384.8,ce9c2e11-8887-4a14-af27-2fb12bbbf897
GTOP-BE161,RNA-seq,Illumina NovaSeq X,Pancreas_Body,bam,GTOP-BE161-1236.bam,8804.3,38ecf51c-0137-4cf8-8514-6843af4d308a
GTOP-BE161,RNA-seq,Illumina NovaSeq X,Pancreas_Tail,bam,GTOP-BE161-1392.bam,8326.4,95009039-819c-4bb6-b8be-7905194f2f6b
GTOP-BE161,RNA-seq,Illumina NovaSeq X,Esophagus,bam,GTOP-BE161-1710.bam,7821.5,66993d05-37e7-44ed-803b-c13195f5ef48
GTOP-BE161,RNA-seq,Illumina NovaSeq X,Gallbladder,bam,GTOP-BE161-1856.bam,8200.8,0be4bd2b-8367-46d2-adff-3bc808b1c69a
GTOP-BE161,RNA-seq,Illumina NovaSeq X,Adrenal_Gland,bam,GTOP-BE161-2099.bam,8247.8,3589a0ab-d14c-4a5b-a34e-f4bc6e0d23db
GTOP-BE161,RNA-seq,Illumina NovaSeq X,Trachea,bam,GTOP-BE161-5302.bam,8980.5,566c6c21-86e7-4d24-bfe3-dbf9a5d0c93e
GTOP-BE181,RNA-seq,Illumina NovaSeq X,Adipose,bam,GTOP-BE181-0160.bam,8458.9,dbeb40f9-b502-4840-8dcb-490d219853e8
GTOP-BE181,RNA-seq,Illumina NovaSeq X,Whole_Blood,bam,GTOP-BE181-0378.bam,9287.2,924bd6a5-b97e-4ede-930d-0564c3f440de
GTOP-BE181,RNA-seq,Illumina NovaSeq X,Pancreas_Head,bam,GTOP-BE181-1108.bam,8566.3,d853fefc-74f1-4ddb-85e8-87a199108d7e
GTOP-BE181,RNA-seq,Illumina NovaSeq X,Pancreas_Body,bam,GTOP-BE181-1236.bam,8037.5,2629bed9-7a44-45e9-9d69-98825da41679
GTOP-BE181,RNA-seq,Illumina NovaSeq X,Pancreas_Tail,bam,GTOP-BE181-1392.bam,10718.7,99d74ce7-109d-4bbc-9255-0ac14818577d
GTOP-BE181,RNA-seq,Illumina NovaSeq X,Gallbladder,bam,GTOP-BE181-1856.bam,7306.7,33bd3561-0d65-437c-b8b0-7a86ec68d7f8
GTOP-BE181,RNA-seq,Illumina NovaSeq X,Adrenal_Gland,bam,GTOP-BE181-2099.bam,7952,248df26a-675b-4383-9dde-c58752afd7e8
GTOP-BE221,RNA-seq,Illumina NovaSeq X,Muscle,bam,GTOP-BE221-0087.bam,7213.9,caa10cd2-fbb8-4261-ba07-fa1ef9a0ae47
GTOP-BE221,RNA-seq,Illumina NovaSeq X,Adipose,bam,GTOP-BE221-0160.bam,7278.9,a6256745-43ee-48f6-9585-a4022a02dadb
GTOP-BE221,RNA-seq,Illumina NovaSeq X,Skin,bam,GTOP-BE221-0262.bam,9046,95e6b114-268e-47fc-a9e5-f751ba175a25
GTOP-BE221,RNA-seq,Illumina NovaSeq X,Whole_Blood,bam,GTOP-BE221-0378.bam,9730.6,d60900cf-5906-4d03-957d-67f0e42aa50c
GTOP-BE221,RNA-seq,Illumina NovaSeq X,Liver,bam,GTOP-BE221-1053.bam,8484.3,fc20bdd3-685f-4222-aeb4-bd5ae68f377a
GTOP-BE221,RNA-seq,Illumina NovaSeq X,Pancreas_Head,bam,GTOP-BE221-1108.bam,9065.4,bf9a5eac-d38c-45da-855a-bbe4033788e6
GTOP-BE221,RNA-seq,Illumina NovaSeq X,Pancreas_Body,bam,GTOP-BE221-1236.bam,8399.9,6e3d0b69-5f16-49f3-a0da-01feb561fdbf
GTOP-BE221,RNA-seq,Illumina NovaSeq X,Pancreas_Tail,bam,GTOP-BE221-1392.bam,9494.6,5fcf0e76-8896-4300-922f-160c0f12791b
GTOP-BE221,RNA-seq,Illumina NovaSeq X,Gallbladder,bam,GTOP-BE221-1856.bam,8295.2,144160be-af99-4440-afbf-7d2181efd0af
GTOP-BE221,RNA-seq,Illumina NovaSeq X,Adrenal_Gland,bam,GTOP-BE221-2099.bam,8215.6,420ac178-b934-490c-a0ad-3623359f9d6a
GTOP-BE221,RNA-seq,Illumina NovaSeq X,Spleen,bam,GTOP-BE221-3082.bam,10101.7,ffaa4f4c-f6c3-40ad-8917-979776f8cd81
GTOP-BF221,RNA-seq,Illumina NovaSeq X,Muscle,bam,GTOP-BF221-0087.bam,7724.5,beec77c6-1387-4c87-b881-4e15898bcba5
GTOP-BF221,RNA-seq,Illumina NovaSeq X,Adipose,bam,GTOP-BF221-0160.bam,9899.1,f4ce8ad1-45b2-4ee6-8384-9765e2468eb6
GTOP-BF221,RNA-seq,Illumina NovaSeq X,Whole_Blood,bam,GTOP-BF221-0378.bam,10567.1,378102ba-817a-420c-9d3b-f2bd374f118a
GTOP-BF221,RNA-seq,Illumina NovaSeq X,Liver,bam,GTOP-BF221-1053.bam,7963.5,d3f02552-4ab7-40d8-bfaf-cdb54dd3f371
GTOP-BF221,RNA-seq,Illumina NovaSeq X,Pancreas_Head,bam,GTOP-BF221-1108.bam,8496.5,a1a99c2a-45e0-47af-a062-3f615e07ec5c
GTOP-BF221,RNA-seq,Illumina NovaSeq X,Pancreas_Body,bam,GTOP-BF221-1236.bam,14833.6,8f4e13ca-daf4-419e-b726-ef2241f408e1
GTOP-BF221,RNA-seq,Illumina NovaSeq X,Pancreas_Tail,bam,GTOP-BF221-1392.bam,10067.8,3fa34525-663d-4547-a532-b9e88d76fe1f
GTOP-BF221,RNA-seq,Illumina NovaSeq X,Gallbladder,bam,GTOP-BF221-1856.bam,7353.3,d463a1e7-6634-4436-ae65-f0317522d1f0
GTOP-BF221,RNA-seq,Illumina NovaSeq X,Adrenal_Gland,bam,GTOP-BF221-2099.bam,9673.5,2462a325-c22b-47e5-8126-d77c6911791b
GTOP-BF221,RNA-seq,Illumina NovaSeq X,Spleen,bam,GTOP-BF221-3082.bam,10074.7,40aa01be-bb48-4a58-bc70-491490d7e754
GTOP-BF221,RNA-seq,Illumina NovaSeq X,Skin,bam,GTOP-BF221-0262.bam,8874.8,6ea1faf9-0834-4a62-925f-aff067f3d398
GTOP-BF251,RNA-seq,Illumina NovaSeq X,Adipose,bam,GTOP-BF251-0160.bam,8878.6,29079000-fde8-4835-b0d2-b566797b252a
GTOP-BF251,RNA-seq,Illumina NovaSeq X,Whole_Blood,bam,GTOP-BF251-0378.bam,9670.5,53828535-f669-434d-afa2-d8aac8a14c7e
GTOP-BF251,RNA-seq,Illumina NovaSeq X,Liver,bam,GTOP-BF251-1053.bam,8552.2,dd5ae384-3411-4a95-b7f2-3549154b02dc
GTOP-BF251,RNA-seq,Illumina NovaSeq X,Pancreas_Head,bam,GTOP-BF251-1108.bam,9222.9,3bfe43a0-fdb7-4e39-8f2a-3428a503b699
GTOP-BF251,RNA-seq,Illumina NovaSeq X,Pancreas_Body,bam,GTOP-BF251-1236.bam,8397.9,74f6353a-acbc-45fc-8f00-d7e45d077acc
GTOP-BF251,RNA-seq,Illumina NovaSeq X,Pancreas_Tail,bam,GTOP-BF251-1392.bam,9057.5,1be70fbb-9514-4197-808f-457a42735556
GTOP-BF251,RNA-seq,Illumina NovaSeq X,Gallbladder,bam,GTOP-BF251-1856.bam,9204,adb6a78e-5038-4569-89d5-f65793f53b77
GTOP-BF251,RNA-seq,Illumina NovaSeq X,Adrenal_Gland,bam,GTOP-BF251-2099.bam,10052.8,4c0c0430-0c21-4ce1-a7cf-dd180c877e5d
GTOP-BF251,RNA-seq,Illumina NovaSeq X,Spleen,bam,GTOP-BF251-3082.bam,13741.1,372c7b5c-9214-4645-bea9-f96bb535e170
GTOP-BF251,RNA-seq,Illumina NovaSeq X,Aortic_Arch,bam,GTOP-BF251-4155.bam,10549.7,c8defb8b-00a3-4cd2-9fd4-ded24dd45548
GTOP-BF251,RNA-seq,Illumina NovaSeq X,Lung_Base,bam,GTOP-BF251-5032.bam,8671.6,aa739773-8f28-49ac-9651-79276bfdf549
GTOP-BF271,RNA-seq,Illumina NovaSeq X,Muscle,bam,GTOP-BF271-0087.bam,9298.8,44db92fb-6015-4876-a0ba-306aeec8d6c8
GTOP-BF271,RNA-seq,Illumina NovaSeq X,Adipose,bam,GTOP-BF271-0160.bam,9951.6,1e2444df-c536-45c1-b9cc-ad150a68afbd
GTOP-BF271,RNA-seq,Illumina NovaSeq X,Whole_Blood,bam,GTOP-BF271-0378.bam,9499.9,bce11989-04ec-44be-badb-4db3280fc752
GTOP-BF271,RNA-seq,Illumina NovaSeq X,Liver,bam,GTOP-BF271-1053.bam,9754.6,b1df211d-dcc3-4c12-a6da-f6f622f2f33b
GTOP-BF271,RNA-seq,Illumina NovaSeq X,Pancreas_Head,bam,GTOP-BF271-1108.bam,11534.4,344a7520-aa5d-49be-879d-ba824989610d
GTOP-BF271,RNA-seq,Illumina NovaSeq X,Pancreas_Body,bam,GTOP-BF271-1236.bam,8514.7,728c1c2b-190d-4b48-87e5-623b76f0ba3a
GTOP-BF271,RNA-seq,Illumina NovaSeq X,Pancreas_Tail,bam,GTOP-BF271-1392.bam,9582.6,2db205ff-16fc-452a-ae31-893cf11283d4
GTOP-BF271,RNA-seq,Illumina NovaSeq X,Gallbladder,bam,GTOP-BF271-1856.bam,9888.4,698e9655-1a32-453b-ad5c-285838ed154b
GTOP-BF271,RNA-seq,Illumina NovaSeq X,Adrenal_Gland,bam,GTOP-BF271-2099.bam,8431.9,c76a5f8d-f9ad-4083-a552-87b08f1d801e
GTOP-BF271,RNA-seq,Illumina NovaSeq X,Spleen,bam,GTOP-BF271-3082.bam,11379.6,ecae8926-ce98-4114-aabf-70e0b1878e2e
GTOP-BF271,RNA-seq,Illumina NovaSeq X,Skin,bam,GTOP-BF271-0262.bam,10687.1,f9894202-ca6a-41f6-9fc5-60d240a0c7c1
GTOP-BG091,RNA-seq,Illumina NovaSeq X,Adipose,bam,GTOP-BG091-0160.bam,11075.7,f9ddeb97-b131-42bb-ad7a-72310c647c37
GTOP-BG091,RNA-seq,Illumina NovaSeq X,Whole_Blood,bam,GTOP-BG091-0378.bam,10608.3,57e4388a-36ba-48c1-b5fc-97a905bf8209
GTOP-BG091,RNA-seq,Illumina NovaSeq X,Liver,bam,GTOP-BG091-1053.bam,8509,3c20e447-d3dd-4ba6-8ebd-16723c92fc02
GTOP-BG091,RNA-seq,Illumina NovaSeq X,Pancreas_Head,bam,GTOP-BG091-1108.bam,8981,a4dcabaa-b1b3-488b-85cd-ff865f1196cd
GTOP-BG091,RNA-seq,Illumina NovaSeq X,Pancreas_Body,bam,GTOP-BG091-1236.bam,9665,7fcb38d3-93b4-422b-be19-932d1cd1ff3d
GTOP-BG091,RNA-seq,Illumina NovaSeq X,Pancreas_Tail,bam,GTOP-BG091-1392.bam,9043.4,7524dfc0-3988-4cd6-bebe-1459098cd916
GTOP-BG091,RNA-seq,Illumina NovaSeq X,Gallbladder,bam,GTOP-BG091-1856.bam,9579.8,2f3bed50-ab14-4633-b6fe-8dc054158da8
GTOP-BG091,RNA-seq,Illumina NovaSeq X,Adrenal_Gland,bam,GTOP-BG091-2099.bam,8811.7,59a252fe-9aa1-4440-b2b0-14e420ed5444
GTOP-BG171,RNA-seq,Illumina NovaSeq X,Adipose,bam,GTOP-BG171-0160.bam,10086.5,03de2dea-1d82-43da-b4f8-d2a0719df696
GTOP-BG171,RNA-seq,Illumina NovaSeq X,Whole_Blood,bam,GTOP-BG171-0378.bam,9107.1,618b00fb-4978-418d-b023-ad18f110a844
GTOP-BG171,RNA-seq,Illumina NovaSeq X,Liver,bam,GTOP-BG171-1053.bam,9748.2,6b0dcd63-3817-4464-8766-e345ec69d71f
GTOP-BG171,RNA-seq,Illumina NovaSeq X,Pancreas_Head,bam,GTOP-BG171-1108.bam,9175.4,08551932-4480-44ae-805c-9679c77ccb9d
GTOP-BG171,RNA-seq,Illumina NovaSeq X,Pancreas_Body,bam,GTOP-BG171-1236.bam,8953.8,8c380717-7930-4ca4-9989-d1f259fb7f53
GTOP-BG171,RNA-seq,Illumina NovaSeq X,Pancreas_Tail,bam,GTOP-BG171-1392.bam,14651.3,27adceaa-4cef-406a-9985-731feb835b73
GTOP-BG171,RNA-seq,Illumina NovaSeq X,Gallbladder,bam,GTOP-BG171-1856.bam,10262.5,eb8d2b8c-a3e0-48fa-8be6-b6da8b25acda
GTOP-BG171,RNA-seq,Illumina NovaSeq X,Adrenal_Gland,bam,GTOP-BG171-2099.bam,8567.4,6d7b783e-7833-4d51-9ce4-1d4882bbae1e
GTOP-BG291,RNA-seq,Illumina NovaSeq X,Adipose,bam,GTOP-BG291-0160.bam,10090,7b467cad-5310-41d4-a9e1-cb797eacdd13
GTOP-BG291,RNA-seq,Illumina NovaSeq X,Whole_Blood,bam,GTOP-BG291-0378.bam,9106.6,7cadc76e-1bff-42a8-8369-ae0317a0b288
GTOP-BG291,RNA-seq,Illumina NovaSeq X,Liver,bam,GTOP-BG291-1053.bam,10056.9,43673c78-37ca-4821-b3ba-3bd9c6850fc0
GTOP-BG291,RNA-seq,Illumina NovaSeq X,Pancreas_Head,bam,GTOP-BG291-1108.bam,8969.1,58baef9a-3907-481c-8c3e-a42acf667bdb
GTOP-BG291,RNA-seq,Illumina NovaSeq X,Pancreas_Body,bam,GTOP-BG291-1236.bam,8891.3,a3b540d0-8911-48c3-aa2c-23d2e4f9d536
GTOP-BG291,RNA-seq,Illumina NovaSeq X,Pancreas_Tail,bam,GTOP-BG291-1392.bam,9553.6,90874187-26cb-4733-bec5-d840b53a1c1d
GTOP-BG291,RNA-seq,Illumina NovaSeq X,Gallbladder,bam,GTOP-BG291-1856.bam,9020.1,61dd994a-8bbc-4784-9fd0-5a574d8d7ea5
GTOP-BG291,RNA-seq,Illumina NovaSeq X,Adrenal_Gland,bam,GTOP-BG291-2099.bam,8734.1,803e1216-c785-4ce6-a581-a1464f023e6f
GTOP-BG291,RNA-seq,Illumina NovaSeq X,Spleen,bam,GTOP-BG291-3082.bam,8444,6dd0f3e4-f63c-4f0a-9729-9789fc54b0c0
GTOP-BG311,RNA-seq,Illumina NovaSeq X,Muscle,bam,GTOP-BG311-0087.bam,8900.6,91b71927-48c9-45d7-9d97-626c489ddfb5
GTOP-BG311,RNA-seq,Illumina NovaSeq X,Adipose,bam,GTOP-BG311-0160.bam,9753.1,07ecdcc3-886d-4390-a583-1a608416d57a
GTOP-BG311,RNA-seq,Illumina NovaSeq X,Skin,bam,GTOP-BG311-0262.bam,7129.2,a04c2261-5c3e-4084-b55e-3dcfeb24e016
GTOP-BG311,RNA-seq,Illumina NovaSeq X,Whole_Blood,bam,GTOP-BG311-0378.bam,10559,5cf0a4be-7fa1-41a2-9901-c59574ac54e4
GTOP-BG311,RNA-seq,Illumina NovaSeq X,Liver,bam,GTOP-BG311-1053.bam,8505.6,6cc96ac4-036d-47e0-8717-9c08bb0e4274
GTOP-BG311,RNA-seq,Illumina NovaSeq X,Pancreas_Head,bam,GTOP-BG311-1108.bam,8719.4,bb3734ae-f282-4b88-9123-2c59c5d182eb
GTOP-BG311,RNA-seq,Illumina NovaSeq X,Pancreas_Body,bam,GTOP-BG311-1236.bam,8326.2,1c7c5937-5511-490e-9c4c-b3867d97b81b
GTOP-BG311,RNA-seq,Illumina NovaSeq X,Pancreas_Tail,bam,GTOP-BG311-1392.bam,9241,cc93722d-7077-4073-9866-8745764d76f2
GTOP-BG311,RNA-seq,Illumina NovaSeq X,Gallbladder,bam,GTOP-BG311-1856.bam,9208.7,cf52dfff-36b3-4c37-913c-e02350356f3c
GTOP-BG311,RNA-seq,Illumina NovaSeq X,Adrenal_Gland,bam,GTOP-BG311-2099.bam,9381.7,54d9c6ac-1086-4688-a5c0-c747743f090e
GTOP-BG311,RNA-seq,Illumina NovaSeq X,Spleen,bam,GTOP-BG311-3082.bam,9335.5,39ca8de1-af86-4cb7-abf5-8f1a7cd050a6
GTOP-BH071,RNA-seq,Illumina NovaSeq X,Whole_Blood,bam,GTOP-BH071-0378.bam,9167.1,53fdb442-65a9-448d-b891-8490c13e8395
GTOP-BH071,RNA-seq,Illumina NovaSeq X,Liver,bam,GTOP-BH071-1053.bam,9091.9,a221fbdd-ae48-4056-a357-53c34913b0c8
GTOP-BH071,RNA-seq,Illumina NovaSeq X,Pancreas_Head,bam,GTOP-BH071-1108.bam,9581.3,f2729503-bea6-4bb3-9276-f9549096fa81
GTOP-BH071,RNA-seq,Illumina NovaSeq X,Pancreas_Body,bam,GTOP-BH071-1236.bam,9284.5,a1560023-f51e-4e8f-a65e-d98923c94a06
GTOP-BH071,RNA-seq,Illumina NovaSeq X,Pancreas_Tail,bam,GTOP-BH071-1392.bam,10872.2,2e520939-c288-400b-bdc3-4088ded68c86
GTOP-BH071,RNA-seq,Illumina NovaSeq X,Gallbladder,bam,GTOP-BH071-1856.bam,13575.6,0369c54b-b788-4497-b063-fb3b2229d122
GTOP-BH071,RNA-seq,Illumina NovaSeq X,Adrenal_Gland,bam,GTOP-BH071-2099.bam,9060.6,32f4d72c-b067-4b2e-a81b-7134178cde35
GTOP-BH101,RNA-seq,Illumina NovaSeq X,Muscle,bam,GTOP-BH101-0087.bam,10092.7,e68508c0-f575-444f-aaeb-8ac5f7bd9f75
GTOP-BH101,RNA-seq,Illumina NovaSeq X,Adipose,bam,GTOP-BH101-0160.bam,8876.5,2435f2dd-4def-4a30-a4af-ad687e1fc968
GTOP-BH101,RNA-seq,Illumina NovaSeq X,Whole_Blood,bam,GTOP-BH101-0378.bam,10176.6,a1ffe281-4397-4c16-ad6d-6f8f41cb57c2
GTOP-BH101,RNA-seq,Illumina NovaSeq X,Liver,bam,GTOP-BH101-1053.bam,8857.9,de308ae7-d4c9-4bdf-af23-040ce84582e0
GTOP-BH101,RNA-seq,Illumina NovaSeq X,Pancreas_Head,bam,GTOP-BH101-1108.bam,11350.2,3743b670-d971-45eb-b746-a3554d2b6e33
GTOP-BH101,RNA-seq,Illumina NovaSeq X,Pancreas_Body,bam,GTOP-BH101-1236.bam,9306.7,c504900e-e7ea-4c94-9020-ebed819c77a7
GTOP-BH101,RNA-seq,Illumina NovaSeq X,Pancreas_Tail,bam,GTOP-BH101-1392.bam,9391.6,d767224b-eb99-4d9e-9a44-d6ee3fc26cf4
GTOP-BH101,RNA-seq,Illumina NovaSeq X,Gallbladder,bam,GTOP-BH101-1856.bam,7908.9,e397786e-bf27-4003-bbdd-f793f4f6c798
GTOP-BH101,RNA-seq,Illumina NovaSeq X,Adrenal_Gland,bam,GTOP-BH101-2099.bam,9697.8,c271075f-d52f-4a04-bd29-59728f90ef0d
GTOP-BH101,RNA-seq,Illumina NovaSeq X,Spleen,bam,GTOP-BH101-3082.bam,9778.7,4f418a8b-cc79-43e9-8b91-a2a49672badf
GTOP-BH101,RNA-seq,Illumina NovaSeq X,Skin,bam,GTOP-BH101-0262.bam,10059.4,4defb46e-d7dd-4281-951f-d25558f79fa2
GTOP-BH131,RNA-seq,Illumina NovaSeq X,Muscle,bam,GTOP-BH131-0087.bam,9159.5,2b7afb75-f48a-45e2-a121-77835c1dec55
GTOP-BH131,RNA-seq,Illumina NovaSeq X,Adipose,bam,GTOP-BH131-0160.bam,12209.9,4951937b-67e0-4b39-9671-a1d63feb057c
GTOP-BH131,RNA-seq,Illumina NovaSeq X,Whole_Blood,bam,GTOP-BH131-0378.bam,10676,bf0913f4-afe4-47e5-ad15-fabb488e9460
GTOP-BH131,RNA-seq,Illumina NovaSeq X,Liver,bam,GTOP-BH131-1053.bam,9213.1,6cb36638-d7a9-4cf0-9aa1-744b6abe5931
GTOP-BH131,RNA-seq,Illumina NovaSeq X,Pancreas_Head,bam,GTOP-BH131-1108.bam,9716.9,36c63604-b4b7-41c4-8f6c-08d0ae68b887
GTOP-BH131,RNA-seq,Illumina NovaSeq X,Pancreas_Body,bam,GTOP-BH131-1236.bam,9652.9,b8aab08e-72d3-4259-9a0c-6f54c92d621a
GTOP-BH131,RNA-seq,Illumina NovaSeq X,Pancreas_Tail,bam,GTOP-BH131-1392.bam,9728.8,82c1b1aa-6610-4d32-84a0-5b32974e6c71
GTOP-BH131,RNA-seq,Illumina NovaSeq X,Stomach,bam,GTOP-BH131-1601.bam,9883.3,9c560f33-fe0b-4162-b250-0ea377aadd52
GTOP-BH131,RNA-seq,Illumina NovaSeq X,Esophagus,bam,GTOP-BH131-1710.bam,6068.9,25fe7eed-d400-4114-884b-db7a669969fb
GTOP-BH131,RNA-seq,Illumina NovaSeq X,Gallbladder,bam,GTOP-BH131-1856.bam,11349.1,b4609f37-c9f2-494c-b71f-be4a1f55277f
GTOP-BH131,RNA-seq,Illumina NovaSeq X,Adrenal_Gland,bam,GTOP-BH131-2099.bam,10144.3,aa995c40-7b0e-4a94-8ad8-54c94367fd82
GTOP-BH131,RNA-seq,Illumina NovaSeq X,Spleen,bam,GTOP-BH131-3082.bam,10717.8,58d6abcf-c97d-4df4-9d09-64c329bde5f6
GTOP-BH131,RNA-seq,Illumina NovaSeq X,Heart_Left_Ventricle,bam,GTOP-BH131-4002.bam,10426.1,0db33ece-099f-47f6-a73b-d13d8b78b28e
GTOP-BH131,RNA-seq,Illumina NovaSeq X,Heart_Right_Ventricle,bam,GTOP-BH131-4003.bam,9260.7,f7cd3730-799f-4234-903e-cd31d7bbe8bf
GTOP-BH131,RNA-seq,Illumina NovaSeq X,Heart_Right_Atrium,bam,GTOP-BH131-4018.bam,9730.1,87672785-3a21-4e98-8e43-eb19d0e9cfda
GTOP-BH131,RNA-seq,Illumina NovaSeq X,Heart_Left_Atrium,bam,GTOP-BH131-4019.bam,10406.4,19b24d81-de0d-4e78-9860-2a780ef04041
GTOP-BH131,RNA-seq,Illumina NovaSeq X,Heart_Mitral_Valve,bam,GTOP-BH131-4022.bam,10686.9,83343785-414a-49cb-967e-721f67c46661
GTOP-BH131,RNA-seq,Illumina NovaSeq X,Heart_Tricuspid_Valve,bam,GTOP-BH131-4023.bam,12384.2,41ddcabd-70d7-4216-8569-6377d7bf6922
GTOP-BH131,RNA-seq,Illumina NovaSeq X,Lung_Base,bam,GTOP-BH131-5032.bam,8730.5,fb0f10a6-f567-4cf1-a24c-3ecc42fbc117
GTOP-BH131,RNA-seq,Illumina NovaSeq X,Lung_Apex,bam,GTOP-BH131-5156.bam,9516.6,7c62bb4d-3eb0-403c-83ef-2f36463264fa
GTOP-BH131,RNA-seq,Illumina NovaSeq X,Skin,bam,GTOP-BH131-0262.bam,9461.8,f9f81fe2-c1d7-4ee1-b6ef-b524ae74d6ab
GTOP-BH171,RNA-seq,Illumina NovaSeq X,Muscle,bam,GTOP-BH171-0087.bam,9348.5,d32d334b-acaa-4879-ad74-f2e720e706d5
GTOP-BH171,RNA-seq,Illumina NovaSeq X,Adipose,bam,GTOP-BH171-0160.bam,10482.8,69fba6e4-3de3-4b2b-98f5-6789a34f60a9
GTOP-BH171,RNA-seq,Illumina NovaSeq X,Whole_Blood,bam,GTOP-BH171-0378.bam,8201,567fe241-07a5-4d70-b043-c66c8f887c88
GTOP-BH171,RNA-seq,Illumina NovaSeq X,Liver,bam,GTOP-BH171-1053.bam,8976.8,23d9c88a-eac1-4436-b45c-28bc0c06e756
GTOP-BH171,RNA-seq,Illumina NovaSeq X,Pancreas_Head,bam,GTOP-BH171-1108.bam,9838.5,069d9587-0b82-42eb-8046-1bf2c8956fb1
GTOP-BH171,RNA-seq,Illumina NovaSeq X,Pancreas_Body,bam,GTOP-BH171-1236.bam,10277.4,fcc8c805-13e4-4da3-bde0-258c93443b23
GTOP-BH171,RNA-seq,Illumina NovaSeq X,Pancreas_Tail,bam,GTOP-BH171-1392.bam,8708.2,53c5cc86-b2fa-4d50-a2ad-663bb23a7666
GTOP-BH171,RNA-seq,Illumina NovaSeq X,Gallbladder,bam,GTOP-BH171-1856.bam,9573.2,4aa58da8-bfb5-4e7d-9eec-c0f7f4e167aa
GTOP-BH171,RNA-seq,Illumina NovaSeq X,Adrenal_Gland,bam,GTOP-BH171-2099.bam,8528.2,2f61e560-0e08-4798-b70a-93e241360163
GTOP-BH171,RNA-seq,Illumina NovaSeq X,Skin,bam,GTOP-BH171-0262.bam,9962.9,332f9b4f-9fe5-4263-a14c-3c0f4a827ddf
GTOP-BH271,RNA-seq,Illumina NovaSeq X,Adipose,bam,GTOP-BH271-0160.bam,9808.4,8791df4e-8ad8-41b5-9e8a-cabb47427d6c
GTOP-BH271,RNA-seq,Illumina NovaSeq X,Whole_Blood,bam,GTOP-BH271-0378.bam,10207.2,6b0eb652-ec22-45e4-88ad-63395a6f98eb
GTOP-BH271,RNA-seq,Illumina NovaSeq X,Liver,bam,GTOP-BH271-1053.bam,8388.4,bffea6e3-3b56-4d42-a830-a77a45d1a791
GTOP-BH271,RNA-seq,Illumina NovaSeq X,Pancreas_Head,bam,GTOP-BH271-1108.bam,9226.9,04a15e53-44b4-4ee3-a3de-c13ecce9d3b3
GTOP-BH271,RNA-seq,Illumina NovaSeq X,Pancreas_Body,bam,GTOP-BH271-1236.bam,9401.6,1c4a7d64-d2ed-4e3d-adf8-4026e646c752
GTOP-BH271,RNA-seq,Illumina NovaSeq X,Pancreas_Tail,bam,GTOP-BH271-1392.bam,9649.2,6e12962c-f1a8-4512-bf14-908c020f2812
GTOP-BH271,RNA-seq,Illumina NovaSeq X,Gallbladder,bam,GTOP-BH271-1856.bam,9048.2,42e1203d-0da2-4f88-966b-a9c7210c054a
GTOP-BH271,RNA-seq,Illumina NovaSeq X,Adrenal_Gland,bam,GTOP-BH271-2099.bam,8959.4,fb510f27-a412-47bb-b12a-fc3c6dca9b6e
GTOP-BI071,RNA-seq,Illumina NovaSeq X,Muscle,bam,GTOP-BI071-0087.bam,6448.7,0e0ccfd3-3d5f-4899-a73e-42e6caea6884
GTOP-BI071,RNA-seq,Illumina NovaSeq X,Adipose,bam,GTOP-BI071-0160.bam,12606.9,14779a69-5990-492a-9b71-b6a2b1f8a383
GTOP-BI071,RNA-seq,Illumina NovaSeq X,Whole_Blood,bam,GTOP-BI071-0378.bam,9752.4,27b1dfc3-5b58-41c5-a43e-e5be6ab38f32
GTOP-BI071,RNA-seq,Illumina NovaSeq X,Liver,bam,GTOP-BI071-1053.bam,8701.8,7bb90740-0768-43dc-b35a-ba0c852838e5
GTOP-BI071,RNA-seq,Illumina NovaSeq X,Pancreas_Head,bam,GTOP-BI071-1108.bam,8656.9,3e1266ad-b98b-47e0-8f76-0561e7594283
GTOP-BI071,RNA-seq,Illumina NovaSeq X,Pancreas_Body,bam,GTOP-BI071-1236.bam,8547.8,a8ede7d0-df97-400b-8253-0f8c934dbc96
GTOP-BI071,RNA-seq,Illumina NovaSeq X,Gallbladder,bam,GTOP-BI071-1856.bam,9696,fbd77b34-0a9d-4667-a1ce-213896cb453d
GTOP-BI071,RNA-seq,Illumina NovaSeq X,Spleen,bam,GTOP-BI071-3082.bam,9590.4,33c41e5d-4f76-448e-8efd-58999f975c54
GTOP-BI071,RNA-seq,Illumina NovaSeq X,Skin,bam,GTOP-BI071-0262.bam,8733.2,46e14601-9c35-4c98-b189-e3a91e6cc7fa
GTOP-BI281,RNA-seq,Illumina NovaSeq X,Muscle,bam,GTOP-BI281-0087.bam,11132.3,d24c717d-de62-4afc-a111-ddb8f29b03b7
GTOP-BI281,RNA-seq,Illumina NovaSeq X,Adipose,bam,GTOP-BI281-0160.bam,11033.5,48a34f50-59fe-48c9-a8b6-438f7d5154ac
GTOP-BI281,RNA-seq,Illumina NovaSeq X,Whole_Blood,bam,GTOP-BI281-0378.bam,8673.6,3d7ecc1e-dbb2-4841-83b6-7fd0dbfb73a6
GTOP-BI281,RNA-seq,Illumina NovaSeq X,Liver,bam,GTOP-BI281-1053.bam,9579.4,8c1ce659-af02-4eb9-aab8-d0864496d8f2
GTOP-BI281,RNA-seq,Illumina NovaSeq X,Pancreas_Head,bam,GTOP-BI281-1108.bam,9412.4,d6eecb35-52a1-411c-a62a-90cde4b712f4
GTOP-BI281,RNA-seq,Illumina NovaSeq X,Pancreas_Body,bam,GTOP-BI281-1236.bam,8637.9,0ded2c0b-a4e4-45fe-a134-33da069d6499
GTOP-BI281,RNA-seq,Illumina NovaSeq X,Pancreas_Tail,bam,GTOP-BI281-1392.bam,8607.5,43374471-122b-4584-b489-c1479c75b61f
GTOP-BI281,RNA-seq,Illumina NovaSeq X,Gallbladder,bam,GTOP-BI281-1856.bam,9710.4,8991b1fa-74e4-4c14-8f9c-6cfe65ee5b52
GTOP-BI281,RNA-seq,Illumina NovaSeq X,Adrenal_Gland,bam,GTOP-BI281-2099.bam,11564.3,89138602-3d86-4575-bf49-5323c6af2c7e
GTOP-BI281,RNA-seq,Illumina NovaSeq X,Spleen,bam,GTOP-BI281-3082.bam,10622.5,a7fbda3d-6691-4c49-86c1-404feb3fd11c
GTOP-BI281,RNA-seq,Illumina NovaSeq X,Skin,bam,GTOP-BI281-0262.bam,10707.1,b1189c99-d7f5-4708-8eef-e14e8a5b355e
GTOP-BJ111,RNA-seq,Illumina NovaSeq X,Adipose,bam,GTOP-BJ111-0160.bam,9382.5,80bd272a-0f2e-4a53-b073-267a3fd23e7f
GTOP-BJ111,RNA-seq,Illumina NovaSeq X,Whole_Blood,bam,GTOP-BJ111-0378.bam,8984.9,8f6863a7-5e50-4cb8-9101-52ba86e3c5ed
GTOP-BJ111,RNA-seq,Illumina NovaSeq X,Liver,bam,GTOP-BJ111-1053.bam,10382.2,d927821a-b00c-4a62-a7e9-cc237967cf96
GTOP-BJ111,RNA-seq,Illumina NovaSeq X,Pancreas_Head,bam,GTOP-BJ111-1108.bam,8529.7,9129ac33-c5d8-4236-b6c5-55eab4e01141
GTOP-BJ111,RNA-seq,Illumina NovaSeq X,Pancreas_Body,bam,GTOP-BJ111-1236.bam,10480.1,e3eb71cf-fd64-492c-b41a-5359b8e8212d
GTOP-BJ111,RNA-seq,Illumina NovaSeq X,Pancreas_Tail,bam,GTOP-BJ111-1392.bam,9245.4,d0e2d949-8838-40fe-b070-5484f465b908
GTOP-BJ111,RNA-seq,Illumina NovaSeq X,Gallbladder,bam,GTOP-BJ111-1856.bam,9606,4f2a632e-72e8-49ff-8193-e87581d0ca51
GTOP-BJ111,RNA-seq,Illumina NovaSeq X,Adrenal_Gland,bam,GTOP-BJ111-2099.bam,8436.9,defcd2eb-d26b-41e4-94a9-9794b39a5d01
GTOP-BJ131,RNA-seq,Illumina NovaSeq X,Muscle,bam,GTOP-BJ131-0087.bam,9297.2,df5d0a13-17b2-416a-8309-8c2813d241e6
GTOP-BJ131,RNA-seq,Illumina NovaSeq X,Adipose,bam,GTOP-BJ131-0160.bam,9164.1,8e5372ce-47df-45f8-a378-6bf10f21c95a
GTOP-BJ131,RNA-seq,Illumina NovaSeq X,Skin,bam,GTOP-BJ131-0262.bam,9321,478dee34-314c-443e-a2bd-2c77aef13147
GTOP-BJ131,RNA-seq,Illumina NovaSeq X,Whole_Blood,bam,GTOP-BJ131-0378.bam,8690.2,52ad0bb1-0a68-4368-9c08-936f6987d2de
GTOP-BJ131,RNA-seq,Illumina NovaSeq X,Liver,bam,GTOP-BJ131-1053.bam,8637.6,708958fc-8f6d-415a-9885-98c2a4c862e0
GTOP-BJ131,RNA-seq,Illumina NovaSeq X,Pancreas_Head,bam,GTOP-BJ131-1108.bam,9290.5,72555fed-854c-4276-b2c1-9d8c53a59bc9
GTOP-BJ131,RNA-seq,Illumina NovaSeq X,Pancreas_Body,bam,GTOP-BJ131-1236.bam,8124.5,10347981-c2d2-4dae-bdd0-624dce939350
GTOP-BJ131,RNA-seq,Illumina NovaSeq X,Pancreas_Tail,bam,GTOP-BJ131-1392.bam,8740.6,a7dc5a34-42e7-47f4-b676-b6c14c930820
GTOP-BJ131,RNA-seq,Illumina NovaSeq X,Gallbladder,bam,GTOP-BJ131-1856.bam,10627,3756850f-3086-40af-b301-3ba06cf044f1
GTOP-BJ131,RNA-seq,Illumina NovaSeq X,Adrenal_Gland,bam,GTOP-BJ131-2099.bam,9925.6,78fe7141-de68-49eb-9c52-7d32fe8b4394
GTOP-BJ131,RNA-seq,Illumina NovaSeq X,Spleen,bam,GTOP-BJ131-3082.bam,9963.8,b60aea99-9aad-4f6e-8087-7f28344847b0
GTOP-BJ141,RNA-seq,Illumina NovaSeq X,Muscle,bam,GTOP-BJ141-0087.bam,8778.2,b09646b8-2c0a-402d-b4ad-858519835f6b
GTOP-BJ141,RNA-seq,Illumina NovaSeq X,Adipose,bam,GTOP-BJ141-0160.bam,10071.5,a79514de-8567-468b-a12a-406f2036e4e7
GTOP-BJ141,RNA-seq,Illumina NovaSeq X,Whole_Blood,bam,GTOP-BJ141-0378.bam,9510.8,9807af3c-ae6a-4310-8682-aeb7d6e1a26e
GTOP-BJ141,RNA-seq,Illumina NovaSeq X,Liver,bam,GTOP-BJ141-1053.bam,8809.8,1fa4d551-d76c-4b55-a7c3-d122b41325ec
GTOP-BJ141,RNA-seq,Illumina NovaSeq X,Pancreas_Head,bam,GTOP-BJ141-1108.bam,9276.4,827995ae-9832-49c9-8e5d-6bfcaa50d739
GTOP-BJ141,RNA-seq,Illumina NovaSeq X,Pancreas_Body,bam,GTOP-BJ141-1236.bam,14530.4,242e5ebf-f6a9-49fa-a1a0-58d9fb0563aa
GTOP-BJ141,RNA-seq,Illumina NovaSeq X,Pancreas_Tail,bam,GTOP-BJ141-1392.bam,10600,8aa9ee08-c94b-40c1-9201-2c19aa6773e5
GTOP-BJ141,RNA-seq,Illumina NovaSeq X,Gallbladder,bam,GTOP-BJ141-1856.bam,9961.2,fcd330c7-03b7-4d40-ab34-4b94032b6573
GTOP-BJ141,RNA-seq,Illumina NovaSeq X,Adrenal_Gland,bam,GTOP-BJ141-2099.bam,12912.5,965cf86b-84d2-4d32-a5a8-e25a97a35ae2
GTOP-BJ141,RNA-seq,Illumina NovaSeq X,Spleen,bam,GTOP-BJ141-3082.bam,11123.9,3b8d3dfb-4403-4964-b3a1-6e4d6e709334
GTOP-BJ141,RNA-seq,Illumina NovaSeq X,Skin,bam,GTOP-BJ141-0262.bam,10455.9,3b4604bd-6115-488b-bca0-d9755383ce89
GTOP-BJ171,RNA-seq,Illumina NovaSeq X,Muscle,bam,GTOP-BJ171-0087.bam,10593.7,fa4a9397-9e5d-4b4c-a6fa-27e789626703
GTOP-BJ171,RNA-seq,Illumina NovaSeq X,Adipose,bam,GTOP-BJ171-0160.bam,10339.2,a6e6255b-d04a-49b5-a3fc-ac91bef32510
GTOP-BJ171,RNA-seq,Illumina NovaSeq X,Whole_Blood,bam,GTOP-BJ171-0378.bam,8335.4,39481d26-baca-4ba7-a309-0b2e6c9dbcee
GTOP-BJ171,RNA-seq,Illumina NovaSeq X,Liver,bam,GTOP-BJ171-1053.bam,10874.2,2b5cc75d-627d-4e69-88dd-1db152cb6993
GTOP-BJ171,RNA-seq,Illumina NovaSeq X,Pancreas_Head,bam,GTOP-BJ171-1108.bam,10044.7,fc6bdd7e-4b04-4608-b712-cec4952f063e
GTOP-BJ171,RNA-seq,Illumina NovaSeq X,Pancreas_Body,bam,GTOP-BJ171-1236.bam,9355.2,4f0cd7d8-0ad2-4b69-a59e-ed75035fe333
GTOP-BJ171,RNA-seq,Illumina NovaSeq X,Pancreas_Tail,bam,GTOP-BJ171-1392.bam,9962.1,5e58e8cd-a862-4c68-af1a-1385c223e122
GTOP-BJ171,RNA-seq,Illumina NovaSeq X,Gallbladder,bam,GTOP-BJ171-1856.bam,11007.4,fdf9345c-aeaf-413b-bc59-e282e04adaa1
GTOP-BJ171,RNA-seq,Illumina NovaSeq X,Adrenal_Gland,bam,GTOP-BJ171-2099.bam,9874,a907a3d3-ad38-4847-a3d9-6dd9dd54184d
GTOP-BJ171,RNA-seq,Illumina NovaSeq X,Spleen,bam,GTOP-BJ171-3082.bam,11519.4,340a4113-cdd9-4bce-bdb2-aafe901dd26b
GTOP-BJ171,RNA-seq,Illumina NovaSeq X,Skin,bam,GTOP-BJ171-0262.bam,9543.5,e0cf9fd7-0bc8-4e41-a2ee-ba5519cdb9f3
GTOP-BJ191,RNA-seq,Illumina NovaSeq X,Adipose,bam,GTOP-BJ191-0160.bam,12334.5,b23dea37-f311-498c-a8ef-884b92437038
GTOP-BJ191,RNA-seq,Illumina NovaSeq X,Whole_Blood,bam,GTOP-BJ191-0378.bam,8506.1,5eef4d07-e0e5-404e-971e-2868e103fe5a
GTOP-BJ191,RNA-seq,Illumina NovaSeq X,Liver,bam,GTOP-BJ191-1053.bam,12095.8,a6e7a0c8-4371-45cd-9330-e28f70958b9e
GTOP-BJ191,RNA-seq,Illumina NovaSeq X,Pancreas_Head,bam,GTOP-BJ191-1108.bam,10585.3,9008337b-5e51-42c7-b32f-4e8448c8cb09
GTOP-BJ191,RNA-seq,Illumina NovaSeq X,Pancreas_Body,bam,GTOP-BJ191-1236.bam,10639,f17ec75b-1903-4f3b-b75a-ae853eccd6c2
GTOP-BJ191,RNA-seq,Illumina NovaSeq X,Pancreas_Tail,bam,GTOP-BJ191-1392.bam,10488.8,8f0c4806-e56b-4bf3-9fc6-5e9e730e2186
GTOP-BJ191,RNA-seq,Illumina NovaSeq X,Gallbladder,bam,GTOP-BJ191-1856.bam,10529.7,a3104656-9c9f-4cb9-8294-b57f59da3d4c
GTOP-BJ201,RNA-seq,Illumina NovaSeq X,Muscle,bam,GTOP-BJ201-0087.bam,10262.8,3d846a2a-3585-43c4-93df-23ed1e35a7ed
GTOP-BJ201,RNA-seq,Illumina NovaSeq X,Adipose,bam,GTOP-BJ201-0160.bam,10574.3,062eac02-9614-4f3b-8b52-8eee1a9bf351
GTOP-BJ201,RNA-seq,Illumina NovaSeq X,Whole_Blood,bam,GTOP-BJ201-0378.bam,10151.9,cb95d4c3-4414-4c52-b410-8302e1299431
GTOP-BJ201,RNA-seq,Illumina NovaSeq X,Liver,bam,GTOP-BJ201-1053.bam,10335.9,fc2a34af-1af1-4218-aa95-125c74053a94
GTOP-BJ201,RNA-seq,Illumina NovaSeq X,Pancreas_Head,bam,GTOP-BJ201-1108.bam,10954.1,801c01b2-1ccb-4fe4-8f17-dab8a7a8214e
GTOP-BJ201,RNA-seq,Illumina NovaSeq X,Pancreas_Body,bam,GTOP-BJ201-1236.bam,11757.4,3d5feffd-7b05-490c-a06b-b7c77b3ffb0f
GTOP-BJ201,RNA-seq,Illumina NovaSeq X,Pancreas_Tail,bam,GTOP-BJ201-1392.bam,8991.7,5736fda9-8468-42f4-9432-73508b96813a
GTOP-BJ201,RNA-seq,Illumina NovaSeq X,Gallbladder,bam,GTOP-BJ201-1856.bam,10121.1,b7c2707c-4f24-485c-aacc-1673a10b2ca5
GTOP-BJ201,RNA-seq,Illumina NovaSeq X,Adrenal_Gland,bam,GTOP-BJ201-2099.bam,10034.6,b107ee3e-a336-4185-bd79-89795fb1ecff
GTOP-BJ201,RNA-seq,Illumina NovaSeq X,Spleen,bam,GTOP-BJ201-3082.bam,9784.3,fc6dfdef-4801-4fd6-a4d3-644aef164089
GTOP-BJ201,RNA-seq,Illumina NovaSeq X,Skin,bam,GTOP-BJ201-0262.bam,10703.7,964bc38f-86f8-4f01-b532-8c92fda41fd7
GTOP-BK021,RNA-seq,Illumina NovaSeq X,Muscle,bam,GTOP-BK021-0087.bam,10338.2,a26071f8-bf52-4398-8508-3851316bbb91
GTOP-BK021,RNA-seq,Illumina NovaSeq X,Adipose,bam,GTOP-BK021-0160.bam,8938,3ee0a829-618f-4ccf-af70-f5f4f0114bac
GTOP-BK021,RNA-seq,Illumina NovaSeq X,Skin,bam,GTOP-BK021-0262.bam,9612.7,73cd9e76-512c-476a-b564-426a434c5e29
GTOP-BK021,RNA-seq,Illumina NovaSeq X,Whole_Blood,bam,GTOP-BK021-0378.bam,8819.2,c5411a96-f70c-413e-9814-479e43c4e7a8
GTOP-BK021,RNA-seq,Illumina NovaSeq X,Liver,bam,GTOP-BK021-1053.bam,8977.3,bbdd8c9a-fa46-4a57-9b42-babd9c34c9c5
GTOP-BK021,RNA-seq,Illumina NovaSeq X,Pancreas_Head,bam,GTOP-BK021-1108.bam,8939.2,80a294b3-5800-4932-812f-b712e0dcfeb3
GTOP-BK021,RNA-seq,Illumina NovaSeq X,Pancreas_Body,bam,GTOP-BK021-1236.bam,9841.2,e5d39668-e193-4c47-be42-986392849ca6
GTOP-BK021,RNA-seq,Illumina NovaSeq X,Pancreas_Tail,bam,GTOP-BK021-1392.bam,9268.4,1ded01e8-ac8a-454b-aad6-c3c3c9957443
GTOP-BK021,RNA-seq,Illumina NovaSeq X,Gallbladder,bam,GTOP-BK021-1856.bam,9176.5,95468ab2-4429-4a67-9fdc-b44d53ce3baa
GTOP-BK021,RNA-seq,Illumina NovaSeq X,Adrenal_Gland,bam,GTOP-BK021-2099.bam,9938.1,1e0ac941-5847-4374-98d7-1e05431532a1
GTOP-BK021,RNA-seq,Illumina NovaSeq X,Spleen,bam,GTOP-BK021-3082.bam,9793,fc9d5acf-607e-469e-b102-8d0c880327d3
GTOP-BK071,RNA-seq,Illumina NovaSeq X,Muscle,bam,GTOP-BK071-0087.bam,10364.7,d5d29ae0-bc62-4c56-adb1-74161ce7a58c
GTOP-BK071,RNA-seq,Illumina NovaSeq X,Adipose,bam,GTOP-BK071-0160.bam,11169.2,da0e7dc9-8c23-4767-a6a0-c0892d3b4080
GTOP-BK071,RNA-seq,Illumina NovaSeq X,Whole_Blood,bam,GTOP-BK071-0378.bam,10251.3,f1fc9214-52c9-4631-8522-e63c491a2dd3
GTOP-BK071,RNA-seq,Illumina NovaSeq X,Liver,bam,GTOP-BK071-1053.bam,10687,04199ff0-a49f-4371-8cc3-ece3471d5386
GTOP-BK071,RNA-seq,Illumina NovaSeq X,Pancreas_Head,bam,GTOP-BK071-1108.bam,9095,06b79073-53ca-4335-b13b-dd5f3580332b
GTOP-BK071,RNA-seq,Illumina NovaSeq X,Pancreas_Body,bam,GTOP-BK071-1236.bam,9203.2,65a44ff8-b5ba-4680-84e5-c59b6531f48e
GTOP-BK071,RNA-seq,Illumina NovaSeq X,Pancreas_Tail,bam,GTOP-BK071-1392.bam,8758.8,9f7d905a-c55b-4cdc-ab1e-399acf9fc2fa
GTOP-BK071,RNA-seq,Illumina NovaSeq X,Gallbladder,bam,GTOP-BK071-1856.bam,12989.9,66e83d7b-47b1-4a03-8cee-e3a20fc3bf54
GTOP-BK071,RNA-seq,Illumina NovaSeq X,Adrenal_Gland,bam,GTOP-BK071-2099.bam,13898.9,e7565963-a1b9-4660-a0d5-3023525b1382
GTOP-BK071,RNA-seq,Illumina NovaSeq X,Spleen,bam,GTOP-BK071-3082.bam,12876.1,bed48027-ab0d-4bcb-b025-9b3103cb1801
GTOP-BK071,RNA-seq,Illumina NovaSeq X,Thoracic_Aorta,bam,GTOP-BK071-4149.bam,14294.2,e0651451-5822-4944-b59c-623460c4b8dc
GTOP-BK071,RNA-seq,Illumina NovaSeq X,Common_Iliac_Artery,bam,GTOP-BK071-4150.bam,12158.1,5961f23f-5abc-407b-bd24-db40c81e303b
GTOP-BK071,RNA-seq,Illumina NovaSeq X,Skin,bam,GTOP-BK071-0262.bam,9552.5,98b06740-0da0-438e-b618-5743a99082e5
GTOP-BK161,RNA-seq,Illumina NovaSeq X,Adipose,bam,GTOP-BK161-0160.bam,12317.4,45a77c63-4831-441d-a9ec-e29b75446426
GTOP-BK161,RNA-seq,Illumina NovaSeq X,Whole_Blood,bam,GTOP-BK161-0378.bam,8797.9,9fb04e85-5cc0-4f52-92dc-9f45d65f95a9
GTOP-BK161,RNA-seq,Illumina NovaSeq X,Liver,bam,GTOP-BK161-1053.bam,13755.2,e78cea76-81b6-466a-bebf-f27533e52a7b
GTOP-BK161,RNA-seq,Illumina NovaSeq X,Pancreas_Head,bam,GTOP-BK161-1108.bam,10077.5,bf529ae6-bb2e-4164-a4c7-60777bed1840
GTOP-BK161,RNA-seq,Illumina NovaSeq X,Pancreas_Body,bam,GTOP-BK161-1236.bam,9579.9,25e5f6d6-3c6b-45dc-b803-3a3a5045aff6
GTOP-BK161,RNA-seq,Illumina NovaSeq X,Pancreas_Tail,bam,GTOP-BK161-1392.bam,10228.8,495fb882-0182-452d-a66a-b6745b2f0e4e
GTOP-BK161,RNA-seq,Illumina NovaSeq X,Gallbladder,bam,GTOP-BK161-1856.bam,10820.3,6e54a824-1ac7-4c8e-8c7a-5627110e6d43
GTOP-BK161,RNA-seq,Illumina NovaSeq X,Adrenal_Gland,bam,GTOP-BK161-2099.bam,10342.3,37dd3ab8-e1be-41c0-9699-d3af2135ae88
GTOP-BK191,RNA-seq,Illumina NovaSeq X,Muscle,bam,GTOP-BK191-0087.bam,12066.3,64d8c8f1-5f0f-4e55-a34a-9cf38d0c6015
GTOP-BK191,RNA-seq,Illumina NovaSeq X,Adipose,bam,GTOP-BK191-0160.bam,9635,b4c96fdc-997c-4b4c-a2ae-e5ec62b7c910
GTOP-BK191,RNA-seq,Illumina NovaSeq X,Skin,bam,GTOP-BK191-0262.bam,10966.5,55c5633f-1743-460d-a834-3e5f4b89aab9
GTOP-BK191,RNA-seq,Illumina NovaSeq X,Whole_Blood,bam,GTOP-BK191-0378.bam,8594.6,60a11253-c79a-4528-ac82-0adc762b9fb3
GTOP-BK191,RNA-seq,Illumina NovaSeq X,Pancreas_Head,bam,GTOP-BK191-1108.bam,13229.9,7b95bf91-8fb9-41e9-bf19-dc109504165d
GTOP-BK191,RNA-seq,Illumina NovaSeq X,Pancreas_Body,bam,GTOP-BK191-1236.bam,12584.7,ac54126e-f7ec-4c85-8c97-407b6bcd79f3
GTOP-BK191,RNA-seq,Illumina NovaSeq X,Pancreas_Tail,bam,GTOP-BK191-1392.bam,13923,a9241d66-b1e3-43ff-86c6-26fa2ba304a7
GTOP-BK191,RNA-seq,Illumina NovaSeq X,Adrenal_Gland,bam,GTOP-BK191-2099.bam,8650.2,8c04113b-62e4-47c7-87c5-b9b3e21186f0
GTOP-BK191,RNA-seq,Illumina NovaSeq X,Spleen,bam,GTOP-BK191-3082.bam,9434.1,2869196a-bb32-43bb-bde2-f1fb640f37d0
GTOP-BK251,RNA-seq,Illumina NovaSeq X,Adipose,bam,GTOP-BK251-0160.bam,10860.1,55bc3c2d-b553-4344-a5ca-656fac29a561
GTOP-BK251,RNA-seq,Illumina NovaSeq X,Whole_Blood,bam,GTOP-BK251-0378.bam,8439.7,e487df02-2de3-4f0b-ab15-f1ee11cf9b64
GTOP-BK251,RNA-seq,Illumina NovaSeq X,Liver,bam,GTOP-BK251-1053.bam,10293.2,e8bc95d9-b83e-4495-aed4-4bc8ff8cbfe7
GTOP-BK251,RNA-seq,Illumina NovaSeq X,Pancreas_Head,bam,GTOP-BK251-1108.bam,10593.6,d8443dee-9cf9-4afa-a594-de0baee79f08
GTOP-BK251,RNA-seq,Illumina NovaSeq X,Pancreas_Body,bam,GTOP-BK251-1236.bam,9833.8,3ca69dce-b739-410b-a910-7b7b1bac95e8
GTOP-BK251,RNA-seq,Illumina NovaSeq X,Pancreas_Tail,bam,GTOP-BK251-1392.bam,9686.1,37d8b43a-186f-4896-a081-bcddc08c061c
GTOP-BK251,RNA-seq,Illumina NovaSeq X,Gallbladder,bam,GTOP-BK251-1856.bam,10299.3,a826f836-159b-408b-a13b-65d6b152f2e8
GTOP-BK251,RNA-seq,Illumina NovaSeq X,Adrenal_Gland,bam,GTOP-BK251-2099.bam,14128.4,85b25b9e-ff94-4775-8954-005566f74488
GTOP-BK261,RNA-seq,Illumina NovaSeq X,Adipose,bam,GTOP-BK261-0160.bam,11852.2,15d6cb98-4a19-48c5-a91c-7f8e87194a17
GTOP-BK261,RNA-seq,Illumina NovaSeq X,Whole_Blood,bam,GTOP-BK261-0378.bam,9499.9,f400dc17-e8d5-4749-9921-6bf0935f53e5
GTOP-BK261,RNA-seq,Illumina NovaSeq X,Pancreas_Head,bam,GTOP-BK261-1108.bam,11481.4,e51fd0eb-ba56-4893-947d-388fd55e5b8a
GTOP-BK261,RNA-seq,Illumina NovaSeq X,Pancreas_Body,bam,GTOP-BK261-1236.bam,10687.4,1a295fda-3a72-4880-a46b-1033e1c5e8fe
GTOP-BK261,RNA-seq,Illumina NovaSeq X,Pancreas_Tail,bam,GTOP-BK261-1392.bam,9018.2,27151d73-75d2-426e-82e3-cd8480cd3d96
GTOP-BK261,RNA-seq,Illumina NovaSeq X,Gallbladder,bam,GTOP-BK261-1856.bam,11204.4,fe2c702e-69fa-4682-a1f6-b12df03ff367
GTOP-BK261,RNA-seq,Illumina NovaSeq X,Adrenal_Gland,bam,GTOP-BK261-2099.bam,9571,38de57a9-bdb3-4692-9aab-55f6e234c82f
GTOP-BK281,RNA-seq,Illumina NovaSeq X,Muscle,bam,GTOP-BK281-0087.bam,8581.8,2b5f4f35-b7e4-4ca9-bb03-feabddf1982e
GTOP-BK281,RNA-seq,Illumina NovaSeq X,Adipose,bam,GTOP-BK281-0160.bam,9662.1,c6dd163c-c3d5-4986-ae1f-682fc1844b34
GTOP-BK281,RNA-seq,Illumina NovaSeq X,Skin,bam,GTOP-BK281-0262.bam,7719.1,9e3e748b-8749-47f0-8f9e-a704e3d60e82
GTOP-BK281,RNA-seq,Illumina NovaSeq X,Whole_Blood,bam,GTOP-BK281-0378.bam,8545.9,406226fb-3587-4193-91db-d0cd4a0ce102
GTOP-BK281,RNA-seq,Illumina NovaSeq X,Liver,bam,GTOP-BK281-1053.bam,11386.5,66c202a0-01ab-40fc-8c51-c29c8ceeb140
GTOP-BK281,RNA-seq,Illumina NovaSeq X,Pancreas_Head,bam,GTOP-BK281-1108.bam,12648,1b5f8765-5bb3-4e04-bfbb-e4234828262a
GTOP-BK281,RNA-seq,Illumina NovaSeq X,Pancreas_Body,bam,GTOP-BK281-1236.bam,12532.6,bc6ca817-079f-474a-8141-cb8a8fd58fc7
GTOP-BK281,RNA-seq,Illumina NovaSeq X,Pancreas_Tail,bam,GTOP-BK281-1392.bam,11698.5,801eb517-a300-4d96-a361-101c8bfab1fe
GTOP-BK281,RNA-seq,Illumina NovaSeq X,Gallbladder,bam,GTOP-BK281-1856.bam,5463.6,ca001c70-89aa-4ba5-8ac4-352a511b2d8d
GTOP-BK281,RNA-seq,Illumina NovaSeq X,Adrenal_Gland,bam,GTOP-BK281-2099.bam,5454.4,4e821ad8-c70b-4507-81ed-6bd8fe401d7c
GTOP-BK281,RNA-seq,Illumina NovaSeq X,Spleen,bam,GTOP-BK281-3082.bam,7986,01aa5779-e607-489d-bd3d-10492b67f2fa
GTOP-BK281,RNA-seq,Illumina NovaSeq X,Heart_Right_Atrium,bam,GTOP-BK281-4018.bam,8211.6,8daefcf1-de40-471d-8004-6e635b0efbdb
GTOP-BK281,RNA-seq,Illumina NovaSeq X,Thoracic_Aorta,bam,GTOP-BK281-4149.bam,9451.7,22facd13-4629-4364-b911-6aab77378390
GTOP-BL021,RNA-seq,Illumina NovaSeq X,Muscle,bam,GTOP-BL021-0087.bam,9065.2,60c1e9b9-299d-4ae8-b0c3-c23644e7b016
GTOP-BL021,RNA-seq,Illumina NovaSeq X,Adipose,bam,GTOP-BL021-0160.bam,9011.4,33556b17-a19c-4395-bc63-e48c1810d719
GTOP-BL021,RNA-seq,Illumina NovaSeq X,Whole_Blood,bam,GTOP-BL021-0378.bam,8978.4,519c6e5d-e02e-4d41-b200-de33c3c4f6af
GTOP-BL021,RNA-seq,Illumina NovaSeq X,Pancreas_Head,bam,GTOP-BL021-1108.bam,10757.7,25399f29-6bb9-437e-b925-35a887c7862b
GTOP-BL021,RNA-seq,Illumina NovaSeq X,Pancreas_Body,bam,GTOP-BL021-1236.bam,13343.2,3d30f5b0-f4dd-4aad-8263-86f3e4b627c6
GTOP-BL021,RNA-seq,Illumina NovaSeq X,Pancreas_Tail,bam,GTOP-BL021-1392.bam,11197.4,316045e7-dbc1-44eb-829e-8f519c502825
GTOP-BL021,RNA-seq,Illumina NovaSeq X,Gallbladder,bam,GTOP-BL021-1856.bam,9777.3,2d1cada4-14ab-4fca-8038-edb4c16374e6
GTOP-BL021,RNA-seq,Illumina NovaSeq X,Adrenal_Gland,bam,GTOP-BL021-2099.bam,10600.9,204ec786-5e45-458d-8555-d9cb9798eb35
GTOP-BL021,RNA-seq,Illumina NovaSeq X,Spleen,bam,GTOP-BL021-3082.bam,10339.2,24b18eb7-745a-4484-b5aa-4d19129aec02
GTOP-BL021,RNA-seq,Illumina NovaSeq X,Lung_Base,bam,GTOP-BL021-5032.bam,10123.7,0be8ba02-797a-4d09-b1a8-a6d5f60e4341
GTOP-BL021,RNA-seq,Illumina NovaSeq X,Lung_Apex,bam,GTOP-BL021-5156.bam,7765.5,cda40bc8-60b4-4d9b-9d94-1aed328b2fe9
GTOP-BL091,RNA-seq,Illumina NovaSeq X,Muscle,bam,GTOP-BL091-0087.bam,10964.5,ff213748-2ae6-476c-8360-40f1c4fb6042
GTOP-BL091,RNA-seq,Illumina NovaSeq X,Adipose,bam,GTOP-BL091-0160.bam,10010.5,7603712e-181f-49fb-874e-2f0bccdba476
GTOP-BL091,RNA-seq,Illumina NovaSeq X,Skin,bam,GTOP-BL091-0262.bam,9091.7,453be0d2-054e-4310-b587-e0be3c0c34dd
GTOP-BL091,RNA-seq,Illumina NovaSeq X,Whole_Blood,bam,GTOP-BL091-0378.bam,8461.5,bb4b7638-b670-4245-90a0-373a5ec6469e
GTOP-BL091,RNA-seq,Illumina NovaSeq X,Liver,bam,GTOP-BL091-1053.bam,11533.5,0025a3ea-60b3-4203-b1b4-60c70a46b0c9
GTOP-BL091,RNA-seq,Illumina NovaSeq X,Pancreas_Head,bam,GTOP-BL091-1108.bam,11280.1,a01eb71c-685e-4abe-8347-996d520ae6f4
GTOP-BL091,RNA-seq,Illumina NovaSeq X,Pancreas_Body,bam,GTOP-BL091-1236.bam,12510.6,3cd8c508-aae9-4b30-8ebd-7ce33c1c88ae
GTOP-BL091,RNA-seq,Illumina NovaSeq X,Pancreas_Tail,bam,GTOP-BL091-1392.bam,9787.4,34b1ae3b-2d84-473e-8208-15ca822fd400
GTOP-BL091,RNA-seq,Illumina NovaSeq X,Gallbladder,bam,GTOP-BL091-1856.bam,11659.1,a5e26aba-cef8-4452-bff3-479daa49fde9
GTOP-BL091,RNA-seq,Illumina NovaSeq X,Adrenal_Gland,bam,GTOP-BL091-2099.bam,6430.5,a3607918-f832-46a8-a517-bc6846e1a977
GTOP-BL151,RNA-seq,Illumina NovaSeq X,Muscle,bam,GTOP-BL151-0087.bam,8478.3,9b7cdcb5-9a90-4f06-8235-06feda4ab349
GTOP-BL151,RNA-seq,Illumina NovaSeq X,Adipose,bam,GTOP-BL151-0160.bam,8998.4,a230fd05-c278-4f5c-8cba-80ce64b55775
GTOP-BL151,RNA-seq,Illumina NovaSeq X,Skin,bam,GTOP-BL151-0262.bam,10306.5,faf4ec28-ad04-497a-bd83-248551f67657
GTOP-BL151,RNA-seq,Illumina NovaSeq X,Whole_Blood,bam,GTOP-BL151-0378.bam,9004.3,0f0dc175-4629-4929-8abf-35a5afc469fd
GTOP-BL151,RNA-seq,Illumina NovaSeq X,Liver,bam,GTOP-BL151-1053.bam,8287.5,9f3a55a1-48ad-4de2-b0f4-8aaef2bc1070
GTOP-BL151,RNA-seq,Illumina NovaSeq X,Pancreas_Head,bam,GTOP-BL151-1108.bam,9539.6,1ce40cc3-926e-4ff3-b82f-9e274014e00b
GTOP-BL151,RNA-seq,Illumina NovaSeq X,Pancreas_Body,bam,GTOP-BL151-1236.bam,10063.3,59159fb9-8bff-44f2-a0ac-db245ca92f3b
GTOP-BL151,RNA-seq,Illumina NovaSeq X,Pancreas_Tail,bam,GTOP-BL151-1392.bam,9708.2,11b5af54-6635-4728-b9bc-99c52dbd04cd
GTOP-BL151,RNA-seq,Illumina NovaSeq X,Adrenal_Gland,bam,GTOP-BL151-2099.bam,14331.9,3610ec31-19d2-435e-ab7a-e35a93b893fd
GTOP-BL161,RNA-seq,Illumina NovaSeq X,Muscle,bam,GTOP-BL161-0087.bam,7947.8,5071d492-d050-45aa-a6e7-7667ed72838e
GTOP-BL161,RNA-seq,Illumina NovaSeq X,Adipose,bam,GTOP-BL161-0160.bam,11247.5,3116a883-a7f6-43d6-9648-6cae437025db
GTOP-BL161,RNA-seq,Illumina NovaSeq X,Skin,bam,GTOP-BL161-0262.bam,9361.4,f4d9b3b9-15e1-4540-bd13-3830ee2d5d0b
GTOP-BL161,RNA-seq,Illumina NovaSeq X,Whole_Blood,bam,GTOP-BL161-0378.bam,12308.7,3f368bf3-621a-4f0c-8e95-f14fcc3aab90
GTOP-BL161,RNA-seq,Illumina NovaSeq X,Liver,bam,GTOP-BL161-1053.bam,13363.7,9cd8aaee-db66-49e3-8753-592d5d7b117d
GTOP-BL161,RNA-seq,Illumina NovaSeq X,Pancreas_Head,bam,GTOP-BL161-1108.bam,10202.7,dbb4e717-d834-41ba-8b08-2796602662b7
GTOP-BL161,RNA-seq,Illumina NovaSeq X,Pancreas_Body,bam,GTOP-BL161-1236.bam,11051.2,1bc86ba5-feb3-4342-92b3-5f97c4de35c3
GTOP-BL161,RNA-seq,Illumina NovaSeq X,Pancreas_Tail,bam,GTOP-BL161-1392.bam,11474.7,c1854c7b-79f7-4317-9797-6106a2c453a9
GTOP-BL161,RNA-seq,Illumina NovaSeq X,Gallbladder,bam,GTOP-BL161-1856.bam,10632.4,107d5a80-29b6-4a96-80f7-7a97564dc806
GTOP-BL161,RNA-seq,Illumina NovaSeq X,Spleen,bam,GTOP-BL161-3082.bam,10413.6,2cd0f4aa-118a-40d1-ac3c-e8c8e0b4664f
GTOP-BL161,RNA-seq,Illumina NovaSeq X,Heart_Right_Atrium,bam,GTOP-BL161-4018.bam,8880.9,20c098f5-0b1f-4c00-9dfe-f74428d9893c
GTOP-BL161,RNA-seq,Illumina NovaSeq X,Thoracic_Aorta,bam,GTOP-BL161-4149.bam,10187.6,0ae93db7-ad49-4818-b36f-a3c780706909
GTOP-BL221,RNA-seq,Illumina NovaSeq X,Muscle,bam,GTOP-BL221-0087.bam,10075,cdfad0f4-b427-4728-bf7f-ae706f19d336
GTOP-BL221,RNA-seq,Illumina NovaSeq X,Adipose,bam,GTOP-BL221-0160.bam,12316.3,15a34a5a-a3ed-4ab0-b328-b31b5601a5c1
GTOP-BL221,RNA-seq,Illumina NovaSeq X,Skin,bam,GTOP-BL221-0262.bam,9590.4,d47b4e34-8809-4f7e-9d75-10cb06dc2ae3
GTOP-BL221,RNA-seq,Illumina NovaSeq X,Whole_Blood,bam,GTOP-BL221-0378.bam,11735.7,83bbfea5-1c48-43dc-806b-ba00add5ce07
GTOP-BL221,RNA-seq,Illumina NovaSeq X,Liver,bam,GTOP-BL221-1053.bam,8220.9,56a8f3f3-c3af-4afe-9505-f835b9d52f31
GTOP-BL221,RNA-seq,Illumina NovaSeq X,Pancreas_Head,bam,GTOP-BL221-1108.bam,16720.1,a40c1a65-32b1-468f-be32-3734262b32a9
GTOP-BL221,RNA-seq,Illumina NovaSeq X,Pancreas_Body,bam,GTOP-BL221-1236.bam,13751.9,37a105a5-4a30-43d8-82f0-b04eb2106956
GTOP-BL221,RNA-seq,Illumina NovaSeq X,Pancreas_Tail,bam,GTOP-BL221-1392.bam,5777.6,e972d233-2b9f-4c8a-bc1b-a3140183e5f6
GTOP-BL221,RNA-seq,Illumina NovaSeq X,Gallbladder,bam,GTOP-BL221-1856.bam,12856,cd03604c-29a2-470f-9ab6-909413e20703
GTOP-BL221,RNA-seq,Illumina NovaSeq X,Adrenal_Gland,bam,GTOP-BL221-2099.bam,8129.3,e87dcbf4-c01f-41e1-a1e7-4c62bd0c76c2
GTOP-BL221,RNA-seq,Illumina NovaSeq X,Spleen,bam,GTOP-BL221-3082.bam,7083.6,fdef3ebb-f76d-4571-981d-5989b45d51f3
GTOP-BL261,RNA-seq,Illumina NovaSeq X,Muscle,bam,GTOP-BL261-0087.bam,9461.1,2de28abc-9da3-4cb8-9fac-9d1af14201ea
GTOP-BL261,RNA-seq,Illumina NovaSeq X,Adipose,bam,GTOP-BL261-0160.bam,12601.1,f43c7982-322b-4ad4-b788-905e83aa0453
GTOP-BL261,RNA-seq,Illumina NovaSeq X,Skin,bam,GTOP-BL261-0262.bam,7581.5,4635b353-6066-455c-b505-98b83624781b
GTOP-BL261,RNA-seq,Illumina NovaSeq X,Whole_Blood,bam,GTOP-BL261-0378.bam,9815.4,3aeffb6b-9a00-4d83-b0c3-0aed3ee6e55f
GTOP-BL261,RNA-seq,Illumina NovaSeq X,Liver,bam,GTOP-BL261-1053.bam,10045,578fad99-e1ee-4049-a0da-0622065898b9
GTOP-BL261,RNA-seq,Illumina NovaSeq X,Pancreas_Head,bam,GTOP-BL261-1108.bam,9947.6,dc6544f9-104e-43ce-9627-01d8022327d6
GTOP-BL261,RNA-seq,Illumina NovaSeq X,Pancreas_Body,bam,GTOP-BL261-1236.bam,9121.9,ed6a58f6-de24-478d-a959-d9f27c230d17
GTOP-BL261,RNA-seq,Illumina NovaSeq X,Pancreas_Tail,bam,GTOP-BL261-1392.bam,9534.3,97218bf5-3b8b-4802-aa6b-59e14a5b9048
GTOP-BL261,RNA-seq,Illumina NovaSeq X,Gallbladder,bam,GTOP-BL261-1856.bam,10396.2,c89b06d2-585d-4e47-a4a3-ac7a75949620
GTOP-BL261,RNA-seq,Illumina NovaSeq X,Adrenal_Gland,bam,GTOP-BL261-2099.bam,4156.7,c34f2220-54da-4026-b43b-eb1a3a387865
GTOP-BL261,RNA-seq,Illumina NovaSeq X,Spleen,bam,GTOP-BL261-3082.bam,5738.1,7d0fa604-c77a-4c57-8534-d81cfbf3a47a
GTOP-BL261,RNA-seq,Illumina NovaSeq X,Lymph_node,bam,GTOP-BL261-3170.bam,8399.7,89f0e768-d456-4dd0-be70-0fafd2f06422
GTOP-BL261,RNA-seq,Illumina NovaSeq X,Heart_Right_Atrium,bam,GTOP-BL261-4018.bam,8869.3,356128d9-58b1-46f4-9986-962d85f165a4
GTOP-BL271,RNA-seq,Illumina NovaSeq X,Adipose,bam,GTOP-BL271-0160.bam,10793.4,5ccf8aa9-321a-47cf-9c47-d3d45cf43423
GTOP-BL271,RNA-seq,Illumina NovaSeq X,Whole_Blood,bam,GTOP-BL271-0378.bam,9679.7,68a27f03-77cf-4d19-b2ae-e57abe1236ed
GTOP-BL271,RNA-seq,Illumina NovaSeq X,Liver,bam,GTOP-BL271-1053.bam,5902.3,b397074b-893b-4f80-a117-d7d2fcc33243
GTOP-BL271,RNA-seq,Illumina NovaSeq X,Pancreas_Head,bam,GTOP-BL271-1108.bam,9319.6,6056ce99-450c-4da2-bdf7-173e67f88a51
GTOP-BL271,RNA-seq,Illumina NovaSeq X,Pancreas_Body,bam,GTOP-BL271-1236.bam,10106.4,abbd2ede-67a2-40e0-847b-a374b1c1f572
GTOP-BL271,RNA-seq,Illumina NovaSeq X,Pancreas_Tail,bam,GTOP-BL271-1392.bam,8450,b6113b1a-5154-43f6-a935-a99243984c20
GTOP-BL271,RNA-seq,Illumina NovaSeq X,Gallbladder,bam,GTOP-BL271-1856.bam,5718.4,1b734f88-e8fc-4a0e-ac75-0c5a645b65e2
GTOP-BL271,RNA-seq,Illumina NovaSeq X,Adrenal_Gland,bam,GTOP-BL271-2099.bam,11077.8,f55d8843-0cdf-46ff-a1f8-736843ca8144
GTOP-CA031,RNA-seq,Illumina NovaSeq X,Muscle,bam,GTOP-CA031-0087.bam,10480.4,a0f2a714-7198-4916-aa16-7cfcf27742ae
GTOP-CA031,RNA-seq,Illumina NovaSeq X,Adipose,bam,GTOP-CA031-0160.bam,11795.7,b8bceb46-a672-4ae1-b76c-052ad0179172
GTOP-CA031,RNA-seq,Illumina NovaSeq X,Skin,bam,GTOP-CA031-0262.bam,10850.5,f8c625c4-6b9b-483b-b67c-77b2015fa13d
GTOP-CA031,RNA-seq,Illumina NovaSeq X,Whole_Blood,bam,GTOP-CA031-0378.bam,10551.3,4393166f-f527-44a9-97a9-5cebe5316996
GTOP-CA031,RNA-seq,Illumina NovaSeq X,Liver,bam,GTOP-CA031-1053.bam,8923.2,7ea72a12-ac98-45a6-b0ce-ca4e5983f93a
GTOP-CA031,RNA-seq,Illumina NovaSeq X,Pancreas_Body,bam,GTOP-CA031-1236.bam,10867.7,4435dfe6-f831-49dd-88c8-015eb5084d0f
GTOP-CA031,RNA-seq,Illumina NovaSeq X,Pancreas_Tail,bam,GTOP-CA031-1392.bam,10256,544ecea0-3f4c-4186-b1e8-a71268a84d5f
GTOP-CA031,RNA-seq,Illumina NovaSeq X,Gallbladder,bam,GTOP-CA031-1856.bam,6283.1,c11545de-c4c6-4aea-b530-fadcb28f1acb
GTOP-CA031,RNA-seq,Illumina NovaSeq X,Spleen,bam,GTOP-CA031-3082.bam,8470.4,a5469d3c-92b6-4e71-9e22-192df4d49273
GTOP-CA081,RNA-seq,Illumina NovaSeq X,Muscle,bam,GTOP-CA081-0087.bam,7345.6,29c16177-6bd0-42a1-9bf5-0d61069eb693
GTOP-CA081,RNA-seq,Illumina NovaSeq X,Adipose,bam,GTOP-CA081-0160.bam,8849.2,8f48dc92-3b2f-44c8-974d-70b0db4f0d8b
GTOP-CA081,RNA-seq,Illumina NovaSeq X,Whole_Blood,bam,GTOP-CA081-0378.bam,9889,2e201ec8-2f0d-4590-83d0-ffbb7f84ae67
GTOP-CA081,RNA-seq,Illumina NovaSeq X,Liver,bam,GTOP-CA081-1053.bam,6738.4,a6d6eb56-1ca1-414e-a869-67affc3d49e3
GTOP-CA081,RNA-seq,Illumina NovaSeq X,Pancreas_Head,bam,GTOP-CA081-1108.bam,13517.2,94fa91c9-b901-4dfb-88ee-95dedb514716
GTOP-CA081,RNA-seq,Illumina NovaSeq X,Pancreas_Body,bam,GTOP-CA081-1236.bam,11119.4,afdd2422-b119-43d9-88ca-065f8525efdf
GTOP-CA081,RNA-seq,Illumina NovaSeq X,Pancreas_Tail,bam,GTOP-CA081-1392.bam,11260.2,a77e81fe-506a-4004-977b-d5a9e1f3044a
GTOP-CA081,RNA-seq,Illumina NovaSeq X,Gallbladder,bam,GTOP-CA081-1856.bam,9178.1,8a2f860f-e945-4933-8f8e-bd23e7c6dc7f
GTOP-CA081,RNA-seq,Illumina NovaSeq X,Adrenal_Gland,bam,GTOP-CA081-2099.bam,10172,0a88f4bb-ee6b-4897-b0a2-3710c8112ca0
GTOP-CA081,RNA-seq,Illumina NovaSeq X,Spleen,bam,GTOP-CA081-3082.bam,7201.9,c658d965-4b0d-4ae1-bb4c-0f58e770c2ce
GTOP-CA081,RNA-seq,Illumina NovaSeq X,Lymph_node,bam,GTOP-CA081-3170.bam,13889.5,12396990-36b9-4ad9-8e3b-92a7f942bdad
GTOP-CA081,RNA-seq,Illumina NovaSeq X,Heart_Right_Ventricle,bam,GTOP-CA081-4003.bam,8025.4,abe60eab-8ecb-4905-ade2-54561d1b5911
GTOP-CA081,RNA-seq,Illumina NovaSeq X,Skin,bam,GTOP-CA081-0262.bam,8615.7,c1ed1dee-f072-4b03-a15b-e66764aa9e69
GTOP-CA121,RNA-seq,Illumina NovaSeq X,Adipose,bam,GTOP-CA121-0160.bam,9681.8,dfc2c6d9-e8c0-45b4-b4b2-7d83fc9ca5f9
GTOP-CA121,RNA-seq,Illumina NovaSeq X,Whole_Blood,bam,GTOP-CA121-0378.bam,9666.8,e6475d9d-e818-420c-98b2-a910a3d2805e
GTOP-CA121,RNA-seq,Illumina NovaSeq X,Liver,bam,GTOP-CA121-1053.bam,9159.1,d068de58-2b22-431f-9778-7fc0d1459b63
GTOP-CA121,RNA-seq,Illumina NovaSeq X,Pancreas_Head,bam,GTOP-CA121-1108.bam,10132.7,e47e50f3-b8b2-4dda-bfe7-a1ae13e16d00
GTOP-CA121,RNA-seq,Illumina NovaSeq X,Pancreas_Body,bam,GTOP-CA121-1236.bam,15348.4,ab719b38-78b2-48c5-b348-bafe3dbd6167
GTOP-CA121,RNA-seq,Illumina NovaSeq X,Pancreas_Tail,bam,GTOP-CA121-1392.bam,9898.2,d87f533e-9253-4581-894e-462ef16a2dbb
GTOP-CA121,RNA-seq,Illumina NovaSeq X,Adrenal_Gland,bam,GTOP-CA121-2099.bam,6891,4458c82d-c5c8-421f-aaeb-b43199e07492
GTOP-CA161,RNA-seq,Illumina NovaSeq X,Muscle,bam,GTOP-CA161-0087.bam,9351.4,67ea420d-9c29-4cb9-801f-c932d39fb43f
GTOP-CA161,RNA-seq,Illumina NovaSeq X,Adipose,bam,GTOP-CA161-0160.bam,8871.5,c4ba71ed-cdb5-4bfc-981a-260a4265a04c
GTOP-CA161,RNA-seq,Illumina NovaSeq X,Whole_Blood,bam,GTOP-CA161-0378.bam,9979.7,78a4bcdb-2ec3-42e7-820f-9d3c17d1a645
GTOP-CA161,RNA-seq,Illumina NovaSeq X,Liver,bam,GTOP-CA161-1053.bam,8750.8,683c3368-e412-411c-b467-fb5790cdbcaa
GTOP-CA161,RNA-seq,Illumina NovaSeq X,Pancreas_Head,bam,GTOP-CA161-1108.bam,11490.4,565ef449-3f27-4b9e-8003-b07732c7a6b7
GTOP-CA161,RNA-seq,Illumina NovaSeq X,Pancreas_Body,bam,GTOP-CA161-1236.bam,11050.6,09af4430-7579-4d2a-8948-2aea26300311
GTOP-CA161,RNA-seq,Illumina NovaSeq X,Pancreas_Tail,bam,GTOP-CA161-1392.bam,10872.1,dbefd9ee-443d-40f7-a56b-fc4004e5a079
GTOP-CA161,RNA-seq,Illumina NovaSeq X,Gallbladder,bam,GTOP-CA161-1856.bam,9257.8,41783ab2-c859-40e0-bdac-80116f7d3e99
GTOP-CA161,RNA-seq,Illumina NovaSeq X,Adrenal_Gland,bam,GTOP-CA161-2099.bam,9901.3,31a852fb-7a77-47e7-b180-6ded649e5891
GTOP-CA161,RNA-seq,Illumina NovaSeq X,Skin,bam,GTOP-CA161-0262.bam,11273.1,a9449009-ad66-4bae-8196-37ec2ccbd9ef
GTOP-CA171,RNA-seq,Illumina NovaSeq X,Adipose,bam,GTOP-CA171-0160.bam,10975.5,36997e54-2203-4dce-b1e2-ec71b757d4f0
GTOP-CA171,RNA-seq,Illumina NovaSeq X,Whole_Blood,bam,GTOP-CA171-0378.bam,10207.9,0d13e0e4-3d1c-4c0c-8937-064c472678ef
GTOP-CA171,RNA-seq,Illumina NovaSeq X,Liver,bam,GTOP-CA171-1053.bam,9963.5,700d9730-199d-423f-8346-a4a912e6553c
GTOP-CA171,RNA-seq,Illumina NovaSeq X,Pancreas_Head,bam,GTOP-CA171-1108.bam,9937,2d95b600-7970-40d2-ab21-62530d045a89
GTOP-CA171,RNA-seq,Illumina NovaSeq X,Pancreas_Body,bam,GTOP-CA171-1236.bam,9563.8,5dbeaf2e-c245-4d43-91df-adddc8aaf071
GTOP-CA171,RNA-seq,Illumina NovaSeq X,Pancreas_Tail,bam,GTOP-CA171-1392.bam,9435.2,befa325a-3b94-4c48-a050-161051c32d78
GTOP-CA171,RNA-seq,Illumina NovaSeq X,Gallbladder,bam,GTOP-CA171-1856.bam,11728.7,c80a8801-4f5e-4044-a0ae-af750ba9c780
GTOP-CA171,RNA-seq,Illumina NovaSeq X,Adrenal_Gland,bam,GTOP-CA171-2099.bam,8672.2,41a8a21e-82ec-42d6-be28-50e86140cbd8
GTOP-CA171,RNA-seq,Illumina NovaSeq X,Spleen,bam,GTOP-CA171-3082.bam,9203.1,6c208ba5-6fd4-4359-88db-273d02402a99
GTOP-CA171,RNA-seq,Illumina NovaSeq X,Thoracic_Aorta,bam,GTOP-CA171-4149.bam,9615.4,dee2d460-0bb8-4f00-a493-3d50ae35e150
GTOP-CA181,RNA-seq,Illumina NovaSeq X,Adipose,bam,GTOP-CA181-0160.bam,9791.1,fe7334f7-57bb-48ad-8a80-8196e7304e5a
GTOP-CA181,RNA-seq,Illumina NovaSeq X,Whole_Blood,bam,GTOP-CA181-0378.bam,8300.2,84e25f9e-6bd7-4b71-9931-8289c3c6d3bd
GTOP-CA181,RNA-seq,Illumina NovaSeq X,Liver,bam,GTOP-CA181-1053.bam,8530.8,3e510738-63dc-4d77-8eed-e4cceb834a28
GTOP-CA181,RNA-seq,Illumina NovaSeq X,Pancreas_Head,bam,GTOP-CA181-1108.bam,8388.5,16081d27-4e06-412d-bb18-d24c3f83d26f
GTOP-CA181,RNA-seq,Illumina NovaSeq X,Pancreas_Body,bam,GTOP-CA181-1236.bam,8616.3,ac5c8e56-68a4-414c-8b99-206fe0d9532e
GTOP-CA181,RNA-seq,Illumina NovaSeq X,Pancreas_Tail,bam,GTOP-CA181-1392.bam,10410.2,1442454c-1150-4f52-9d65-2de254373e3b
GTOP-CA181,RNA-seq,Illumina NovaSeq X,Gallbladder,bam,GTOP-CA181-1856.bam,10010.8,56a078b1-7f7a-46f4-89e5-6eb4dc311205
GTOP-CA181,RNA-seq,Illumina NovaSeq X,Adrenal_Gland,bam,GTOP-CA181-2099.bam,7801,5823c7ed-9c81-4792-b988-8a5c92ee72d4
GTOP-CA231,RNA-seq,Illumina NovaSeq X,Muscle,bam,GTOP-CA231-0087.bam,6924,294882fa-1fc0-45f6-8c73-f878f54a11d0
GTOP-CA231,RNA-seq,Illumina NovaSeq X,Adipose,bam,GTOP-CA231-0160.bam,7983.3,b470e621-3f42-401c-a982-a13938a9e7e1
GTOP-CA231,RNA-seq,Illumina NovaSeq X,Skin,bam,GTOP-CA231-0262.bam,9071.6,39eceb29-9f38-4413-a141-a3221ed5f1e4
GTOP-CA231,RNA-seq,Illumina NovaSeq X,Whole_Blood,bam,GTOP-CA231-0378.bam,13306.5,bbb25014-7f01-490f-8f66-f0feb772d4af
GTOP-CA231,RNA-seq,Illumina NovaSeq X,Liver,bam,GTOP-CA231-1053.bam,8769.6,ad77a5bd-6b7b-4815-ac6a-127c713129a5
GTOP-CA231,RNA-seq,Illumina NovaSeq X,Pancreas_Head,bam,GTOP-CA231-1108.bam,9904,2d0b43fd-873c-43ea-aaa1-2f4857997c71
GTOP-CA231,RNA-seq,Illumina NovaSeq X,Pancreas_Tail,bam,GTOP-CA231-1392.bam,11219.8,297b1c0a-9faf-4577-9ffe-f0aaea77c205
GTOP-CA231,RNA-seq,Illumina NovaSeq X,Gallbladder,bam,GTOP-CA231-1856.bam,7635.4,0941213f-86a3-4826-9c24-e7cec0648a76
GTOP-CA231,RNA-seq,Illumina NovaSeq X,Adrenal_Gland,bam,GTOP-CA231-2099.bam,8991.8,3a3a047c-cdbe-4f53-94b9-a440a19fdb9e
GTOP-CA241,RNA-seq,Illumina NovaSeq X,Muscle,bam,GTOP-CA241-0087.bam,9573.7,e9b40fd5-7d0e-4be5-befa-c4d45aaf352e
GTOP-CA241,RNA-seq,Illumina NovaSeq X,Adipose,bam,GTOP-CA241-0160.bam,12022,2876ac1d-77b3-476f-8d54-0f44e36642d9
GTOP-CA241,RNA-seq,Illumina NovaSeq X,Skin,bam,GTOP-CA241-0262.bam,10618,b65c8f28-62f4-480f-85a7-77549b617b96
GTOP-CA241,RNA-seq,Illumina NovaSeq X,Whole_Blood,bam,GTOP-CA241-0378.bam,11221.8,67179d42-3e9f-4dc1-89a7-7390dda94f8e
GTOP-CA241,RNA-seq,Illumina NovaSeq X,Liver,bam,GTOP-CA241-1053.bam,10385.4,f19a4b89-ebce-4cc4-b0c7-8fe9cd5bb5bd
GTOP-CA241,RNA-seq,Illumina NovaSeq X,Pancreas_Head,bam,GTOP-CA241-1108.bam,8329.9,49a1f6d0-10f1-4fb6-b6c2-4d1efbed928a
GTOP-CA241,RNA-seq,Illumina NovaSeq X,Pancreas_Body,bam,GTOP-CA241-1236.bam,8973.5,11304f15-ea52-41f5-8173-f929d4d3f9d6
GTOP-CA241,RNA-seq,Illumina NovaSeq X,Pancreas_Tail,bam,GTOP-CA241-1392.bam,8850,d1b1d83b-831f-4b79-8dae-057ed905a591
GTOP-CA241,RNA-seq,Illumina NovaSeq X,Adrenal_Gland,bam,GTOP-CA241-2099.bam,7725.3,568eebf7-3b41-4baf-a05b-9611a2641782
GTOP-CA241,RNA-seq,Illumina NovaSeq X,Spleen,bam,GTOP-CA241-3082.bam,8753.9,169a611e-67a4-4275-8441-3d058b5762a8
GTOP-CA241,RNA-seq,Illumina NovaSeq X,Lung_Base,bam,GTOP-CA241-5032.bam,7657.9,7072939c-cb25-4c3f-9b04-db05a085a6b0
GTOP-CB051,RNA-seq,Illumina NovaSeq X,Muscle,bam,GTOP-CB051-0087.bam,7689.5,bb250f77-80b4-4cc8-b67a-f29f99cdd63a
GTOP-CB051,RNA-seq,Illumina NovaSeq X,Adipose,bam,GTOP-CB051-0160.bam,8247.5,08225c74-7eae-4b5a-b37f-f09733ec00c7
GTOP-CB051,RNA-seq,Illumina NovaSeq X,Whole_Blood,bam,GTOP-CB051-0378.bam,10370.7,3503b711-1392-4b6d-b3d8-0ff3d5495dd9
GTOP-CB051,RNA-seq,Illumina NovaSeq X,Liver,bam,GTOP-CB051-1053.bam,11631,9b9132e2-4973-4055-b7db-f7b80f208344
GTOP-CB051,RNA-seq,Illumina NovaSeq X,Pancreas_Head,bam,GTOP-CB051-1108.bam,9179.8,a9e871db-37cf-406e-9955-ec717a12b135
GTOP-CB051,RNA-seq,Illumina NovaSeq X,Pancreas_Body,bam,GTOP-CB051-1236.bam,26610.1,47efd916-4237-4d42-8a77-c6559887a1ac
GTOP-CB051,RNA-seq,Illumina NovaSeq X,Pancreas_Tail,bam,GTOP-CB051-1392.bam,9789.6,9433c877-0a4b-41c4-8d95-d9bec45de4e9
GTOP-CB051,RNA-seq,Illumina NovaSeq X,Gallbladder,bam,GTOP-CB051-1856.bam,7287.5,a07e7c18-051d-43b1-b19d-e011a2c57a0f
GTOP-CB051,RNA-seq,Illumina NovaSeq X,Adrenal_Gland,bam,GTOP-CB051-2099.bam,8244.9,9a984936-8baa-4827-8bd4-147d3e5aa6b1
GTOP-CB051,RNA-seq,Illumina NovaSeq X,Spleen,bam,GTOP-CB051-3082.bam,7979.1,fa804e40-ce5a-4cdc-b2c2-462db0d3f8ff
GTOP-CB051,RNA-seq,Illumina NovaSeq X,Heart_Right_Atrium,bam,GTOP-CB051-4018.bam,7592.6,9f1a1bd0-664a-44a7-b668-faafe384c4d5
GTOP-CB051,RNA-seq,Illumina NovaSeq X,Skin,bam,GTOP-CB051-0262.bam,11048.1,4a6b99a9-e092-496a-a87a-af3a9e748a5d
GTOP-CB052,RNA-seq,Illumina NovaSeq X,Muscle,bam,GTOP-CB052-0087.bam,7603,3964d786-47fd-436b-acfc-0a20e57fb801
GTOP-CB052,RNA-seq,Illumina NovaSeq X,Adipose,bam,GTOP-CB052-0160.bam,7054,120a453b-0e6a-4eaa-b004-cd2b69bda3bd
GTOP-CB052,RNA-seq,Illumina NovaSeq X,Skin,bam,GTOP-CB052-0262.bam,7477.6,16291ce3-8e6a-4452-af96-6be32fdf619a
GTOP-CB052,RNA-seq,Illumina NovaSeq X,Whole_Blood,bam,GTOP-CB052-0378.bam,11172.3,1a9cab05-7fc0-4ae4-95fb-d80de3f8d243
GTOP-CB052,RNA-seq,Illumina NovaSeq X,Liver,bam,GTOP-CB052-1053.bam,8433.4,5e0d5f26-dfa2-427c-b0fd-eef93aa71117
GTOP-CB052,RNA-seq,Illumina NovaSeq X,Pancreas_Head,bam,GTOP-CB052-1108.bam,8963.8,ed8e75c3-1d44-41b4-8b90-9b6d93a770a8
GTOP-CB052,RNA-seq,Illumina NovaSeq X,Pancreas_Body,bam,GTOP-CB052-1236.bam,8802.2,93bb58d2-08b1-4484-846b-f6fe3a74c668
GTOP-CB052,RNA-seq,Illumina NovaSeq X,Pancreas_Tail,bam,GTOP-CB052-1392.bam,8131.3,7e46339d-d6c9-4211-a9c4-6bed71c0df5d
GTOP-CB052,RNA-seq,Illumina NovaSeq X,Gallbladder,bam,GTOP-CB052-1856.bam,6653.5,e43c605f-b9f4-4fd5-b74b-9ea1cf849576
GTOP-CB052,RNA-seq,Illumina NovaSeq X,Adrenal_Gland,bam,GTOP-CB052-2099.bam,7347.2,d9483eeb-161c-4cbb-8838-1334a6fbaba7
GTOP-CB052,RNA-seq,Illumina NovaSeq X,Spleen,bam,GTOP-CB052-3082.bam,7949.1,26831e7b-3479-46e9-a9cd-e58926de16c8
GTOP-CB121,RNA-seq,Illumina NovaSeq X,Muscle,bam,GTOP-CB121-0087.bam,10447.4,6eada0fb-95d2-4121-9f1c-2bd0dcad8f06
GTOP-CB121,RNA-seq,Illumina NovaSeq X,Adipose,bam,GTOP-CB121-0160.bam,7235.4,b729a703-7482-41ac-98fb-6747ee8195db
GTOP-CB121,RNA-seq,Illumina NovaSeq X,Whole_Blood,bam,GTOP-CB121-0378.bam,11084.7,019bc2c8-c1e7-4ff8-b931-ab9554645bde
GTOP-CB121,RNA-seq,Illumina NovaSeq X,Liver,bam,GTOP-CB121-1053.bam,9101.1,0a75e606-b810-4800-b574-2e5e1acd779f
GTOP-CB121,RNA-seq,Illumina NovaSeq X,Pancreas_Head,bam,GTOP-CB121-1108.bam,8518.9,4ecca571-f45e-41a2-92b2-c627b5b0a64f
GTOP-CB121,RNA-seq,Illumina NovaSeq X,Pancreas_Body,bam,GTOP-CB121-1236.bam,8309,a53ca0d2-c60a-43d2-b0ce-d77fc91526fb
GTOP-CB121,RNA-seq,Illumina NovaSeq X,Gallbladder,bam,GTOP-CB121-1856.bam,9371.2,24f9351d-0890-4129-a0d6-3cbaf27d2eed
GTOP-CB121,RNA-seq,Illumina NovaSeq X,Adrenal_Gland,bam,GTOP-CB121-2099.bam,8168.1,4627c3c1-e02f-4240-a84c-7c858e126f3b
GTOP-CB121,RNA-seq,Illumina NovaSeq X,Spleen,bam,GTOP-CB121-3082.bam,8922.9,7ea835a9-9a04-48fb-96e5-5f434e55ab8e
GTOP-CB121,RNA-seq,Illumina NovaSeq X,Skin,bam,GTOP-CB121-0262.bam,11427.1,fc1a1662-1ee5-45f2-9610-6c1278eecb01
GTOP-CB151,RNA-seq,Illumina NovaSeq X,Adipose,bam,GTOP-CB151-0160.bam,7450.2,3cd5893f-a4c7-4691-80cc-f4c7d74c631e
GTOP-CB151,RNA-seq,Illumina NovaSeq X,Liver,bam,GTOP-CB151-1053.bam,9983.6,4aa94e08-d0d9-4105-af9f-f3dc686e8e32
GTOP-CB151,RNA-seq,Illumina NovaSeq X,Pancreas_Head,bam,GTOP-CB151-1108.bam,19052.3,37fe8fcf-0f2a-4a8a-ab22-db2b583350d8
GTOP-CB151,RNA-seq,Illumina NovaSeq X,Pancreas_Body,bam,GTOP-CB151-1236.bam,10627.5,b315b902-a017-44cc-b0e5-4af2ee1e403f
GTOP-CB151,RNA-seq,Illumina NovaSeq X,Pancreas_Tail,bam,GTOP-CB151-1392.bam,13521.1,e089b997-4ce2-4414-a578-b62e85aaf488
GTOP-CB151,RNA-seq,Illumina NovaSeq X,Gallbladder,bam,GTOP-CB151-1856.bam,8736.8,5d1a3af1-ae4e-49b2-9fd1-0ae6252dcbad
GTOP-CB151,RNA-seq,Illumina NovaSeq X,Adrenal_Gland,bam,GTOP-CB151-2099.bam,9949.4,30c9283d-94ce-41dc-b0e9-9579d7d6e005
GTOP-CB151,RNA-seq,Illumina NovaSeq X,Spleen,bam,GTOP-CB151-3082.bam,8909.1,1b179704-e8b0-460e-867d-d8dcb441eb84
GTOP-CB151,RNA-seq,Illumina NovaSeq X,Thoracic_Aorta,bam,GTOP-CB151-4149.bam,8959.5,daca7b71-aa0f-484f-a421-35883496011f
GTOP-CB161,RNA-seq,Illumina NovaSeq X,Muscle,bam,GTOP-CB161-0087.bam,7720,e3e2122c-871c-4837-9f20-92ef61ae5b1c
GTOP-CB161,RNA-seq,Illumina NovaSeq X,Adipose,bam,GTOP-CB161-0160.bam,8817.5,ad3d33a3-4a6b-4b53-82c1-e7ec47d45738
GTOP-CB161,RNA-seq,Illumina NovaSeq X,Whole_Blood,bam,GTOP-CB161-0378.bam,10945.7,cc59cbaa-2a96-4c41-8ff1-d67a3c0fc969
GTOP-CB161,RNA-seq,Illumina NovaSeq X,Pancreas_Head,bam,GTOP-CB161-1108.bam,9822.4,170f1617-0f59-41b5-aa86-5cf4a62e2f1f
GTOP-CB161,RNA-seq,Illumina NovaSeq X,Pancreas_Body,bam,GTOP-CB161-1236.bam,8824,53d5e14d-59cd-4309-bf2c-3b0688ea205b
GTOP-CB161,RNA-seq,Illumina NovaSeq X,Pancreas_Tail,bam,GTOP-CB161-1392.bam,8399.2,02b71b10-fd52-4fca-a63a-f7f8a6c81608
GTOP-CB161,RNA-seq,Illumina NovaSeq X,Gallbladder,bam,GTOP-CB161-1856.bam,10413.7,11a60a9d-25b5-405f-9dba-8b6f8a7b2bae
GTOP-CB161,RNA-seq,Illumina NovaSeq X,Adrenal_Gland,bam,GTOP-CB161-2099.bam,9778.7,e11cc14f-0fa8-4e57-88b0-f8b5d805312e
GTOP-CB161,RNA-seq,Illumina NovaSeq X,Skin,bam,GTOP-CB161-0262.bam,10070.3,27f15bd9-46a5-4249-951f-7b8b43be0c78
GTOP-CB261,RNA-seq,Illumina NovaSeq X,Muscle,bam,GTOP-CB261-0087.bam,6836.8,65a11cc4-7c3c-4df2-843a-974772e050d2
GTOP-CB261,RNA-seq,Illumina NovaSeq X,Adipose,bam,GTOP-CB261-0160.bam,8227.7,4222ff74-90b0-4edc-a00e-d18880f91318
GTOP-CB261,RNA-seq,Illumina NovaSeq X,Skin,bam,GTOP-CB261-0262.bam,7436.5,e0a6cb13-6426-4984-a79e-701a8985dbcc
GTOP-CB261,RNA-seq,Illumina NovaSeq X,Whole_Blood,bam,GTOP-CB261-0378.bam,8747,eb7b0c40-bbab-414d-9652-5581feec2224
GTOP-CB261,RNA-seq,Illumina NovaSeq X,Liver,bam,GTOP-CB261-1053.bam,10814.3,fd872fad-5cbd-445f-996e-4a5523b4594a
GTOP-CB261,RNA-seq,Illumina NovaSeq X,Pancreas_Head,bam,GTOP-CB261-1108.bam,8790.5,7dbd69f8-ee3a-46aa-8c59-a7074d4ecf04
GTOP-CB261,RNA-seq,Illumina NovaSeq X,Pancreas_Body,bam,GTOP-CB261-1236.bam,8803.4,b4b1866a-f33f-46ab-b346-5e33150447b5
GTOP-CB261,RNA-seq,Illumina NovaSeq X,Pancreas_Tail,bam,GTOP-CB261-1392.bam,10331.8,c997ffdc-3ba0-4623-8b84-e359b459aee6
GTOP-CB261,RNA-seq,Illumina NovaSeq X,Gallbladder,bam,GTOP-CB261-1856.bam,7550.1,5cc6c9f3-4d59-4132-9b8d-c1f41e0ad613
GTOP-CB261,RNA-seq,Illumina NovaSeq X,Adrenal_Gland,bam,GTOP-CB261-2099.bam,9204,48c04d09-3867-4272-8cd9-c1728cf9eab4
GTOP-CB261,RNA-seq,Illumina NovaSeq X,Spleen,bam,GTOP-CB261-3082.bam,9085.4,af27450c-8bc6-40db-87d3-5a70cff0f7d3
GTOP-CB271,RNA-seq,Illumina NovaSeq X,Muscle,bam,GTOP-CB271-0087.bam,8583.3,8e078b20-b0dc-4002-be98-710f722844f3
GTOP-CB271,RNA-seq,Illumina NovaSeq X,Adipose,bam,GTOP-CB271-0160.bam,7657.4,169e6e5e-1122-4c3a-9252-a8abcc2f0fbc
GTOP-CB271,RNA-seq,Illumina NovaSeq X,Skin,bam,GTOP-CB271-0262.bam,9725.5,38689cf2-1b52-4c51-a5af-e84ad930865b
GTOP-CB271,RNA-seq,Illumina NovaSeq X,Liver,bam,GTOP-CB271-1053.bam,11575.5,7f7e11de-36b5-413e-b898-13b73023172d
GTOP-CB271,RNA-seq,Illumina NovaSeq X,Pancreas_Body,bam,GTOP-CB271-1236.bam,8992.4,205ab40e-ec6a-43da-b2d1-f6c37f863a41
GTOP-CB271,RNA-seq,Illumina NovaSeq X,Pancreas_Tail,bam,GTOP-CB271-1392.bam,7890.3,8bf9c579-6057-4464-9db0-7f5d7845f703
GTOP-CB271,RNA-seq,Illumina NovaSeq X,Small_Intestine,bam,GTOP-CB271-1470.bam,9158.8,8c0ba884-b37f-43b6-acfd-62a947c9e03f
GTOP-CB271,RNA-seq,Illumina NovaSeq X,Colon,bam,GTOP-CB271-1584.bam,9361,54ea84d9-d20e-49c5-ab1a-0dae7a956bf0
GTOP-CB271,RNA-seq,Illumina NovaSeq X,Stomach,bam,GTOP-CB271-1601.bam,8319.3,b692fcf4-3fff-477c-888a-27437015205a
GTOP-CB271,RNA-seq,Illumina NovaSeq X,Esophagus,bam,GTOP-CB271-1710.bam,9068.7,4268d66d-9597-463a-a4c1-308975401745
GTOP-CB271,RNA-seq,Illumina NovaSeq X,Gallbladder,bam,GTOP-CB271-1856.bam,7568.8,0f54d3c3-30c1-42f9-b99e-022877abf88c
GTOP-CB271,RNA-seq,Illumina NovaSeq X,Adrenal_Gland,bam,GTOP-CB271-2099.bam,7462.2,514e3787-6b23-4ba2-b967-41e2be4debe4
GTOP-CB271,RNA-seq,Illumina NovaSeq X,Spleen,bam,GTOP-CB271-3082.bam,7458.8,b2a71e6e-d09e-44de-a596-4c8ffe3503c5
GTOP-CB271,RNA-seq,Illumina NovaSeq X,Heart_Left_Ventricle,bam,GTOP-CB271-4002.bam,6974.8,67e9c16a-e820-43ec-a629-e93bb997181f
GTOP-CB271,RNA-seq,Illumina NovaSeq X,Heart_Right_Ventricle,bam,GTOP-CB271-4003.bam,8393.5,89072d9e-369e-462a-a749-3eb919edf208
GTOP-CB271,RNA-seq,Illumina NovaSeq X,Heart_Right_Atrium,bam,GTOP-CB271-4018.bam,7186.1,79afc4dc-921b-4b59-b373-6591a84654fe
GTOP-CB271,RNA-seq,Illumina NovaSeq X,Heart_Left_Atrium,bam,GTOP-CB271-4019.bam,7005,701ca890-5f3b-4ca5-8386-300b02ce605f
GTOP-CB271,RNA-seq,Illumina NovaSeq X,Heart_Mitral_Valve,bam,GTOP-CB271-4022.bam,7328.9,0f8c8dab-47ae-4fa7-b5e9-01bb8c63d720
GTOP-CB271,RNA-seq,Illumina NovaSeq X,Heart_Tricuspid_Valve,bam,GTOP-CB271-4023.bam,7050,c40eb4d3-8e64-4660-9080-d9d7f09422a0
GTOP-CB271,RNA-seq,Illumina NovaSeq X,Aortic_Arch,bam,GTOP-CB271-4155.bam,8109,a569ee26-47eb-45de-b0fb-8fbfde6ddf67
GTOP-CB271,RNA-seq,Illumina NovaSeq X,Lung_Base,bam,GTOP-CB271-5032.bam,8741.1,3989a102-5a3f-4cd8-90fb-206e5923b8ef
GTOP-CB271,RNA-seq,Illumina NovaSeq X,Lung_Apex,bam,GTOP-CB271-5156.bam,7858.5,a003a151-6a25-4cef-8c57-b2c9ad8e6582
GTOP-CB281,RNA-seq,Illumina NovaSeq X,Muscle,bam,GTOP-CB281-0087.bam,8352.8,7bef2068-9dd1-41cc-9e41-1d3481f3d90f
GTOP-CB281,RNA-seq,Illumina NovaSeq X,Adipose,bam,GTOP-CB281-0160.bam,8263.9,e311ac24-6d20-4a88-a4cd-e9e2e2f5aca2
GTOP-CB281,RNA-seq,Illumina NovaSeq X,Whole_Blood,bam,GTOP-CB281-0378.bam,10967.4,46b0e452-e43c-4ff7-bf00-ecaa596420c9
GTOP-CB281,RNA-seq,Illumina NovaSeq X,Liver,bam,GTOP-CB281-1053.bam,7518.3,8764fe74-1971-41a5-9e8b-cb3d32bd9b68
GTOP-CB281,RNA-seq,Illumina NovaSeq X,Pancreas_Head,bam,GTOP-CB281-1108.bam,8629.4,ab1f8468-d247-417f-bfa6-6f02362f73d7
GTOP-CB281,RNA-seq,Illumina NovaSeq X,Pancreas_Body,bam,GTOP-CB281-1236.bam,8156.8,669acc04-72e8-4477-bdd5-dbf71b2895df
GTOP-CB281,RNA-seq,Illumina NovaSeq X,Pancreas_Tail,bam,GTOP-CB281-1392.bam,8495.3,651916d1-fb31-42b8-81c4-9288359c402b
GTOP-CB281,RNA-seq,Illumina NovaSeq X,Gallbladder,bam,GTOP-CB281-1856.bam,7597.2,61ce3cd2-8006-404e-b3ae-e8b599a8ccb4
GTOP-CB281,RNA-seq,Illumina NovaSeq X,Adrenal_Gland,bam,GTOP-CB281-2099.bam,8059.4,793f02f7-ef04-4c93-ae42-9ff996afb5b0
GTOP-CB281,RNA-seq,Illumina NovaSeq X,Spleen,bam,GTOP-CB281-3082.bam,8329.1,b01356c1-7df6-4dea-9017-f6eb1f2c3bbd
GTOP-CB281,RNA-seq,Illumina NovaSeq X,Skin,bam,GTOP-CB281-0262.bam,13746.3,65f14f37-81de-45cf-9d6c-411663973cec
GTOP-CC031,RNA-seq,Illumina NovaSeq X,Muscle,bam,GTOP-CC031-0087.bam,7861.9,6ac6cc79-e474-4ec6-bcff-8a5ee1cd0ab4
GTOP-CC031,RNA-seq,Illumina NovaSeq X,Adipose,bam,GTOP-CC031-0160.bam,10124.7,07330022-2250-4124-ab0e-0e69fb38a6e8
GTOP-CC031,RNA-seq,Illumina NovaSeq X,Skin,bam,GTOP-CC031-0262.bam,7938.6,220f587d-e6d8-4d1f-9467-ac8fed2b18ee
GTOP-CC031,RNA-seq,Illumina NovaSeq X,Whole_Blood,bam,GTOP-CC031-0378.bam,9306.5,c11b5aee-2ff1-4fc5-8da9-287643e81c0b
GTOP-CC031,RNA-seq,Illumina NovaSeq X,Pancreas_Head,bam,GTOP-CC031-1108.bam,8694.2,e6170387-616f-4847-bb27-ffbe0b5bd390
GTOP-CC031,RNA-seq,Illumina NovaSeq X,Pancreas_Body,bam,GTOP-CC031-1236.bam,9362.1,27db9218-e9c4-4a74-9acb-c3f069cdc9ab
GTOP-CC031,RNA-seq,Illumina NovaSeq X,Gallbladder,bam,GTOP-CC031-1856.bam,8088,7e5850b9-49dc-4e2c-a5a1-3090d10f0c69
GTOP-CC031,RNA-seq,Illumina NovaSeq X,Adrenal_Gland,bam,GTOP-CC031-2099.bam,7411.9,7f5a2ce6-9f3e-447f-95ac-13c57bea376d
GTOP-CC041,RNA-seq,Illumina NovaSeq X,Muscle,bam,GTOP-CC041-0087.bam,6838.9,0a1c338b-0aa6-4737-ad0d-300ee752f1d2
GTOP-CC041,RNA-seq,Illumina NovaSeq X,Adipose,bam,GTOP-CC041-0160.bam,8283.2,f96eafbb-558b-4e93-98fa-5f7bd1242c83
GTOP-CC041,RNA-seq,Illumina NovaSeq X,Skin,bam,GTOP-CC041-0262.bam,13388,8e714a1c-ad1e-4cb4-a7ba-9930c3d94862
GTOP-CC041,RNA-seq,Illumina NovaSeq X,Whole_Blood,bam,GTOP-CC041-0378.bam,8587.5,bcff1de3-8cd9-4104-b138-6049380545f3
GTOP-CC041,RNA-seq,Illumina NovaSeq X,Liver,bam,GTOP-CC041-1053.bam,10013.4,0bd6dec1-625b-43fd-9469-0a57fb5c5252
GTOP-CC041,RNA-seq,Illumina NovaSeq X,Pancreas_Head,bam,GTOP-CC041-1108.bam,9676,e907059b-76d8-46e9-a17c-73bcc854d793
GTOP-CC041,RNA-seq,Illumina NovaSeq X,Pancreas_Body,bam,GTOP-CC041-1236.bam,12008.5,716b8029-0f8f-43cf-a91c-ee15e565df18
GTOP-CC041,RNA-seq,Illumina NovaSeq X,Pancreas_Tail,bam,GTOP-CC041-1392.bam,9531.2,042d933e-4772-41e0-af98-73400bfbc6a7
GTOP-CC041,RNA-seq,Illumina NovaSeq X,Adrenal_Gland,bam,GTOP-CC041-2099.bam,9551.1,b23c9300-ff26-49b3-8ac6-ceb8a36d300a
GTOP-CC061,RNA-seq,Illumina NovaSeq X,Muscle,bam,GTOP-CC061-0087.bam,10030.8,bda6fc27-304b-405b-a4ef-7e95b3e77765
GTOP-CC061,RNA-seq,Illumina NovaSeq X,Adipose,bam,GTOP-CC061-0160.bam,10213.5,c5f4fcf1-0df3-44c5-a7e3-81c9cb8a18f9
GTOP-CC061,RNA-seq,Illumina NovaSeq X,Whole_Blood,bam,GTOP-CC061-0378.bam,15073.1,aa5fff8e-e0f0-47ac-b9ce-c2c504d2a188
GTOP-CC061,RNA-seq,Illumina NovaSeq X,Liver,bam,GTOP-CC061-1053.bam,9663.3,2a26c443-1641-40bf-8704-49d9b2318286
GTOP-CC061,RNA-seq,Illumina NovaSeq X,Pancreas_Head,bam,GTOP-CC061-1108.bam,9616.1,10fd7d96-ba60-4bc9-81ac-c9e0fb2eeb7d
GTOP-CC061,RNA-seq,Illumina NovaSeq X,Pancreas_Body,bam,GTOP-CC061-1236.bam,10433.9,0401ae46-00a7-47de-ac76-6f9c11443872
GTOP-CC061,RNA-seq,Illumina NovaSeq X,Pancreas_Tail,bam,GTOP-CC061-1392.bam,9214.6,3654cd72-b7ba-4cc2-8e61-ea26337c26e6
GTOP-CC061,RNA-seq,Illumina NovaSeq X,Gallbladder,bam,GTOP-CC061-1856.bam,9158.8,886e841a-b93b-4b53-8626-a6c9788b542e
GTOP-CC061,RNA-seq,Illumina NovaSeq X,Adrenal_Gland,bam,GTOP-CC061-2099.bam,8156.1,0f221452-27df-44ec-8ac1-018b89aab698
GTOP-CC061,RNA-seq,Illumina NovaSeq X,Spleen,bam,GTOP-CC061-3082.bam,9466.1,cfb65322-078e-4be6-ba55-14b3db760d15
GTOP-CC061,RNA-seq,Illumina NovaSeq X,Skin,bam,GTOP-CC061-0262.bam,10487.7,3c708826-1e61-4fe4-a83f-b3ccaf35f4a3
GTOP-CC121,RNA-seq,Illumina NovaSeq X,Adipose,bam,GTOP-CC121-0160.bam,9619.7,07022233-7019-45ef-99c4-346727b18f54
GTOP-CC121,RNA-seq,Illumina NovaSeq X,Whole_Blood,bam,GTOP-CC121-0378.bam,9679.2,1c306abe-a7a7-4a72-aea8-776171211873
GTOP-CC121,RNA-seq,Illumina NovaSeq X,Liver,bam,GTOP-CC121-1053.bam,7513.5,e12b6e58-c1e7-4aa3-91a1-f584d14a865a
GTOP-CC121,RNA-seq,Illumina NovaSeq X,Pancreas_Head,bam,GTOP-CC121-1108.bam,10902.4,14dfc534-9558-45ef-bb4e-3fb69992909b
GTOP-CC121,RNA-seq,Illumina NovaSeq X,Pancreas_Body,bam,GTOP-CC121-1236.bam,10069.8,94216151-46ef-41d4-a9a3-29d740a1fab7
GTOP-CC121,RNA-seq,Illumina NovaSeq X,Gallbladder,bam,GTOP-CC121-1856.bam,9764.7,a9ee4401-eb14-4910-b4f3-d9dc1796e26b
GTOP-CC121,RNA-seq,Illumina NovaSeq X,Adrenal_Gland,bam,GTOP-CC121-2099.bam,8602.9,bd4b1e0b-014c-40b9-b95e-7be4759225f4
GTOP-CC121,RNA-seq,Illumina NovaSeq X,Spleen,bam,GTOP-CC121-3082.bam,10719.7,f296b30d-637d-4066-83ce-099093a5fbbf
GTOP-CC131,RNA-seq,Illumina NovaSeq X,Muscle,bam,GTOP-CC131-0087.bam,9552.8,340d9056-b6e8-4789-93de-4c63796ec939
GTOP-CC131,RNA-seq,Illumina NovaSeq X,Adipose,bam,GTOP-CC131-0160.bam,10105.7,939a3c49-c81b-4ed9-94e5-a0f207eb5e3f
GTOP-CC131,RNA-seq,Illumina NovaSeq X,Whole_Blood,bam,GTOP-CC131-0378.bam,9951.8,55e2b852-cc71-4d8b-b1f1-8175dce55c49
GTOP-CC131,RNA-seq,Illumina NovaSeq X,Liver,bam,GTOP-CC131-1053.bam,8573.9,4c2227c1-23dd-412c-addf-a92ccac04b5b
GTOP-CC131,RNA-seq,Illumina NovaSeq X,Pancreas_Head,bam,GTOP-CC131-1108.bam,8395.4,04fc6949-f241-4a1b-928f-7aef5e7be634
GTOP-CC131,RNA-seq,Illumina NovaSeq X,Pancreas_Body,bam,GTOP-CC131-1236.bam,10208.1,e846ae6f-1cbc-4114-b38b-06333225609b
GTOP-CC131,RNA-seq,Illumina NovaSeq X,Pancreas_Tail,bam,GTOP-CC131-1392.bam,10577,412524c9-8b93-4560-88a5-746ab630d599
GTOP-CC131,RNA-seq,Illumina NovaSeq X,Gallbladder,bam,GTOP-CC131-1856.bam,10933.5,1cf1c6e3-49fa-4452-aaed-7c041a1aada8
GTOP-CC131,RNA-seq,Illumina NovaSeq X,Adrenal_Gland,bam,GTOP-CC131-2099.bam,9862.4,850990da-31fd-417e-aff3-c3c6209484da
GTOP-CC131,RNA-seq,Illumina NovaSeq X,Spleen,bam,GTOP-CC131-3082.bam,14977.5,e77fd60d-436c-46fe-8d3d-2c216793ab3d
GTOP-CC141,RNA-seq,Illumina NovaSeq X,Adipose,bam,GTOP-CC141-0160.bam,9744.7,09469067-4cb2-4bed-94ba-c31680fb723b
GTOP-CC141,RNA-seq,Illumina NovaSeq X,Whole_Blood,bam,GTOP-CC141-0378.bam,9753.6,dfe47ac8-0e20-494b-b642-e04eaffa756f
GTOP-CC141,RNA-seq,Illumina NovaSeq X,Liver,bam,GTOP-CC141-1053.bam,9143.2,d46ab063-43da-4497-b6c4-545682bc6da2
GTOP-CC141,RNA-seq,Illumina NovaSeq X,Pancreas_Head,bam,GTOP-CC141-1108.bam,9483.9,a0037ee0-9acb-4629-b5a7-cc8686f35160
GTOP-CC141,RNA-seq,Illumina NovaSeq X,Pancreas_Body,bam,GTOP-CC141-1236.bam,8453.5,e87d7d73-10ac-46c6-bf89-e8e948f19ed1
GTOP-CC141,RNA-seq,Illumina NovaSeq X,Pancreas_Tail,bam,GTOP-CC141-1392.bam,9162.1,6ff2f64b-91f7-4418-a443-a4d7d7cc2988
GTOP-CC141,RNA-seq,Illumina NovaSeq X,Gallbladder,bam,GTOP-CC141-1856.bam,8370,70f9f067-7708-4518-bbbe-22a675ab9fd7
GTOP-CC141,RNA-seq,Illumina NovaSeq X,Adrenal_Gland,bam,GTOP-CC141-2099.bam,9245.7,6cc1a1d1-b4b7-4d24-94e2-33c889c12934
GTOP-CC201,RNA-seq,Illumina NovaSeq X,Adipose,bam,GTOP-CC201-0160.bam,10133.8,fce7b7c3-0f88-47fa-b767-89faf47ca5fd
GTOP-CC201,RNA-seq,Illumina NovaSeq X,Whole_Blood,bam,GTOP-CC201-0378.bam,10248.2,3d19ba3c-ce07-43fa-8671-8d52198849ff
GTOP-CC201,RNA-seq,Illumina NovaSeq X,Liver,bam,GTOP-CC201-1053.bam,10779.1,b85dcd9a-bf37-425a-bf42-f1ec5ea7bedf
GTOP-CC201,RNA-seq,Illumina NovaSeq X,Pancreas_Head,bam,GTOP-CC201-1108.bam,9507.2,ea460805-1694-44bb-b950-032ba6df0c61
GTOP-CC201,RNA-seq,Illumina NovaSeq X,Pancreas_Body,bam,GTOP-CC201-1236.bam,9706.7,a1a44e37-cf1b-4e8d-b34f-b6a4370e3b5b
GTOP-CC201,RNA-seq,Illumina NovaSeq X,Pancreas_Tail,bam,GTOP-CC201-1392.bam,9497.4,fe7ebaad-c4e0-429a-bb07-50408305c838
GTOP-CC201,RNA-seq,Illumina NovaSeq X,Gallbladder,bam,GTOP-CC201-1856.bam,9984,d8b22075-726e-420b-af2a-b1365bb7161e
GTOP-CC201,RNA-seq,Illumina NovaSeq X,Adrenal_Gland,bam,GTOP-CC201-2099.bam,10598.7,e274d35c-b712-48f4-8a83-fbeaf0645928
GTOP-CC201,RNA-seq,Illumina NovaSeq X,Lymph_node,bam,GTOP-CC201-3170.bam,9637.1,6f4eae16-e516-4340-8c6b-50df1643af61
GTOP-CC201,RNA-seq,Illumina NovaSeq X,Lung_Base,bam,GTOP-CC201-5032.bam,9412.2,48aa4c7d-ad9a-4725-81b7-5d5d19c01bef
GTOP-CC201,RNA-seq,Illumina NovaSeq X,Lung_Apex,bam,GTOP-CC201-5156.bam,8848.5,00ffca42-745c-481b-8b9e-58f281978068
GTOP-CC231,RNA-seq,Illumina NovaSeq X,Adipose,bam,GTOP-CC231-0160.bam,8719.2,d5aa6ed6-bd6a-4c5d-b440-bf4fa16d0534
GTOP-CC231,RNA-seq,Illumina NovaSeq X,Whole_Blood,bam,GTOP-CC231-0378.bam,10697.4,3a38bdb0-fd15-4600-8982-3c111a649b2f
GTOP-CC231,RNA-seq,Illumina NovaSeq X,Liver,bam,GTOP-CC231-1053.bam,10170.6,b48ba60a-a54f-4c25-87e6-c1120df74deb
GTOP-CC231,RNA-seq,Illumina NovaSeq X,Pancreas_Head,bam,GTOP-CC231-1108.bam,10212.1,dc9b70aa-35c2-4c39-be55-55cde7d70aab
GTOP-CC231,RNA-seq,Illumina NovaSeq X,Pancreas_Tail,bam,GTOP-CC231-1392.bam,10944.5,9335952e-8848-4e19-a2d8-90f4fba269b2
GTOP-CC231,RNA-seq,Illumina NovaSeq X,Gallbladder,bam,GTOP-CC231-1856.bam,11243,0e0cad2a-6096-4643-95e8-b32785a4e5db
GTOP-CC231,RNA-seq,Illumina NovaSeq X,Adrenal_Gland,bam,GTOP-CC231-2099.bam,9239,fa651538-5d50-4ed4-9022-bfc66e6e52bb
GTOP-CC241,RNA-seq,Illumina NovaSeq X,Muscle,bam,GTOP-CC241-0087.bam,10377.1,70785e75-6adf-4148-8aee-3b9832bf59b0
GTOP-CC241,RNA-seq,Illumina NovaSeq X,Adipose,bam,GTOP-CC241-0160.bam,9937.1,269e595b-68ba-4495-996c-a357c0c88670
GTOP-CC241,RNA-seq,Illumina NovaSeq X,Whole_Blood,bam,GTOP-CC241-0378.bam,11272.9,bceee93a-c88d-483c-aff8-875a78daab72
GTOP-CC241,RNA-seq,Illumina NovaSeq X,Liver,bam,GTOP-CC241-1053.bam,7757.3,5eeaf607-bffe-43d4-9f09-05f8d1bc4449
GTOP-CC241,RNA-seq,Illumina NovaSeq X,Pancreas_Head,bam,GTOP-CC241-1108.bam,8929.8,3ec2a15c-07a3-4a73-a06e-aa7c8a044d61
GTOP-CC241,RNA-seq,Illumina NovaSeq X,Pancreas_Body,bam,GTOP-CC241-1236.bam,8925.6,ff8daa87-9768-48e5-a090-bee589021e52
GTOP-CC241,RNA-seq,Illumina NovaSeq X,Pancreas_Tail,bam,GTOP-CC241-1392.bam,9609.4,93b528ce-b2d5-4221-8973-7175b7e98b87
GTOP-CC241,RNA-seq,Illumina NovaSeq X,Small_Intestine,bam,GTOP-CC241-1470.bam,9837.4,ed757aba-d42c-498c-8fc3-89d8fdbbde5b
GTOP-CC241,RNA-seq,Illumina NovaSeq X,Colon,bam,GTOP-CC241-1584.bam,7972.4,91d3dd3b-3d0e-4b75-9f7a-8c34666e5e49
GTOP-CC241,RNA-seq,Illumina NovaSeq X,Stomach,bam,GTOP-CC241-1601.bam,9682.6,abad16c8-0fc9-49f8-b2fb-ef81e0370867
GTOP-CC241,RNA-seq,Illumina NovaSeq X,Esophagus,bam,GTOP-CC241-1710.bam,8791.7,34bc6cd0-1acb-4b9b-afd1-47212487509d
GTOP-CC241,RNA-seq,Illumina NovaSeq X,Gallbladder,bam,GTOP-CC241-1856.bam,11316.9,fea0640b-950a-4f36-8292-492c4815cdef
GTOP-CC241,RNA-seq,Illumina NovaSeq X,Adrenal_Gland,bam,GTOP-CC241-2099.bam,9322,1518c0cb-54c4-4d83-bb6f-ce84d9d5fee7
GTOP-CC241,RNA-seq,Illumina NovaSeq X,Spleen,bam,GTOP-CC241-3082.bam,10300.4,98567d04-f1a0-414c-ab9e-57b111184770
GTOP-CC241,RNA-seq,Illumina NovaSeq X,Heart_Left_Ventricle,bam,GTOP-CC241-4002.bam,8544.5,8e9c0372-16f4-4f23-8399-fa3a0571bbea
GTOP-CC241,RNA-seq,Illumina NovaSeq X,Heart_Right_Ventricle,bam,GTOP-CC241-4003.bam,7271.3,e781160e-2ce9-44d8-b208-16a57dd73c4c
GTOP-CC241,RNA-seq,Illumina NovaSeq X,Heart_Right_Atrium,bam,GTOP-CC241-4018.bam,9001.9,02b43766-bb10-4d3f-acac-056bfffa6f45
GTOP-CC241,RNA-seq,Illumina NovaSeq X,Heart_Left_Atrium,bam,GTOP-CC241-4019.bam,8322.2,41efe923-0dc3-480b-afb8-6857a73917ef
GTOP-CC241,RNA-seq,Illumina NovaSeq X,Heart_Mitral_Valve,bam,GTOP-CC241-4022.bam,10391.8,9e05898d-74f1-4574-890d-65ba16c96d3c
GTOP-CC241,RNA-seq,Illumina NovaSeq X,Heart_Tricuspid_Valve,bam,GTOP-CC241-4023.bam,8504.4,67a9e133-e645-44a8-bf5f-d7745ae948ff
GTOP-CC241,RNA-seq,Illumina NovaSeq X,Lung_Base,bam,GTOP-CC241-5032.bam,8629.1,83328e35-179f-4dc7-8e27-99d4da75ef01
GTOP-CC241,RNA-seq,Illumina NovaSeq X,Lung_Apex,bam,GTOP-CC241-5156.bam,8658.6,226fb5f8-64b2-423f-bbf9-2bedc63757a2
GTOP-CC241,RNA-seq,Illumina NovaSeq X,Ovary,bam,GTOP-CC241-6235.bam,10150.5,abc9c19f-bf24-4797-afd5-b64e068a1c7a
GTOP-CC241,RNA-seq,Illumina NovaSeq X,Uterus,bam,GTOP-CC241-6246.bam,10180.7,60236322-5a48-4c27-ac9e-8853c73295e4
GTOP-CC241,RNA-seq,Illumina NovaSeq X,Skin,bam,GTOP-CC241-0262.bam,9418.4,5390c4f8-9600-4e58-8d73-dd203dba540f
GTOP-CC251,RNA-seq,Illumina NovaSeq X,Adipose,bam,GTOP-CC251-0160.bam,10088.7,138a7ea6-9a9d-416f-bbb5-f1e7bdd8f61c
GTOP-CC251,RNA-seq,Illumina NovaSeq X,Whole_Blood,bam,GTOP-CC251-0378.bam,12885.6,dcc684e2-936c-493a-9c4d-534cbdb05a40
GTOP-CC251,RNA-seq,Illumina NovaSeq X,Liver,bam,GTOP-CC251-1053.bam,15720.6,237bf95f-97f6-4d2e-b0d0-75fafdc07ef0
GTOP-CC251,RNA-seq,Illumina NovaSeq X,Pancreas_Head,bam,GTOP-CC251-1108.bam,10717.4,9b869787-c67f-4c19-a37e-caf734cc4385
GTOP-CC251,RNA-seq,Illumina NovaSeq X,Pancreas_Body,bam,GTOP-CC251-1236.bam,9163.6,7196155c-3519-481e-ab28-e5b8d415cd83
GTOP-CC251,RNA-seq,Illumina NovaSeq X,Pancreas_Tail,bam,GTOP-CC251-1392.bam,9999,e2451a3e-6529-4898-a00e-b8fb385e5412
GTOP-CC251,RNA-seq,Illumina NovaSeq X,Gallbladder,bam,GTOP-CC251-1856.bam,9300.2,e629c982-04c8-4536-9c8a-60e61574fcb3
GTOP-CC251,RNA-seq,Illumina NovaSeq X,Adrenal_Gland,bam,GTOP-CC251-2099.bam,9264.4,9b3c74f1-aa53-4ef8-8495-952d90b34015
GTOP-CC291,RNA-seq,Illumina NovaSeq X,Muscle,bam,GTOP-CC291-0087.bam,9625.4,f118909c-7a82-48bd-bafe-3c811838ee7e
GTOP-CC291,RNA-seq,Illumina NovaSeq X,Adipose,bam,GTOP-CC291-0160.bam,11848.5,0add8927-4c40-402f-86de-bb83b2bb258d
GTOP-CC291,RNA-seq,Illumina NovaSeq X,Whole_Blood,bam,GTOP-CC291-0378.bam,10460.9,981f06b8-9957-4c88-8478-c1a9e81ec718
GTOP-CC291,RNA-seq,Illumina NovaSeq X,Liver,bam,GTOP-CC291-1053.bam,12333.5,8d38e360-8196-493b-8306-1cb93d26e2be
GTOP-CC291,RNA-seq,Illumina NovaSeq X,Pancreas_Head,bam,GTOP-CC291-1108.bam,12765.3,2c0bf5aa-89a4-4440-8a0e-aabf420a7879
GTOP-CC291,RNA-seq,Illumina NovaSeq X,Pancreas_Body,bam,GTOP-CC291-1236.bam,12511.1,e2f44d59-9a7b-418d-9c40-cf302842e788
GTOP-CC291,RNA-seq,Illumina NovaSeq X,Pancreas_Tail,bam,GTOP-CC291-1392.bam,12351.8,d04cb86b-5a41-4a73-9b2b-ffa522409477
GTOP-CC291,RNA-seq,Illumina NovaSeq X,Gallbladder,bam,GTOP-CC291-1856.bam,12077.9,6fc12179-b3c7-49b4-a9aa-fcaf1a92ea11
GTOP-CC291,RNA-seq,Illumina NovaSeq X,Adrenal_Gland,bam,GTOP-CC291-2099.bam,11642.4,32298dd3-f32c-4268-9029-5a3870e58073
GTOP-CC291,RNA-seq,Illumina NovaSeq X,Skin,bam,GTOP-CC291-0262.bam,9196.9,643bab34-d53e-44c0-b38c-a71330a58f2b
GTOP-CC311,RNA-seq,Illumina NovaSeq X,Muscle,bam,GTOP-CC311-0087.bam,11959.2,8d2a462c-1c64-4367-8ccc-d846e93f4f6b
GTOP-CC311,RNA-seq,Illumina NovaSeq X,Adipose,bam,GTOP-CC311-0160.bam,14735.5,e563a09f-e3b5-44bc-bce5-13272319c712
GTOP-CC311,RNA-seq,Illumina NovaSeq X,Whole_Blood,bam,GTOP-CC311-0378.bam,10718.2,98610777-2de0-4797-9634-2b67c0b8e2e4
GTOP-CC311,RNA-seq,Illumina NovaSeq X,Liver,bam,GTOP-CC311-1053.bam,10640.7,8dbb5f0a-42fc-46ee-9f2c-78b1ab9d5ec1
GTOP-CC311,RNA-seq,Illumina NovaSeq X,Pancreas_Head,bam,GTOP-CC311-1108.bam,10842.2,c85ccb4c-f21b-408e-9180-0df0d51f505d
GTOP-CC311,RNA-seq,Illumina NovaSeq X,Pancreas_Body,bam,GTOP-CC311-1236.bam,10950.9,fc49a45c-74ec-4a53-bd23-589264e638e8
GTOP-CC311,RNA-seq,Illumina NovaSeq X,Pancreas_Tail,bam,GTOP-CC311-1392.bam,8989.9,173d7607-cc99-453e-acd3-289919d48d40
GTOP-CC311,RNA-seq,Illumina NovaSeq X,Small_Intestine,bam,GTOP-CC311-1470.bam,11400.7,2cae1e17-8e80-4b03-9aca-8ecc23fc50c3
GTOP-CC311,RNA-seq,Illumina NovaSeq X,Colon,bam,GTOP-CC311-1584.bam,8681.4,bbb3d5e4-b301-49ba-9f33-f9a768c1601b
GTOP-CC311,RNA-seq,Illumina NovaSeq X,Stomach,bam,GTOP-CC311-1601.bam,11838,40eeda6b-3f86-40eb-ba3f-06a73b229080
GTOP-CC311,RNA-seq,Illumina NovaSeq X,Gallbladder,bam,GTOP-CC311-1856.bam,11349.4,2e6eb19d-196f-4cd1-a700-33a6156c5727
GTOP-CC311,RNA-seq,Illumina NovaSeq X,Adrenal_Gland,bam,GTOP-CC311-2099.bam,10666.2,d427f953-fe3e-4a24-a216-92a270a0b799
GTOP-CC311,RNA-seq,Illumina NovaSeq X,Spleen,bam,GTOP-CC311-3082.bam,11831.7,d3cfcac3-3edd-41c4-9c0c-bb6135fcf356
GTOP-CC311,RNA-seq,Illumina NovaSeq X,Heart_Left_Ventricle,bam,GTOP-CC311-4002.bam,9571.7,b35b8140-6b07-417d-bebc-c8dcf3b31eec
GTOP-CC311,RNA-seq,Illumina NovaSeq X,Heart_Right_Ventricle,bam,GTOP-CC311-4003.bam,8908.9,0f4d5dc6-b33b-4445-84a6-bf5b76198a24
GTOP-CC311,RNA-seq,Illumina NovaSeq X,Heart_Right_Atrium,bam,GTOP-CC311-4018.bam,8039.7,4a53f7e5-cb3b-4182-8e81-53cbd67ddb22
GTOP-CC311,RNA-seq,Illumina NovaSeq X,Heart_Left_Atrium,bam,GTOP-CC311-4019.bam,8725.7,93afb1ea-8d2d-437d-bae0-0346c0bac74a
GTOP-CC311,RNA-seq,Illumina NovaSeq X,Lung_Base,bam,GTOP-CC311-5032.bam,9461.4,73ceae42-0b24-4730-b104-13051e82dbac
GTOP-CC311,RNA-seq,Illumina NovaSeq X,Lung_Apex,bam,GTOP-CC311-5156.bam,10318.4,2bb8cdfb-1404-4c14-9697-91ff9261d782
GTOP-CC311,RNA-seq,Illumina NovaSeq X,Skin,bam,GTOP-CC311-0262.bam,8659.5,0f4cc572-4fdf-4961-a4d2-ab9f30599bc2
GTOP-CD021,RNA-seq,Illumina NovaSeq X,Adipose,bam,GTOP-CD021-0160.bam,11902.7,7a9f0f55-9eef-4c40-aafd-c21c73b02f29
GTOP-CD021,RNA-seq,Illumina NovaSeq X,Whole_Blood,bam,GTOP-CD021-0378.bam,9154.5,dd93a6e3-db33-4b61-a4cf-4d86876801f5
GTOP-CD021,RNA-seq,Illumina NovaSeq X,Liver,bam,GTOP-CD021-1053.bam,8880.2,3ee28f2a-8312-48c4-acb2-b4fde5fe00fc
GTOP-CD021,RNA-seq,Illumina NovaSeq X,Pancreas_Head,bam,GTOP-CD021-1108.bam,10262.6,23c92163-33ff-45ad-a1d8-2f96c1ddc096
GTOP-CD021,RNA-seq,Illumina NovaSeq X,Pancreas_Body,bam,GTOP-CD021-1236.bam,10474.1,0b855fe3-dee7-423b-88f5-243f902cbf43
GTOP-CD021,RNA-seq,Illumina NovaSeq X,Pancreas_Tail,bam,GTOP-CD021-1392.bam,10079.8,e177dfe9-cb50-4a7a-bade-0472ecef54e2
GTOP-CD021,RNA-seq,Illumina NovaSeq X,Gallbladder,bam,GTOP-CD021-1856.bam,10953.7,69f45412-9060-43be-8546-3b5871f5802c
GTOP-CD021,RNA-seq,Illumina NovaSeq X,Adrenal_Gland,bam,GTOP-CD021-2099.bam,9107,23a8c2f2-e34c-4945-82b8-3c679a13c7cc
GTOP-CD021,RNA-seq,Illumina NovaSeq X,Heart_Left_Ventricle,bam,GTOP-CD021-4002.bam,9581.4,b555977c-12dc-479b-8eaa-a7abdb0094c2
GTOP-CD021,RNA-seq,Illumina NovaSeq X,Heart_Right_Ventricle,bam,GTOP-CD021-4003.bam,9098.8,c7aaf065-a43a-4bad-bc64-28c250ceb222
GTOP-CD121,RNA-seq,Illumina NovaSeq X,Muscle,bam,GTOP-CD121-0087.bam,11117.6,2210e344-66e3-4389-9d66-982d25ebe85f
GTOP-CD121,RNA-seq,Illumina NovaSeq X,Adipose,bam,GTOP-CD121-0160.bam,11308.6,8594c8be-e1fd-40bb-9e5e-c53d03a9b205
GTOP-CD121,RNA-seq,Illumina NovaSeq X,Skin,bam,GTOP-CD121-0262.bam,12492.2,9aa46483-32db-428f-a31f-c8e745fb4099
GTOP-CD121,RNA-seq,Illumina NovaSeq X,Whole_Blood,bam,GTOP-CD121-0378.bam,11375.8,68845d40-66ff-41ea-a10d-97e07c38dc25
GTOP-CD121,RNA-seq,Illumina NovaSeq X,Liver,bam,GTOP-CD121-1053.bam,11078.1,861705e9-2e42-4f38-a1fe-97a7bfa27631
GTOP-CD121,RNA-seq,Illumina NovaSeq X,Pancreas_Head,bam,GTOP-CD121-1108.bam,11033.7,a8b15817-2c91-4094-aef1-21435540a807
GTOP-CD121,RNA-seq,Illumina NovaSeq X,Pancreas_Body,bam,GTOP-CD121-1236.bam,12932.3,90bbc0a8-4589-4787-b860-57283e8a0996
GTOP-CD121,RNA-seq,Illumina NovaSeq X,Pancreas_Tail,bam,GTOP-CD121-1392.bam,12722.1,edf2546a-aa40-4d0c-b40d-c2189a90167d
GTOP-CD121,RNA-seq,Illumina NovaSeq X,Gallbladder,bam,GTOP-CD121-1856.bam,13131.2,5abecadf-b060-45ea-9173-915820e2df99
GTOP-CD121,RNA-seq,Illumina NovaSeq X,Adrenal_Gland,bam,GTOP-CD121-2099.bam,12521.2,1ae36785-2069-43a5-a14d-ef145cae40e2
GTOP-CD121,RNA-seq,Illumina NovaSeq X,Spleen,bam,GTOP-CD121-3082.bam,9982,27b8ee54-bf59-433c-a3c6-5418e5f1ef31
GTOP-CE111,RNA-seq,Illumina NovaSeq X,Adipose,bam,GTOP-CE111-0160.bam,9644,e25cb2f3-d173-4763-b459-7ae2b8bc208c
GTOP-CE111,RNA-seq,Illumina NovaSeq X,Whole_Blood,bam,GTOP-CE111-0378.bam,12559.6,f9a28601-dc36-4bd5-8e17-9ae76f28e22a
GTOP-CE111,RNA-seq,Illumina NovaSeq X,Liver,bam,GTOP-CE111-1053.bam,9227.4,81b92d91-2483-471e-be63-8f0f4e31bdcf
GTOP-CE111,RNA-seq,Illumina NovaSeq X,Pancreas_Head,bam,GTOP-CE111-1108.bam,10376.5,0b9a27c9-4370-4b54-abf8-3f01adcb2c6d
GTOP-CE111,RNA-seq,Illumina NovaSeq X,Pancreas_Body,bam,GTOP-CE111-1236.bam,10242.8,34c4b542-c770-4edc-acb2-90a887db5627
GTOP-CE111,RNA-seq,Illumina NovaSeq X,Pancreas_Tail,bam,GTOP-CE111-1392.bam,9591.5,0f5e7a2f-26cc-48ea-a899-1b86a2f64da7
GTOP-CE111,RNA-seq,Illumina NovaSeq X,Adrenal_Gland,bam,GTOP-CE111-2099.bam,8702.3,4a88036a-07f3-4964-b230-934644083677
GTOP-CE131,RNA-seq,Illumina NovaSeq X,Adipose,bam,GTOP-CE131-0160.bam,8612.8,54db8e4b-d77b-4664-9ef3-478bac8ea196
GTOP-CE131,RNA-seq,Illumina NovaSeq X,Whole_Blood,bam,GTOP-CE131-0378.bam,11337,e2a1924b-2ecc-42e7-91af-6289bb3a151c
GTOP-CE131,RNA-seq,Illumina NovaSeq X,Liver,bam,GTOP-CE131-1053.bam,8370.1,b1fc4bb8-77d7-4e45-ac3e-cfddedb7ebc2
GTOP-CE131,RNA-seq,Illumina NovaSeq X,Pancreas_Head,bam,GTOP-CE131-1108.bam,9216.2,72ec53be-d8ab-4f1d-a029-5509b0fa5c73
GTOP-CE131,RNA-seq,Illumina NovaSeq X,Pancreas_Body,bam,GTOP-CE131-1236.bam,10023.8,d5ba038d-9eb9-4724-b280-09ce9a6a3b18
GTOP-CE131,RNA-seq,Illumina NovaSeq X,Pancreas_Tail,bam,GTOP-CE131-1392.bam,14565.8,b5f8b0a0-d170-4826-926b-c5073f952d3a
GTOP-CE131,RNA-seq,Illumina NovaSeq X,Gallbladder,bam,GTOP-CE131-1856.bam,10203.8,2e3bbf57-8990-4953-87ba-7191983e6f42
GTOP-CE131,RNA-seq,Illumina NovaSeq X,Adrenal_Gland,bam,GTOP-CE131-2099.bam,8534.5,624bd82c-4267-4d28-b452-98724026dbd2
GTOP-CE141,RNA-seq,Illumina NovaSeq X,Muscle,bam,GTOP-CE141-0087.bam,7619.7,8c030fd0-f257-452d-ad0c-8dffcf3da18b
GTOP-CE141,RNA-seq,Illumina NovaSeq X,Adipose,bam,GTOP-CE141-0160.bam,9192.9,1cb3fc01-8a5f-4a1a-8ef0-5d3d1260e11b
GTOP-CE141,RNA-seq,Illumina NovaSeq X,Skin,bam,GTOP-CE141-0262.bam,8601.2,365b634f-f7ad-40e2-89c7-c9d6ee241f78
GTOP-CE141,RNA-seq,Illumina NovaSeq X,Whole_Blood,bam,GTOP-CE141-0378.bam,12039.4,862d5c95-9d59-439f-9cd1-c8fe7573008f
GTOP-CE141,RNA-seq,Illumina NovaSeq X,Liver,bam,GTOP-CE141-1053.bam,10715.1,bb3d9387-f03a-45d9-8308-3875fb42abad
GTOP-CE141,RNA-seq,Illumina NovaSeq X,Pancreas_Head,bam,GTOP-CE141-1108.bam,9896.8,9414fe7d-3094-4150-ac19-0bf906584004
GTOP-CE141,RNA-seq,Illumina NovaSeq X,Pancreas_Body,bam,GTOP-CE141-1236.bam,9922.3,a2be0ead-1f52-47de-b9a0-68b6e9563df0
GTOP-CE141,RNA-seq,Illumina NovaSeq X,Pancreas_Tail,bam,GTOP-CE141-1392.bam,9928.1,8834850a-ab22-4a74-b06a-5becf0432904
GTOP-CE141,RNA-seq,Illumina NovaSeq X,Stomach,bam,GTOP-CE141-1601.bam,8872,22b81037-0b48-4a7b-ae5a-2891a06392ba
GTOP-CE141,RNA-seq,Illumina NovaSeq X,Gallbladder,bam,GTOP-CE141-1856.bam,8275.5,2c5a16bc-e48f-4244-8b77-c80606d73085
GTOP-CE141,RNA-seq,Illumina NovaSeq X,Adrenal_Gland,bam,GTOP-CE141-2099.bam,9385.7,226ff66a-f745-426e-b7bf-7ba1f91beba0
GTOP-CE141,RNA-seq,Illumina NovaSeq X,Spleen,bam,GTOP-CE141-3082.bam,9244.8,5292e6d0-77ba-49f8-820d-7c9c247ddd64
GTOP-CE161,RNA-seq,Illumina NovaSeq X,Muscle,bam,GTOP-CE161-0087.bam,8507.5,8d7ba119-37a3-4f9a-a73f-c258c3f1a994
GTOP-CE161,RNA-seq,Illumina NovaSeq X,Adipose,bam,GTOP-CE161-0160.bam,8693.8,7fe28f95-8287-4efb-a224-451db52e41bc
GTOP-CE161,RNA-seq,Illumina NovaSeq X,Skin,bam,GTOP-CE161-0262.bam,9279.5,10b7c14d-5053-4647-83ac-9897d1eef344
GTOP-CE161,RNA-seq,Illumina NovaSeq X,Whole_Blood,bam,GTOP-CE161-0378.bam,11585.2,36a3fb3f-7dc1-49d6-a626-27748b9e6d3a
GTOP-CE161,RNA-seq,Illumina NovaSeq X,Liver,bam,GTOP-CE161-1053.bam,8928.5,755bd160-a1b4-4c72-af5b-70486083c348
GTOP-CE161,RNA-seq,Illumina NovaSeq X,Pancreas_Head,bam,GTOP-CE161-1108.bam,8323.3,c9470fcd-e73f-4577-8940-a34889ac0ea4
GTOP-CE161,RNA-seq,Illumina NovaSeq X,Pancreas_Body,bam,GTOP-CE161-1236.bam,9102.2,c81cadb2-9d12-4730-8441-5428ec8d8bc0
GTOP-CE161,RNA-seq,Illumina NovaSeq X,Pancreas_Tail,bam,GTOP-CE161-1392.bam,9848,4ceb379a-3fac-48f6-890d-72515fa62db2
GTOP-CE161,RNA-seq,Illumina NovaSeq X,Stomach,bam,GTOP-CE161-1601.bam,10272.9,85d69f32-53c1-48e0-879b-3635cbccf1d2
GTOP-CE161,RNA-seq,Illumina NovaSeq X,Gallbladder,bam,GTOP-CE161-1856.bam,8663.8,262768b8-6f2c-4ed2-8545-282d07b495ee
GTOP-CE161,RNA-seq,Illumina NovaSeq X,Adrenal_Gland,bam,GTOP-CE161-2099.bam,8519.9,0c6dc519-4c2a-46a9-90fd-75c7952a6d80
GTOP-CE161,RNA-seq,Illumina NovaSeq X,Spleen,bam,GTOP-CE161-3082.bam,16875.1,5838d3e2-cfe0-4713-897b-15f1bde05e3c
GTOP-CF011,RNA-seq,Illumina NovaSeq X,Adipose,bam,GTOP-CF011-0160.bam,9416,3a78c5f8-1c99-4717-843e-d8c8873cf95f
GTOP-CF011,RNA-seq,Illumina NovaSeq X,Whole_Blood,bam,GTOP-CF011-0378.bam,11640.8,3800be8a-5f1a-400c-86f6-3cfdef5347cd
GTOP-CF011,RNA-seq,Illumina NovaSeq X,Liver,bam,GTOP-CF011-1053.bam,9681.4,08b97709-7133-46ce-9654-71c63a4a42b4
GTOP-CF011,RNA-seq,Illumina NovaSeq X,Pancreas_Head,bam,GTOP-CF011-1108.bam,9044.3,a805e416-2646-4314-ad70-f4afd8301695
GTOP-CF011,RNA-seq,Illumina NovaSeq X,Pancreas_Body,bam,GTOP-CF011-1236.bam,12618.1,d6dea4a3-625f-4d8f-86ca-8d8c951bf79a
GTOP-CF011,RNA-seq,Illumina NovaSeq X,Pancreas_Tail,bam,GTOP-CF011-1392.bam,10117.7,76d7f363-8f89-4e09-b96a-7736edd4d746
GTOP-CF011,RNA-seq,Illumina NovaSeq X,Gallbladder,bam,GTOP-CF011-1856.bam,8956.1,3ed8b675-e00d-40f7-b2fb-5ce256aedcbf
GTOP-CF011,RNA-seq,Illumina NovaSeq X,Adrenal_Gland,bam,GTOP-CF011-2099.bam,8632.4,07596515-c418-4570-aa34-a6e0cab698d1
GTOP-CF051,RNA-seq,Illumina NovaSeq X,Adipose,bam,GTOP-CF051-0160.bam,8423.8,624670b7-cda4-451b-98c5-6b3b87f2910a
GTOP-CF051,RNA-seq,Illumina NovaSeq X,Whole_Blood,bam,GTOP-CF051-0378.bam,11309.4,92341021-365d-4c92-a55c-2012dc635519
GTOP-CF051,RNA-seq,Illumina NovaSeq X,Liver,bam,GTOP-CF051-1053.bam,10153.7,9f41a872-9b79-4fa1-adca-55f62f4a5651
GTOP-CF051,RNA-seq,Illumina NovaSeq X,Pancreas_Head,bam,GTOP-CF051-1108.bam,16220.6,6e8bf697-b3b9-4dd7-9a0b-f1093df09e6e
GTOP-CF051,RNA-seq,Illumina NovaSeq X,Pancreas_Body,bam,GTOP-CF051-1236.bam,17240.3,d442237a-353b-4703-8f93-85a34d0afdf9
GTOP-CF051,RNA-seq,Illumina NovaSeq X,Pancreas_Tail,bam,GTOP-CF051-1392.bam,14814.6,65a610c4-789b-4ef8-9b27-a167ff66a844
GTOP-CF051,RNA-seq,Illumina NovaSeq X,Gallbladder,bam,GTOP-CF051-1856.bam,10521.3,dbb749ab-4271-4be4-bf24-a50cd57ab714
GTOP-CF051,RNA-seq,Illumina NovaSeq X,Adrenal_Gland,bam,GTOP-CF051-2099.bam,10624.2,0c899c57-5829-47eb-bda8-4d2261296b7f
GTOP-CF121,RNA-seq,Illumina NovaSeq X,Adipose,bam,GTOP-CF121-0160.bam,11270.4,4439be08-8f23-4b62-af68-b94d9e280408
GTOP-CF121,RNA-seq,Illumina NovaSeq X,Whole_Blood,bam,GTOP-CF121-0378.bam,11725.2,ab9e1137-b5f3-4e47-8c44-936e1850f94c
GTOP-CF121,RNA-seq,Illumina NovaSeq X,Liver,bam,GTOP-CF121-1053.bam,11763.2,acc847b5-e6da-4fe9-9a3d-5088c05d7187
GTOP-CF121,RNA-seq,Illumina NovaSeq X,Pancreas_Head,bam,GTOP-CF121-1108.bam,11674.3,02ff6702-0fd6-41a3-af84-18f24257d503
GTOP-CF121,RNA-seq,Illumina NovaSeq X,Pancreas_Body,bam,GTOP-CF121-1236.bam,11613.9,674a866a-57b1-46f7-8830-a10e570e6d00
GTOP-CF121,RNA-seq,Illumina NovaSeq X,Pancreas_Tail,bam,GTOP-CF121-1392.bam,15645.6,a14bd6f3-eb62-4df7-8869-b047ace1b25d
GTOP-CF121,RNA-seq,Illumina NovaSeq X,Gallbladder,bam,GTOP-CF121-1856.bam,11593.7,f94ead66-8f04-4473-8c22-6817dd90c6e2
GTOP-CF121,RNA-seq,Illumina NovaSeq X,Adrenal_Gland,bam,GTOP-CF121-2099.bam,15021.9,8d2d57ac-9f51-4d8d-9715-2cec158d5c3d
GTOP-CF121,RNA-seq,Illumina NovaSeq X,Spleen,bam,GTOP-CF121-3082.bam,13445.1,cddeca15-7bb0-4f14-acea-6663e1389ac2
GTOP-CF201,RNA-seq,Illumina NovaSeq X,Muscle,bam,GTOP-CF201-0087.bam,8808,afe32200-e7fb-454c-8c33-9c383ab6d629
GTOP-CF201,RNA-seq,Illumina NovaSeq X,Adipose,bam,GTOP-CF201-0160.bam,11652.3,00800259-4f60-46b7-8623-93c78a5f37ee
GTOP-CF201,RNA-seq,Illumina NovaSeq X,Skin,bam,GTOP-CF201-0262.bam,10626,07b585de-bac5-49b0-bc10-62b3beb364a8
GTOP-CF201,RNA-seq,Illumina NovaSeq X,Whole_Blood,bam,GTOP-CF201-0378.bam,10808.1,2584dbd9-3f6c-44d8-a386-662c781a25ac
GTOP-CF201,RNA-seq,Illumina NovaSeq X,Liver,bam,GTOP-CF201-1053.bam,12632.8,93c882f7-08c2-489e-b708-f6bf4aa5c9aa
GTOP-CF201,RNA-seq,Illumina NovaSeq X,Pancreas_Head,bam,GTOP-CF201-1108.bam,10260.6,82146271-7874-4d3f-a74c-b6a38d5e3e10
GTOP-CF201,RNA-seq,Illumina NovaSeq X,Pancreas_Body,bam,GTOP-CF201-1236.bam,15456.2,06e7a937-fbdc-497f-843f-db44bded5d86
GTOP-CF201,RNA-seq,Illumina NovaSeq X,Pancreas_Tail,bam,GTOP-CF201-1392.bam,11445.4,e4fc3a30-0cea-4ed7-8601-6b7073f80ddb
GTOP-CF201,RNA-seq,Illumina NovaSeq X,Gallbladder,bam,GTOP-CF201-1856.bam,10098.4,6382462e-04b8-4f69-8244-6d5c4d4c0f12
GTOP-CF201,RNA-seq,Illumina NovaSeq X,Adrenal_Gland,bam,GTOP-CF201-2099.bam,10863.3,a743a98a-672a-4bd0-aa54-209542e740bf
GTOP-CF221,RNA-seq,Illumina NovaSeq X,Muscle,bam,GTOP-CF221-0087.bam,10426,b977c7df-7262-4845-a57e-a9ae0daa5454
GTOP-CF221,RNA-seq,Illumina NovaSeq X,Adipose,bam,GTOP-CF221-0160.bam,10981.7,86dca10e-9bf3-4a67-a481-8cef81be526a
GTOP-CF221,RNA-seq,Illumina NovaSeq X,Whole_Blood,bam,GTOP-CF221-0378.bam,11958.9,111ea280-7372-4c0d-bd2f-9a0a9028903c
GTOP-CF221,RNA-seq,Illumina NovaSeq X,Liver,bam,GTOP-CF221-1053.bam,12031.4,e71d289e-a517-4f43-8fc0-0770190de583
GTOP-CF221,RNA-seq,Illumina NovaSeq X,Pancreas_Head,bam,GTOP-CF221-1108.bam,14742.6,deaa4dda-ef65-4215-84ce-d548a6b3a826
GTOP-CF221,RNA-seq,Illumina NovaSeq X,Pancreas_Body,bam,GTOP-CF221-1236.bam,13332.3,aee9cde9-c47b-4ec3-bc7d-2ef7a4f065b0
GTOP-CF221,RNA-seq,Illumina NovaSeq X,Pancreas_Tail,bam,GTOP-CF221-1392.bam,9318.2,0fe6a505-95ae-4287-882f-57075558d706
GTOP-CF221,RNA-seq,Illumina NovaSeq X,Gallbladder,bam,GTOP-CF221-1856.bam,14591,7d3a9b48-ff66-4362-9291-585c38d43027
GTOP-CF221,RNA-seq,Illumina NovaSeq X,Adrenal_Gland,bam,GTOP-CF221-2099.bam,10991.3,5f83a661-3a51-4d11-a42d-2ff86e787a09
GTOP-CF221,RNA-seq,Illumina NovaSeq X,Spleen,bam,GTOP-CF221-3082.bam,18540.7,ab25248f-a445-43ee-a671-fb268f05edbe
GTOP-CF241,RNA-seq,Illumina NovaSeq X,Adipose,bam,GTOP-CF241-0160.bam,9980.4,4c1d5a53-fbeb-499b-b9e9-8dd4a7a0e86c
GTOP-CF241,RNA-seq,Illumina NovaSeq X,Whole_Blood,bam,GTOP-CF241-0378.bam,12014.6,9621b2c6-163e-4ace-ba90-37e28bcb762a
GTOP-CF241,RNA-seq,Illumina NovaSeq X,Liver,bam,GTOP-CF241-1053.bam,10875.8,e84b3ffb-d568-4bb4-8bdd-53aeefc266e4
GTOP-CF241,RNA-seq,Illumina NovaSeq X,Pancreas_Body,bam,GTOP-CF241-1236.bam,11342.8,9c51f65a-eb59-427a-b98d-335a511dcb98
GTOP-CF241,RNA-seq,Illumina NovaSeq X,Pancreas_Tail,bam,GTOP-CF241-1392.bam,11174.4,67d2ab34-0fc6-4d9a-be90-f0ac26bb7f86
GTOP-CF241,RNA-seq,Illumina NovaSeq X,Gallbladder,bam,GTOP-CF241-1856.bam,11212.7,3832ff18-8018-414d-af72-7bf80821c08d
GTOP-CF241,RNA-seq,Illumina NovaSeq X,Adrenal_Gland,bam,GTOP-CF241-2099.bam,11144.7,7252c9b8-d33e-42df-be66-d9e7fda54cd0
GTOP-CF242,RNA-seq,Illumina NovaSeq X,Muscle,bam,GTOP-CF242-0087.bam,9945.5,26323dfb-db94-4756-88c2-9f85a0dbd660
GTOP-CF242,RNA-seq,Illumina NovaSeq X,Adipose,bam,GTOP-CF242-0160.bam,10369.8,e2cf51bb-d930-4e07-bdaf-b3f603a26075
GTOP-CF242,RNA-seq,Illumina NovaSeq X,Skin,bam,GTOP-CF242-0262.bam,10108.8,fbff1252-2bf6-40b8-b1e3-982bfcdcea00
GTOP-CF242,RNA-seq,Illumina NovaSeq X,Whole_Blood,bam,GTOP-CF242-0378.bam,10814.8,1fc5c121-d67d-4e2f-952d-d6c18afa293c
GTOP-CF242,RNA-seq,Illumina NovaSeq X,Liver,bam,GTOP-CF242-1053.bam,12277.2,7951588e-e2b1-4c64-8ada-de962b277470
GTOP-CF242,RNA-seq,Illumina NovaSeq X,Pancreas_Head,bam,GTOP-CF242-1108.bam,16184.5,f1db6d7d-a0bb-4290-b417-ec077a88266b
GTOP-CF242,RNA-seq,Illumina NovaSeq X,Pancreas_Body,bam,GTOP-CF242-1236.bam,16068.2,6096a785-7f9a-42e0-8d1a-0a80ad998ac3
GTOP-CF242,RNA-seq,Illumina NovaSeq X,Pancreas_Tail,bam,GTOP-CF242-1392.bam,16040.6,405297c5-be4f-4dfc-8210-48c269b56d7c
GTOP-CF242,RNA-seq,Illumina NovaSeq X,Gallbladder,bam,GTOP-CF242-1856.bam,14510.5,98cbed09-6a7f-47ce-b87d-b456bdcc3e4c
GTOP-CF242,RNA-seq,Illumina NovaSeq X,Adrenal_Gland,bam,GTOP-CF242-2099.bam,13061.4,85965db0-7a93-4f4f-994a-2b079326061c
GTOP-CF242,RNA-seq,Illumina NovaSeq X,Spleen,bam,GTOP-CF242-3082.bam,15726.3,ee46845d-f43b-4628-b72d-dbabd41fc896
GTOP-CF301,RNA-seq,Illumina NovaSeq X,Muscle,bam,GTOP-CF301-0087.bam,11485.4,4106b22a-ff47-4382-ac9e-bbb5a632177f
GTOP-CF301,RNA-seq,Illumina NovaSeq X,Adipose,bam,GTOP-CF301-0160.bam,14183.1,baa889ef-919a-4f41-bd37-e965a4d2021d
GTOP-CF301,RNA-seq,Illumina NovaSeq X,Skin,bam,GTOP-CF301-0262.bam,9330.4,b5052a1b-7303-4eda-9a55-93dd838285b0
GTOP-CF301,RNA-seq,Illumina NovaSeq X,Whole_Blood,bam,GTOP-CF301-0378.bam,10496.7,f090a1dd-2058-4298-be82-b4148c730d87
GTOP-CF301,RNA-seq,Illumina NovaSeq X,Liver,bam,GTOP-CF301-1053.bam,8098.8,759e0499-64b0-4036-ad67-00830350f643
GTOP-CF301,RNA-seq,Illumina NovaSeq X,Pancreas_Body,bam,GTOP-CF301-1236.bam,11070.6,6d2edec4-d540-4571-8726-a27d40060415
GTOP-CF301,RNA-seq,Illumina NovaSeq X,Pancreas_Tail,bam,GTOP-CF301-1392.bam,11981.4,6d80cab3-2360-482b-ae83-06d0944ff7b3
GTOP-CF301,RNA-seq,Illumina NovaSeq X,Gallbladder,bam,GTOP-CF301-1856.bam,8706.8,ebbc9158-d6b0-4d31-acec-b4cd74c22efe
GTOP-CF301,RNA-seq,Illumina NovaSeq X,Adrenal_Gland,bam,GTOP-CF301-2099.bam,9496.7,38c9e8b5-5752-4bfc-9690-d9b79f7c7007
GTOP-CF301,RNA-seq,Illumina NovaSeq X,Spleen,bam,GTOP-CF301-3082.bam,9304.8,ddd9d3b7-570d-47e1-8565-7665952983ac
GTOP-CF301,RNA-seq,Illumina NovaSeq X,Abdominal_aorta,bam,GTOP-CF301-4151.bam,8676.1,41f55817-9718-42c1-85de-1a6b8ac1bf99
GTOP-CG041,RNA-seq,Illumina NovaSeq X,Muscle,bam,GTOP-CG041-0087.bam,6540.6,2793cf6e-d72f-4fcb-9fca-1e98fccd963e
GTOP-CG041,RNA-seq,Illumina NovaSeq X,Adipose,bam,GTOP-CG041-0160.bam,9127.9,56286813-cf44-4a9b-9349-b08a84989539
GTOP-CG041,RNA-seq,Illumina NovaSeq X,Whole_Blood,bam,GTOP-CG041-0378.bam,10127.7,c1edd414-d919-41bf-9c15-28a17e9f973a
GTOP-CG041,RNA-seq,Illumina NovaSeq X,Liver,bam,GTOP-CG041-1053.bam,9342.5,1fcc06d7-9e7c-49ed-975d-c02125df58fb
GTOP-CG041,RNA-seq,Illumina NovaSeq X,Pancreas_Tail,bam,GTOP-CG041-1392.bam,15388.3,40527ec8-2d2c-4a3b-828e-0247df9477c4
GTOP-CG041,RNA-seq,Illumina NovaSeq X,Adrenal_Gland,bam,GTOP-CG041-2099.bam,10859.3,9d398a11-5caf-4180-875a-3cfa9be0dfc9
GTOP-CG041,RNA-seq,Illumina NovaSeq X,Spleen,bam,GTOP-CG041-3082.bam,11656.3,95a551d9-f774-4e2a-99b8-65142854a1f1
GTOP-CG041,RNA-seq,Illumina NovaSeq X,Heart_Left_Ventricle,bam,GTOP-CG041-4002.bam,11837.9,3275adbf-93bd-47d1-863a-f184717d494b
GTOP-CG041,RNA-seq,Illumina NovaSeq X,Heart_Right_Ventricle,bam,GTOP-CG041-4003.bam,10452.8,b62cd33e-cbb5-48ec-9a39-d8210ea2924b
GTOP-CG041,RNA-seq,Illumina NovaSeq X,Heart_Right_Atrium,bam,GTOP-CG041-4018.bam,11458.9,10917733-641b-4373-a4bd-0ee0b6e263af
GTOP-CG041,RNA-seq,Illumina NovaSeq X,Heart_Left_Atrium,bam,GTOP-CG041-4019.bam,8213.9,b16710a9-bf60-4a4d-b376-ee3e8354d098
GTOP-CG041,RNA-seq,Illumina NovaSeq X,Heart_Mitral_Valve,bam,GTOP-CG041-4022.bam,11240.2,33330495-7182-4d5b-8be7-0ec7a0a79bf2
GTOP-CG041,RNA-seq,Illumina NovaSeq X,Heart_Tricuspid_Valve,bam,GTOP-CG041-4023.bam,12806.8,ff94d63b-fac9-45fc-aba4-7624d5032f5c
GTOP-CG041,RNA-seq,Illumina NovaSeq X,Lung_Base,bam,GTOP-CG041-5032.bam,10158.2,94aac09e-50cc-494f-9168-d86c37f2f6a4
GTOP-CG041,RNA-seq,Illumina NovaSeq X,Lung_Apex,bam,GTOP-CG041-5156.bam,9863.4,8f3257bd-b624-4827-8a2c-5cd34fa121e6
GTOP-CG041,RNA-seq,Illumina NovaSeq X,Prostate,bam,GTOP-CG041-6145.bam,8742.4,686e8093-5f96-4920-8312-014e789f4690
GTOP-CG061,RNA-seq,Illumina NovaSeq X,Adipose,bam,GTOP-CG061-0160.bam,8579.6,b852d877-0465-413a-b0b5-c5f5b6cc0ef4
GTOP-CG061,RNA-seq,Illumina NovaSeq X,Whole_Blood,bam,GTOP-CG061-0378.bam,11710.2,538b21d3-4295-47c9-93a0-511e2e198b76
GTOP-CG061,RNA-seq,Illumina NovaSeq X,Liver,bam,GTOP-CG061-1053.bam,8175,e20fc3f4-0a89-417d-a6d9-3c8ba2784b24
GTOP-CG061,RNA-seq,Illumina NovaSeq X,Pancreas_Head,bam,GTOP-CG061-1108.bam,10388.6,e3fc339e-4e3d-4e1b-8645-cdf197111f0d
GTOP-CG061,RNA-seq,Illumina NovaSeq X,Pancreas_Body,bam,GTOP-CG061-1236.bam,9444,a31b60d7-3563-4c24-9b48-59f8736e88c5
GTOP-CG061,RNA-seq,Illumina NovaSeq X,Pancreas_Tail,bam,GTOP-CG061-1392.bam,10681,f9a931e8-94e4-46d9-a506-6e4b18f20bdb
GTOP-CG061,RNA-seq,Illumina NovaSeq X,Gallbladder,bam,GTOP-CG061-1856.bam,9193.5,2fe120bf-f163-464a-bc96-c98290bddd2e
GTOP-CG061,RNA-seq,Illumina NovaSeq X,Adrenal_Gland,bam,GTOP-CG061-2099.bam,10164.6,c8973b8d-19c1-4422-a0c2-e01032b9c815
GTOP-CG071,RNA-seq,Illumina NovaSeq X,Muscle,bam,GTOP-CG071-0087.bam,8018.5,f1c61967-36fd-4ee4-a27c-6701395cd15e
GTOP-CG071,RNA-seq,Illumina NovaSeq X,Adipose,bam,GTOP-CG071-0160.bam,11383.4,583c48ef-4115-45bd-8c6f-863a141f843c
GTOP-CG071,RNA-seq,Illumina NovaSeq X,Whole_Blood,bam,GTOP-CG071-0378.bam,10513.2,a3928835-bdb6-4129-8435-283fb5601580
GTOP-CG071,RNA-seq,Illumina NovaSeq X,Liver,bam,GTOP-CG071-1053.bam,8213.2,2c280a23-9a69-46be-a23f-14958483021d
GTOP-CG071,RNA-seq,Illumina NovaSeq X,Pancreas_Head,bam,GTOP-CG071-1108.bam,9326.5,4a099f0a-2565-4100-abc6-36bacef86310
GTOP-CG071,RNA-seq,Illumina NovaSeq X,Pancreas_Body,bam,GTOP-CG071-1236.bam,10547.4,1dde4041-cb5b-43fd-a841-00ce895f97f3
GTOP-CG071,RNA-seq,Illumina NovaSeq X,Pancreas_Tail,bam,GTOP-CG071-1392.bam,9064.4,8890bdac-d76c-4d25-b2f9-3167176a6040
GTOP-CG071,RNA-seq,Illumina NovaSeq X,Stomach,bam,GTOP-CG071-1601.bam,9000,6d52c102-c6e0-4b0a-8ba7-4c41f2882b20
GTOP-CG071,RNA-seq,Illumina NovaSeq X,Gallbladder,bam,GTOP-CG071-1856.bam,8811.8,407277f3-08cc-4e7a-8618-a20fa381611a
GTOP-CG071,RNA-seq,Illumina NovaSeq X,Adrenal_Gland,bam,GTOP-CG071-2099.bam,10152.8,28187491-bce5-419d-ac8a-1ed4d86339a5
GTOP-CG071,RNA-seq,Illumina NovaSeq X,Heart_Left_Ventricle,bam,GTOP-CG071-4002.bam,11126.2,aed1d4bf-2236-4cd6-a55a-59bf9c6dc824
GTOP-CG071,RNA-seq,Illumina NovaSeq X,Heart_Right_Ventricle,bam,GTOP-CG071-4003.bam,8648.4,dea757b2-c93b-4491-baf1-6781ca058d4b
GTOP-CG071,RNA-seq,Illumina NovaSeq X,Heart_Right_Atrium,bam,GTOP-CG071-4018.bam,9083.2,0b62a16e-a3e9-48bb-9819-132cd0ef39f6
GTOP-CG071,RNA-seq,Illumina NovaSeq X,Heart_Left_Atrium,bam,GTOP-CG071-4019.bam,7969.7,d294d4c4-be70-4f9e-9ae3-5b6ba7a7eaf5
GTOP-CG071,RNA-seq,Illumina NovaSeq X,Heart_Mitral_Valve,bam,GTOP-CG071-4022.bam,9705.3,7540d5e8-1a60-4952-98fd-786157a46f52
GTOP-CG071,RNA-seq,Illumina NovaSeq X,Heart_Tricuspid_Valve,bam,GTOP-CG071-4023.bam,8132.4,626822c9-2ba1-41a7-bae1-e511a8ee7d75
GTOP-CG071,RNA-seq,Illumina NovaSeq X,Prostate,bam,GTOP-CG071-6145.bam,11857.3,44ca986b-7ec6-489a-ab6f-fb0f4874045e
GTOP-CG071,RNA-seq,Illumina NovaSeq X,Skin,bam,GTOP-CG071-0262.bam,10069.7,25379059-bf91-44b9-8af6-cf0b5228bb10
GTOP-CG091,RNA-seq,Illumina NovaSeq X,Muscle,bam,GTOP-CG091-0087.bam,7756.1,2f32cf55-121f-49a6-b5ed-40cd633f148b
GTOP-CG091,RNA-seq,Illumina NovaSeq X,Adipose,bam,GTOP-CG091-0160.bam,9483.6,accbc853-8a54-4e33-b07a-a3cb0ebb5904
GTOP-CG091,RNA-seq,Illumina NovaSeq X,Skin,bam,GTOP-CG091-0262.bam,8210.3,08eec38d-a3ef-4d5c-9331-98656b465e92
GTOP-CG091,RNA-seq,Illumina NovaSeq X,Whole_Blood,bam,GTOP-CG091-0378.bam,11225.2,ef09a2d3-0cd9-46a1-a1db-fc3520f79cef
GTOP-CG091,RNA-seq,Illumina NovaSeq X,Liver,bam,GTOP-CG091-1053.bam,9809.4,e5763629-4859-4b00-a874-0642357b8740
GTOP-CG091,RNA-seq,Illumina NovaSeq X,Pancreas_Head,bam,GTOP-CG091-1108.bam,9626.7,ff34f531-f166-4db5-b2d6-ca82f21aa27d
GTOP-CG091,RNA-seq,Illumina NovaSeq X,Pancreas_Tail,bam,GTOP-CG091-1392.bam,20713.1,891cc70b-7970-448e-8230-2135301d2594
GTOP-CG091,RNA-seq,Illumina NovaSeq X,Adrenal_Gland,bam,GTOP-CG091-2099.bam,10520,1bc4acd0-b5a2-43c8-bbb6-912e79566e7e
GTOP-CG091,RNA-seq,Illumina NovaSeq X,Spleen,bam,GTOP-CG091-3082.bam,21092.3,0bac388d-d8e6-4e53-91eb-c9cb2ac55707
GTOP-CG111,RNA-seq,Illumina NovaSeq X,Adipose,bam,GTOP-CG111-0160.bam,9337.2,84e3e748-4cd9-4e67-973e-79593be7aa3f
GTOP-CG111,RNA-seq,Illumina NovaSeq X,Whole_Blood,bam,GTOP-CG111-0378.bam,11997.5,03c13a29-f8d1-424f-bce5-7169486edbab
GTOP-CG111,RNA-seq,Illumina NovaSeq X,Liver,bam,GTOP-CG111-1053.bam,9732.6,ad38df72-c922-478c-b627-4fe0dd8faf7d
GTOP-CG111,RNA-seq,Illumina NovaSeq X,Pancreas_Head,bam,GTOP-CG111-1108.bam,9665,b8dc0c21-70b3-44d9-844b-2f4d2caedbec
GTOP-CG111,RNA-seq,Illumina NovaSeq X,Pancreas_Body,bam,GTOP-CG111-1236.bam,9528.9,4c0170b9-2a9d-40c8-b86d-ded85bc9f077
GTOP-CG111,RNA-seq,Illumina NovaSeq X,Pancreas_Tail,bam,GTOP-CG111-1392.bam,13749,825d6922-7e6f-442b-98ff-3b149ebbc36b
GTOP-CG111,RNA-seq,Illumina NovaSeq X,Gallbladder,bam,GTOP-CG111-1856.bam,9629.8,b68fc4e3-d907-45d8-8d91-2e1a7462502b
GTOP-CG111,RNA-seq,Illumina NovaSeq X,Adrenal_Gland,bam,GTOP-CG111-2099.bam,9578.5,57abb5cd-fc4d-4526-bfbc-4a18b5a3fe04
GTOP-CG171,RNA-seq,Illumina NovaSeq X,Muscle,bam,GTOP-CG171-0087.bam,8725.6,1e456c22-0e32-43c8-8f29-f2a4ab4f5631
GTOP-CG171,RNA-seq,Illumina NovaSeq X,Adipose,bam,GTOP-CG171-0160.bam,9720.2,e596a718-0523-4ff3-96b4-cbb9ecc84d1b
GTOP-CG171,RNA-seq,Illumina NovaSeq X,Skin,bam,GTOP-CG171-0262.bam,9833.6,d2ba8e5c-7f00-4da6-bb35-6fc2d9ef32d7
GTOP-CG171,RNA-seq,Illumina NovaSeq X,Whole_Blood,bam,GTOP-CG171-0378.bam,10943,675a6330-a86f-402b-8329-b8b25c8a2f38
GTOP-CG171,RNA-seq,Illumina NovaSeq X,Liver,bam,GTOP-CG171-1053.bam,11097.6,1977a600-625e-4b33-9151-11032e0387fd
GTOP-CG171,RNA-seq,Illumina NovaSeq X,Pancreas_Head,bam,GTOP-CG171-1108.bam,10912,fda45974-5380-4ed9-8142-637434dbeb91
GTOP-CG171,RNA-seq,Illumina NovaSeq X,Pancreas_Body,bam,GTOP-CG171-1236.bam,10621.3,9d8cd141-dc3b-4842-9ce4-b0b358f1e326
GTOP-CG171,RNA-seq,Illumina NovaSeq X,Pancreas_Tail,bam,GTOP-CG171-1392.bam,11445.3,03cf7c57-09ff-42ad-b947-ce3d88171a6e
GTOP-CG171,RNA-seq,Illumina NovaSeq X,Stomach,bam,GTOP-CG171-1601.bam,10187.3,c3ce33a1-328d-4d0e-b54f-bc8f1ebcb62a
GTOP-CG171,RNA-seq,Illumina NovaSeq X,Gallbladder,bam,GTOP-CG171-1856.bam,9317.3,bca33af8-a571-4ab7-9590-2264645c3ed7
GTOP-CG171,RNA-seq,Illumina NovaSeq X,Adrenal_Gland,bam,GTOP-CG171-2099.bam,9601.1,c35ece30-fa2d-4b8d-b3f7-ade14a76ff24
GTOP-CG171,RNA-seq,Illumina NovaSeq X,Spleen,bam,GTOP-CG171-3082.bam,9787.8,80d33189-e8a3-442e-8bd9-67497b9239a1
GTOP-CG172,RNA-seq,Illumina NovaSeq X,Muscle,bam,GTOP-CG172-0087.bam,8314.3,7d2b5d6f-0ba4-4507-804d-842a96d6302a
GTOP-CG172,RNA-seq,Illumina NovaSeq X,Adipose,bam,GTOP-CG172-0160.bam,8879.6,a26d1d5e-d6d3-4285-9029-ce962db2489e
GTOP-CG172,RNA-seq,Illumina NovaSeq X,Skin,bam,GTOP-CG172-0262.bam,8003,b3320fb0-bc70-416b-ad8f-dff935976b0f
GTOP-CG172,RNA-seq,Illumina NovaSeq X,Whole_Blood,bam,GTOP-CG172-0378.bam,11049,513bc8a0-d4bf-4db9-bec8-e2dda90e4cd9
GTOP-CG172,RNA-seq,Illumina NovaSeq X,Liver,bam,GTOP-CG172-1053.bam,8881,6d506822-3efb-461e-a564-bd6e88509f19
GTOP-CG172,RNA-seq,Illumina NovaSeq X,Pancreas_Head,bam,GTOP-CG172-1108.bam,8259,b2daa64b-7632-465c-b437-9fd6fbc2cc57
GTOP-CG172,RNA-seq,Illumina NovaSeq X,Pancreas_Body,bam,GTOP-CG172-1236.bam,10720.2,05eee0b1-e6e6-40eb-be7a-bf561ab092c3
GTOP-CG172,RNA-seq,Illumina NovaSeq X,Pancreas_Tail,bam,GTOP-CG172-1392.bam,8567.7,73d5715d-3440-4341-a6e9-720aab893890
GTOP-CG172,RNA-seq,Illumina NovaSeq X,Stomach,bam,GTOP-CG172-1601.bam,9289.9,5ead179f-3a7b-4eed-a4ff-27da5fc83556
GTOP-CG172,RNA-seq,Illumina NovaSeq X,Gallbladder,bam,GTOP-CG172-1856.bam,10207.2,a82b5261-90ed-469f-81f0-3e9b6b24e25b
GTOP-CG172,RNA-seq,Illumina NovaSeq X,Adrenal_Gland,bam,GTOP-CG172-2099.bam,10096,c4d1717c-35fc-4f1d-9ce9-994921f1696d
GTOP-CG172,RNA-seq,Illumina NovaSeq X,Spleen,bam,GTOP-CG172-3082.bam,8641.9,c066c4bb-e73c-4bd3-996a-b24f4e143e49
GTOP-CG191,RNA-seq,Illumina NovaSeq X,Adipose,bam,GTOP-CG191-0160.bam,10303,88849225-fd9b-4e35-884c-2601a1b591ae
GTOP-CG191,RNA-seq,Illumina NovaSeq X,Whole_Blood,bam,GTOP-CG191-0378.bam,10805.1,ad5adfe4-b10d-4abe-bcfe-54da9c925842
GTOP-CG191,RNA-seq,Illumina NovaSeq X,Adrenal_Gland,bam,GTOP-CG191-2099.bam,8944.8,a99ee13f-fc77-40b4-acb3-a0f6b8666db4
GTOP-CG211,RNA-seq,Illumina NovaSeq X,Adipose,bam,GTOP-CG211-0160.bam,9831.2,f7cea372-c128-4c2b-9f84-b599f3c3f7f8
GTOP-CG211,RNA-seq,Illumina NovaSeq X,Whole_Blood,bam,GTOP-CG211-0378.bam,11460.4,fa304e11-0059-4394-9258-2b8b02648db2
GTOP-CG211,RNA-seq,Illumina NovaSeq X,Liver,bam,GTOP-CG211-1053.bam,10855.5,c9bafe71-ad87-4cfc-9a37-c812f45a01fb
GTOP-CG211,RNA-seq,Illumina NovaSeq X,Pancreas_Head,bam,GTOP-CG211-1108.bam,11028.6,6718d191-9c0a-46ea-b814-d326d6e67f79
GTOP-CG211,RNA-seq,Illumina NovaSeq X,Pancreas_Body,bam,GTOP-CG211-1236.bam,10725.6,907acdda-083c-4986-b150-758ae4fef182
GTOP-CG211,RNA-seq,Illumina NovaSeq X,Pancreas_Tail,bam,GTOP-CG211-1392.bam,10061.7,321d918e-e1bb-4e0d-a69b-b73bb7cf836d
GTOP-CG211,RNA-seq,Illumina NovaSeq X,Adrenal_Gland,bam,GTOP-CG211-2099.bam,8896,c19a93a1-c74a-4813-8ac7-6410b2b791e8
GTOP-CG261,RNA-seq,Illumina NovaSeq X,Muscle,bam,GTOP-CG261-0087.bam,8767.4,865c09c2-b729-40b7-a65f-6883284a7030
GTOP-CG261,RNA-seq,Illumina NovaSeq X,Adipose,bam,GTOP-CG261-0160.bam,8982.5,9be4cb3c-50ac-4a74-95d8-4ada755b918a
GTOP-CG261,RNA-seq,Illumina NovaSeq X,Skin,bam,GTOP-CG261-0262.bam,9272.3,a060b196-80dc-40d0-9e0b-1e21d3fc43f1
GTOP-CG261,RNA-seq,Illumina NovaSeq X,Liver,bam,GTOP-CG261-1053.bam,10184.4,ff1d8889-0eaf-4481-9528-f5ab79771236
GTOP-CG261,RNA-seq,Illumina NovaSeq X,Pancreas_Head,bam,GTOP-CG261-1108.bam,10161.6,16c0cb8c-8981-4945-b277-39377382d809
GTOP-CG261,RNA-seq,Illumina NovaSeq X,Pancreas_Body,bam,GTOP-CG261-1236.bam,11113.1,20836b50-b0c6-4764-a4e6-ea32c7ee62a3
GTOP-CG261,RNA-seq,Illumina NovaSeq X,Pancreas_Tail,bam,GTOP-CG261-1392.bam,9699.1,4b435ff7-5655-41f0-92f8-4538d217a975
GTOP-CG261,RNA-seq,Illumina NovaSeq X,Adrenal_Gland,bam,GTOP-CG261-2099.bam,9613.7,109d4b8a-6f85-43d7-a33f-0ca25454b20b
GTOP-CG261,RNA-seq,Illumina NovaSeq X,Spleen,bam,GTOP-CG261-3082.bam,10895.4,e799a72b-b09b-4ff2-be63-c078583d6337
GTOP-CG271,RNA-seq,Illumina NovaSeq X,Adipose,bam,GTOP-CG271-0160.bam,8622.6,40e81135-fb70-4365-b875-cdc1dccfd704
GTOP-CG271,RNA-seq,Illumina NovaSeq X,Whole_Blood,bam,GTOP-CG271-0378.bam,9812.4,5099eb00-c125-40e0-82c3-8761df48dce7
GTOP-CG271,RNA-seq,Illumina NovaSeq X,Liver,bam,GTOP-CG271-1053.bam,8462,5582dc49-151a-4a59-b66e-4ab4a07b34a6
GTOP-CG271,RNA-seq,Illumina NovaSeq X,Pancreas_Head,bam,GTOP-CG271-1108.bam,10906.2,b12dd078-684a-470d-bc15-b769acbef0b0
GTOP-CG271,RNA-seq,Illumina NovaSeq X,Pancreas_Body,bam,GTOP-CG271-1236.bam,9789.4,987a0c2a-7eac-4329-94b0-9b14df5c0597
GTOP-CG271,RNA-seq,Illumina NovaSeq X,Pancreas_Tail,bam,GTOP-CG271-1392.bam,11416.4,ae67df0a-c31d-4a35-a23f-ff993d8cf00c
GTOP-CG271,RNA-seq,Illumina NovaSeq X,Gallbladder,bam,GTOP-CG271-1856.bam,11872.2,72c426fd-e9ec-410b-8eca-8342fd2f19f0
GTOP-CG271,RNA-seq,Illumina NovaSeq X,Adrenal_Gland,bam,GTOP-CG271-2099.bam,10451.6,0b92675b-074c-40dd-a8b9-acbe542dd2e0
GTOP-CH041,RNA-seq,Illumina NovaSeq X,Whole_Blood,bam,GTOP-CH041-0378.bam,15160.9,f9210b1e-59ca-457d-a101-5f8c5bc5c511
GTOP-CH041,RNA-seq,Illumina NovaSeq X,Liver,bam,GTOP-CH041-1053.bam,10184.5,90f457c7-3674-4a87-acbe-eb79adfafbe7
GTOP-CH041,RNA-seq,Illumina NovaSeq X,Pancreas_Head,bam,GTOP-CH041-1108.bam,12973.9,43ee7525-bb43-4901-b84e-d79ecc97aab1
GTOP-CH041,RNA-seq,Illumina NovaSeq X,Pancreas_Body,bam,GTOP-CH041-1236.bam,10412.2,ea33100c-8842-415e-b10d-7968ec703379
GTOP-CH041,RNA-seq,Illumina NovaSeq X,Pancreas_Tail,bam,GTOP-CH041-1392.bam,11611.2,565b3b3e-9e1c-4e64-9986-91b6a111e364
GTOP-CH041,RNA-seq,Illumina NovaSeq X,Gallbladder,bam,GTOP-CH041-1856.bam,11707.1,6acbb7b1-7128-4d8a-bc7c-3dfc85782c2d
GTOP-CH041,RNA-seq,Illumina NovaSeq X,Adrenal_Gland,bam,GTOP-CH041-2099.bam,9868.3,67cf56b2-bba2-4e64-999a-571916c4e698
GTOP-CH041,RNA-seq,Illumina NovaSeq X,Lymph_node,bam,GTOP-CH041-3170.bam,14104.1,ae7392ad-ea9b-48e3-8983-75b1735bcdb8
GTOP-CH081,RNA-seq,Illumina NovaSeq X,Adipose,bam,GTOP-CH081-0160.bam,11640.4,bbb46f7a-1d1d-444e-b8ec-134f08a8392a
GTOP-CH081,RNA-seq,Illumina NovaSeq X,Whole_Blood,bam,GTOP-CH081-0378.bam,13149.8,c463a26d-b013-435f-b6ca-30fc6dccd246
GTOP-CH081,RNA-seq,Illumina NovaSeq X,Liver,bam,GTOP-CH081-1053.bam,14016.8,c54dfc35-081e-4dd4-a520-0391cbfa4e1c
GTOP-CH081,RNA-seq,Illumina NovaSeq X,Pancreas_Head,bam,GTOP-CH081-1108.bam,11048,f3b6caaf-db3d-4ec2-b0eb-f4043587b062
GTOP-CH081,RNA-seq,Illumina NovaSeq X,Pancreas_Body,bam,GTOP-CH081-1236.bam,11849.5,5005af7c-3e43-45a3-97f3-9c273713ae61
GTOP-CH081,RNA-seq,Illumina NovaSeq X,Gallbladder,bam,GTOP-CH081-1856.bam,10030.1,77989bd3-1694-4961-97ce-e9646116d4ff
GTOP-CH081,RNA-seq,Illumina NovaSeq X,Adrenal_Gland,bam,GTOP-CH081-2099.bam,12873.5,f32aaf22-39a3-4289-8947-f425d500293e
GTOP-CH082,RNA-seq,Illumina NovaSeq X,Adipose,bam,GTOP-CH082-0160.bam,16184.4,7601d159-7cd0-429b-b181-6e294aca2de3
GTOP-CH082,RNA-seq,Illumina NovaSeq X,Whole_Blood,bam,GTOP-CH082-0378.bam,12718.4,f7fe3db3-7b72-4f1f-be7d-2971ecf39fd1
GTOP-CH082,RNA-seq,Illumina NovaSeq X,Liver,bam,GTOP-CH082-1053.bam,7770.2,b1491cfc-370f-431f-a342-c9d91a67509f
GTOP-CH082,RNA-seq,Illumina NovaSeq X,Pancreas_Head,bam,GTOP-CH082-1108.bam,12372.8,66dca1ea-0319-4828-a3b7-63cf1386e663
GTOP-CH082,RNA-seq,Illumina NovaSeq X,Pancreas_Body,bam,GTOP-CH082-1236.bam,11569.9,ed6bf33d-cd79-4974-9940-1d0e1291f79f
GTOP-CH082,RNA-seq,Illumina NovaSeq X,Gallbladder,bam,GTOP-CH082-1856.bam,10534,f662a455-3df0-4672-a5aa-097807ed9fc4
GTOP-CH082,RNA-seq,Illumina NovaSeq X,Adrenal_Gland,bam,GTOP-CH082-2099.bam,9788.1,90c91c8b-2bec-4fa1-b7c6-8c358e70565f
GTOP-CH091,RNA-seq,Illumina NovaSeq X,Muscle,bam,GTOP-CH091-0087.bam,9727.9,2e5ffbde-620d-4584-b227-d8a64f36fca4
GTOP-CH091,RNA-seq,Illumina NovaSeq X,Adipose,bam,GTOP-CH091-0160.bam,10777.9,14b7438b-d791-42b5-ac92-b992008db3e7
GTOP-CH091,RNA-seq,Illumina NovaSeq X,Skin,bam,GTOP-CH091-0262.bam,9676.8,8abe20b0-ac85-4053-95c9-2df9c93f79f9
GTOP-CH091,RNA-seq,Illumina NovaSeq X,Whole_Blood,bam,GTOP-CH091-0378.bam,10128.8,039476eb-10fd-4a6e-9c54-94246c14b7cf
GTOP-CH091,RNA-seq,Illumina NovaSeq X,Liver,bam,GTOP-CH091-1053.bam,10911.2,6fcd8f45-5535-4fb3-909d-46fd2fce6f4c
GTOP-CH091,RNA-seq,Illumina NovaSeq X,Pancreas_Head,bam,GTOP-CH091-1108.bam,9605.2,16232889-0f27-4412-82e4-4075392a33e2
GTOP-CH091,RNA-seq,Illumina NovaSeq X,Pancreas_Body,bam,GTOP-CH091-1236.bam,9079.3,518fdcbe-5e5e-4c7d-9e9b-fc7aa1454d48
GTOP-CH091,RNA-seq,Illumina NovaSeq X,Pancreas_Tail,bam,GTOP-CH091-1392.bam,11188.9,148abf19-6c01-4e8d-82c9-4d503fa80c6d
GTOP-CH091,RNA-seq,Illumina NovaSeq X,Gallbladder,bam,GTOP-CH091-1856.bam,10455.1,6843eea6-bb69-4a1b-97de-d0f8e34c587b
GTOP-CH091,RNA-seq,Illumina NovaSeq X,Adrenal_Gland,bam,GTOP-CH091-2099.bam,10436.9,a701767f-8814-4f40-b184-a8d7e460a624
GTOP-CH091,RNA-seq,Illumina NovaSeq X,Spleen,bam,GTOP-CH091-3082.bam,11529.8,f5050acf-6d75-49ac-869c-e31f06bd2a7a
GTOP-CH101,RNA-seq,Illumina NovaSeq X,Whole_Blood,bam,GTOP-CH101-0378.bam,10881.1,1e25e0df-4e90-4e86-b566-dcb12dc17102
GTOP-CH101,RNA-seq,Illumina NovaSeq X,Liver,bam,GTOP-CH101-1053.bam,8221.2,2d51a264-19e0-42db-9db7-8f6e1b291bfd
GTOP-CH101,RNA-seq,Illumina NovaSeq X,Pancreas_Head,bam,GTOP-CH101-1108.bam,9713.2,c17a0355-e5c9-4fcc-97f3-7b88614c6309
GTOP-CH101,RNA-seq,Illumina NovaSeq X,Pancreas_Body,bam,GTOP-CH101-1236.bam,13421.8,9ccffaa3-0137-4688-9b54-020f00d2e3d0
GTOP-CH101,RNA-seq,Illumina NovaSeq X,Pancreas_Tail,bam,GTOP-CH101-1392.bam,12922,efa58abb-f842-4f6a-aae3-4d8c7b3482d6
GTOP-CH101,RNA-seq,Illumina NovaSeq X,Gallbladder,bam,GTOP-CH101-1856.bam,7874.1,50d42620-dd6b-43e3-b972-d529a115f364
GTOP-CH101,RNA-seq,Illumina NovaSeq X,Adrenal_Gland,bam,GTOP-CH101-2099.bam,11268.1,811ce368-810d-41d7-98c3-dc3f14433ec3
GTOP-CH102,RNA-seq,Illumina NovaSeq X,Muscle,bam,GTOP-CH102-0087.bam,8014,0cc3ed47-aa42-42ef-97e1-3101bd499a84
GTOP-CH102,RNA-seq,Illumina NovaSeq X,Adipose,bam,GTOP-CH102-0160.bam,9714.7,e2f2a76f-be20-4ab7-a433-4861ff9e8c53
GTOP-CH102,RNA-seq,Illumina NovaSeq X,Skin,bam,GTOP-CH102-0262.bam,7174.4,8902a370-2960-4e1f-b7d5-ef3d60d765b4
GTOP-CH102,RNA-seq,Illumina NovaSeq X,Whole_Blood,bam,GTOP-CH102-0378.bam,12929.1,500d78c6-0a3a-40b3-90fd-852c1775f1ac
GTOP-CH102,RNA-seq,Illumina NovaSeq X,Liver,bam,GTOP-CH102-1053.bam,8705.4,586c4665-0284-4ab1-86e8-96c73db73cd5
GTOP-CH102,RNA-seq,Illumina NovaSeq X,Pancreas_Head,bam,GTOP-CH102-1108.bam,9864.3,31488dcc-5d83-4f48-8d63-338b51214890
GTOP-CH102,RNA-seq,Illumina NovaSeq X,Pancreas_Body,bam,GTOP-CH102-1236.bam,8921,c8c2d0cd-3959-4e8e-8fc9-3a4d029c6f6a
GTOP-CH102,RNA-seq,Illumina NovaSeq X,Pancreas_Tail,bam,GTOP-CH102-1392.bam,10465.8,435c1c64-0934-4ef3-95ed-95f1a0cedbbb
GTOP-CH102,RNA-seq,Illumina NovaSeq X,Gallbladder,bam,GTOP-CH102-1856.bam,9702.1,1ba5a12b-7b8a-43c7-af2f-bab1ff577773
GTOP-CH102,RNA-seq,Illumina NovaSeq X,Adrenal_Gland,bam,GTOP-CH102-2099.bam,11191.5,42e20a50-eb4b-48fa-9114-36d02f72aff2
GTOP-CH102,RNA-seq,Illumina NovaSeq X,Spleen,bam,GTOP-CH102-3082.bam,13413.6,fce0420e-25bf-4b1e-af6b-5da08e67727c
GTOP-CI161,RNA-seq,Illumina NovaSeq X,Muscle,bam,GTOP-CI161-0087.bam,8419.7,544eeab1-77a8-452f-9b48-5af5e01056d6
GTOP-CI161,RNA-seq,Illumina NovaSeq X,Adipose,bam,GTOP-CI161-0160.bam,9220.7,391169b9-600b-4fd9-b1a3-280496de9ad8
GTOP-CI161,RNA-seq,Illumina NovaSeq X,Whole_Blood,bam,GTOP-CI161-0378.bam,10529.9,f57df1a5-bf2f-466e-b13e-3cb3e83fdec7
GTOP-CI161,RNA-seq,Illumina NovaSeq X,Liver,bam,GTOP-CI161-1053.bam,11332.3,c8d66fed-11fc-4929-8f85-3b713ce0f605
GTOP-CI161,RNA-seq,Illumina NovaSeq X,Pancreas_Head,bam,GTOP-CI161-1108.bam,8352.3,526cb8b7-a273-43b6-8054-ded62f54a526
GTOP-CI161,RNA-seq,Illumina NovaSeq X,Pancreas_Body,bam,GTOP-CI161-1236.bam,12842.7,fdba0711-ff43-4fb5-93eb-00c659c82987
GTOP-CI161,RNA-seq,Illumina NovaSeq X,Pancreas_Tail,bam,GTOP-CI161-1392.bam,11107,8ed52bbf-2511-45af-94a7-726da40c7209
GTOP-CI161,RNA-seq,Illumina NovaSeq X,Gallbladder,bam,GTOP-CI161-1856.bam,8482.2,0e5824ac-9522-4dcd-8e98-3db8155eabbb
GTOP-CI161,RNA-seq,Illumina NovaSeq X,Adrenal_Gland,bam,GTOP-CI161-2099.bam,9040.4,9e63ac12-76c0-4a12-bb71-6fe22bb645bb
GTOP-CI161,RNA-seq,Illumina NovaSeq X,Diaphragm,bam,GTOP-CI161-5415.bam,7544.2,3ee57490-1c71-4800-9ebf-88f9c7c7dc18
GTOP-CI201,RNA-seq,Illumina NovaSeq X,Adipose,bam,GTOP-CI201-0160.bam,8645.1,db7b695d-2f98-4050-b818-1801e31a31ac
GTOP-CI201,RNA-seq,Illumina NovaSeq X,Whole_Blood,bam,GTOP-CI201-0378.bam,12035.6,5c2b0805-4504-482d-a778-d148f607ed44
GTOP-CI201,RNA-seq,Illumina NovaSeq X,Liver,bam,GTOP-CI201-1053.bam,10779.5,f61d029a-5daa-4155-bbe2-c24c939fe3a4
GTOP-CI201,RNA-seq,Illumina NovaSeq X,Pancreas_Head,bam,GTOP-CI201-1108.bam,10838.1,e267d8c2-e2f0-4513-bfb9-ddf390e1d1f6
GTOP-CI201,RNA-seq,Illumina NovaSeq X,Pancreas_Body,bam,GTOP-CI201-1236.bam,15037.5,0ad8ecc7-550d-4659-b341-e04d5461d088
GTOP-CI201,RNA-seq,Illumina NovaSeq X,Pancreas_Tail,bam,GTOP-CI201-1392.bam,10689.3,32265aa1-c61b-44d9-8869-7e8d53d30096
GTOP-CI201,RNA-seq,Illumina NovaSeq X,Gallbladder,bam,GTOP-CI201-1856.bam,8946.6,0f38c9b0-a8d8-4164-ba98-05602c87b17a
GTOP-CI201,RNA-seq,Illumina NovaSeq X,Adrenal_Gland,bam,GTOP-CI201-2099.bam,10439.9,49fd64f8-fe02-42b1-9c2c-cd8902df0a7e
GTOP-CI201,RNA-seq,Illumina NovaSeq X,Diaphragm,bam,GTOP-CI201-5415.bam,7624.9,36c82a20-4efb-4be5-b371-7e06e9faa429
GTOP-CI211,RNA-seq,Illumina NovaSeq X,Muscle,bam,GTOP-CI211-0087.bam,8976.6,c9f5e22e-edd0-401b-a2c5-79f2b796ee9e
GTOP-CI211,RNA-seq,Illumina NovaSeq X,Adipose,bam,GTOP-CI211-0160.bam,9725.1,d191ace7-e224-4b2c-bb09-aed974279d9d
GTOP-CI211,RNA-seq,Illumina NovaSeq X,Skin,bam,GTOP-CI211-0262.bam,9504,e0f138ea-a937-4fd6-8b28-5257ba7d5186
GTOP-CI211,RNA-seq,Illumina NovaSeq X,Whole_Blood,bam,GTOP-CI211-0378.bam,15025.8,3532f3a5-f786-4145-aea0-b68fd499d621
GTOP-CI211,RNA-seq,Illumina NovaSeq X,Liver,bam,GTOP-CI211-1053.bam,9188.7,c6f94b69-fe8c-4394-a9ea-cc7d0304c2ee
GTOP-CI211,RNA-seq,Illumina NovaSeq X,Pancreas_Head,bam,GTOP-CI211-1108.bam,9406.8,f58dba3a-04cb-4a06-aa08-2341e594dfbb
GTOP-CI211,RNA-seq,Illumina NovaSeq X,Pancreas_Body,bam,GTOP-CI211-1236.bam,9033.5,7d642184-bc2a-4749-83e4-1ffb2d9bf4e1
GTOP-CI211,RNA-seq,Illumina NovaSeq X,Pancreas_Tail,bam,GTOP-CI211-1392.bam,10575.4,e386fe75-54ec-45f5-951a-1ceee6a1f73c
GTOP-CI211,RNA-seq,Illumina NovaSeq X,Gallbladder,bam,GTOP-CI211-1856.bam,8506.9,78390413-eb19-4f0a-a27a-33c97b15a936
GTOP-CI211,RNA-seq,Illumina NovaSeq X,Adrenal_Gland,bam,GTOP-CI211-2099.bam,9381.3,60ac7ae1-77ed-412c-a075-403d94a0dc05
GTOP-CI211,RNA-seq,Illumina NovaSeq X,Spleen,bam,GTOP-CI211-3082.bam,9064.5,665162aa-1d2d-408b-a430-43796e81bb44
GTOP-CI211,RNA-seq,Illumina NovaSeq X,Diaphragm,bam,GTOP-CI211-5415.bam,8501.4,1faa1c33-e4f1-4e0e-94b4-f14822b90d53
GTOP-CI221,RNA-seq,Illumina NovaSeq X,Muscle,bam,GTOP-CI221-0087.bam,8991.6,dcefe761-68d1-499d-9957-c76b091f110d
GTOP-CI221,RNA-seq,Illumina NovaSeq X,Adipose,bam,GTOP-CI221-0160.bam,10391.2,e4c3ae0b-6a90-4209-9d09-e840b7bfaba8
GTOP-CI221,RNA-seq,Illumina NovaSeq X,Skin,bam,GTOP-CI221-0262.bam,8258.2,d76d0c14-c555-4e8d-9287-237d3dc13bee
GTOP-CI221,RNA-seq,Illumina NovaSeq X,Whole_Blood,bam,GTOP-CI221-0378.bam,16134.4,a59f54cf-f5af-48b2-9821-fe0ddb810e75
GTOP-CI221,RNA-seq,Illumina NovaSeq X,Liver,bam,GTOP-CI221-1053.bam,13117.5,7ebe4386-e87f-449a-9873-38880163fb36
GTOP-CI221,RNA-seq,Illumina NovaSeq X,Pancreas_Tail,bam,GTOP-CI221-1392.bam,9173,e405bafc-15ea-4259-9e27-5addbde05e9b
GTOP-CI221,RNA-seq,Illumina NovaSeq X,Gallbladder,bam,GTOP-CI221-1856.bam,9070.6,f575e51d-0a6a-47c5-9197-a8432d0dc493
GTOP-CI221,RNA-seq,Illumina NovaSeq X,Adrenal_Gland,bam,GTOP-CI221-2099.bam,8295.2,0e485785-03aa-494d-b0c6-57b5b65eae26
GTOP-CI221,RNA-seq,Illumina NovaSeq X,Spleen,bam,GTOP-CI221-3082.bam,10308.8,d1484b68-a5c4-407c-b11d-4528acaf6a52
GTOP-CI221,RNA-seq,Illumina NovaSeq X,Diaphragm,bam,GTOP-CI221-5415.bam,8925.3,a52e1e35-f38d-471c-99b4-8f22ebbfe454
GTOP-CI221,RNA-seq,Illumina NovaSeq X,Prostate,bam,GTOP-CI221-6145.bam,8439.6,619b4c33-b1f3-463f-8ab4-53aefdf435e4
GTOP-CI222,RNA-seq,Illumina NovaSeq X,Adipose,bam,GTOP-CI222-0160.bam,9894.3,955a0c7b-1b4f-48f8-9f47-a661a6f01e33
GTOP-CI222,RNA-seq,Illumina NovaSeq X,Whole_Blood,bam,GTOP-CI222-0378.bam,9923.2,da13df9f-f8d1-452d-aefa-1ab78a67d947
GTOP-CI222,RNA-seq,Illumina NovaSeq X,Liver,bam,GTOP-CI222-1053.bam,9262.5,cf277e76-d6b5-465b-a345-b18ea57d7eaa
GTOP-CI222,RNA-seq,Illumina NovaSeq X,Pancreas_Head,bam,GTOP-CI222-1108.bam,10549.1,d2fbeaf2-68ea-4d71-9c34-5cfb96046f33
GTOP-CI222,RNA-seq,Illumina NovaSeq X,Pancreas_Body,bam,GTOP-CI222-1236.bam,10914.8,bd57ae84-c783-4605-954a-6ef7a6003335
GTOP-CI222,RNA-seq,Illumina NovaSeq X,Pancreas_Tail,bam,GTOP-CI222-1392.bam,10893.6,2defea24-8d32-4ed1-9b50-02185212a634
GTOP-CI222,RNA-seq,Illumina NovaSeq X,Gallbladder,bam,GTOP-CI222-1856.bam,9197.6,cdf6b79c-9117-410d-aa22-4dc522886b31
GTOP-CI222,RNA-seq,Illumina NovaSeq X,Adrenal_Gland,bam,GTOP-CI222-2099.bam,10587,7c0aacbb-b01a-4e51-9a52-bdeef2bbf187
GTOP-CI222,RNA-seq,Illumina NovaSeq X,Heart_Right_Atrium,bam,GTOP-CI222-4018.bam,8059.9,622c8ce5-3ad4-4293-ac33-38a56ae273c5
GTOP-CI222,RNA-seq,Illumina NovaSeq X,Diaphragm,bam,GTOP-CI222-5415.bam,7874.6,fa8b6e43-05e7-4bb7-ab38-4c73d423520c
GTOP-CI231,RNA-seq,Illumina NovaSeq X,Adipose,bam,GTOP-CI231-0160.bam,9421.3,d388deed-868c-486d-a470-ffc6de884eed
GTOP-CI231,RNA-seq,Illumina NovaSeq X,Liver,bam,GTOP-CI231-1053.bam,9693.5,b541f5c0-ac75-46cf-8aec-e577ab01b148
GTOP-CI231,RNA-seq,Illumina NovaSeq X,Pancreas_Head,bam,GTOP-CI231-1108.bam,9629.4,9f410088-ce8b-4b6c-9437-e2469e005941
GTOP-CI231,RNA-seq,Illumina NovaSeq X,Pancreas_Tail,bam,GTOP-CI231-1392.bam,10384.5,c68dbff1-1bec-476c-bed5-b2a5c775ac38
GTOP-CI231,RNA-seq,Illumina NovaSeq X,Gallbladder,bam,GTOP-CI231-1856.bam,8504.9,f20b191f-5b2b-45a0-8ab0-997e9f398652
GTOP-CI231,RNA-seq,Illumina NovaSeq X,Adrenal_Gland,bam,GTOP-CI231-2099.bam,10054.9,a405f82c-3ecf-4607-a5f3-9684ff010f07
GTOP-CI231,RNA-seq,Illumina NovaSeq X,Diaphragm,bam,GTOP-CI231-5415.bam,8296.8,abec66b6-8abb-4bc6-8b73-0384ab86f675
GTOP-CI251,RNA-seq,Illumina NovaSeq X,Adipose,bam,GTOP-CI251-0160.bam,9054.3,faa2c3f9-2b96-4472-829f-5101c4dfa1b7
GTOP-CI251,RNA-seq,Illumina NovaSeq X,Liver,bam,GTOP-CI251-1053.bam,9693,06c9a0c3-7935-4793-bae7-e880ecf65feb
GTOP-CI251,RNA-seq,Illumina NovaSeq X,Pancreas_Head,bam,GTOP-CI251-1108.bam,10160.3,8422174c-8ce5-4a8e-badf-5818bde0b31d
GTOP-CI251,RNA-seq,Illumina NovaSeq X,Pancreas_Tail,bam,GTOP-CI251-1392.bam,9831.7,e246304d-2b8b-4b2c-ade3-45a5d09b5640
GTOP-CI251,RNA-seq,Illumina NovaSeq X,Gallbladder,bam,GTOP-CI251-1856.bam,9389.5,af128bc8-910e-46e8-82c5-a5fec2c01dfb
GTOP-CI251,RNA-seq,Illumina NovaSeq X,Adrenal_Gland,bam,GTOP-CI251-2099.bam,8511.6,7935aa61-fd3b-4a71-9677-7393d0ed7ee0
GTOP-CI251,RNA-seq,Illumina NovaSeq X,Diaphragm,bam,GTOP-CI251-5415.bam,7544.5,90bfd156-1357-4be2-898f-6d59d6638c65
GTOP-CI291,RNA-seq,Illumina NovaSeq X,Muscle,bam,GTOP-CI291-0087.bam,6861.1,a8484bfc-0854-4d91-a2d8-ef87b9926c07
GTOP-CI291,RNA-seq,Illumina NovaSeq X,Adipose,bam,GTOP-CI291-0160.bam,8359.8,92915d85-5976-4eb0-9366-5a99f38f4077
GTOP-CI291,RNA-seq,Illumina NovaSeq X,Skin,bam,GTOP-CI291-0262.bam,8990.6,1e34d958-2ea9-47a9-a015-b2ecd94e01b1
GTOP-CI291,RNA-seq,Illumina NovaSeq X,Pancreas_Head,bam,GTOP-CI291-1108.bam,11986.7,7e89e139-10fc-4bb0-bdc8-bf06ffbe5621
GTOP-CI291,RNA-seq,Illumina NovaSeq X,Pancreas_Body,bam,GTOP-CI291-1236.bam,12886.9,7cc789a6-9e2e-4f5c-9d2d-f78de8aa634e
GTOP-CI291,RNA-seq,Illumina NovaSeq X,Pancreas_Tail,bam,GTOP-CI291-1392.bam,10539.9,780240f7-302c-4b78-ba38-05e61cc98dd7
GTOP-CI291,RNA-seq,Illumina NovaSeq X,Adrenal_Gland,bam,GTOP-CI291-2099.bam,12474.5,eabdf708-9c1c-4e63-b668-ff68579d11e1
GTOP-CI291,RNA-seq,Illumina NovaSeq X,Spleen,bam,GTOP-CI291-3082.bam,11289.5,2fdc64fd-361c-4a38-a86a-77679149603f
GTOP-CI291,RNA-seq,Illumina NovaSeq X,Diaphragm,bam,GTOP-CI291-5415.bam,8618.7,45b462cc-4831-488a-a746-a0a3347e00c6
GTOP-CI301,RNA-seq,Illumina NovaSeq X,Muscle,bam,GTOP-CI301-0087.bam,8037.3,e1c32a5b-5d1c-4b5f-a267-fe6478cc64e2
GTOP-CI301,RNA-seq,Illumina NovaSeq X,Adipose,bam,GTOP-CI301-0160.bam,11035.6,2e4733b3-b504-45ef-975a-fbd726c9a0f5
GTOP-CI301,RNA-seq,Illumina NovaSeq X,Whole_Blood,bam,GTOP-CI301-0378.bam,18164.3,56caf4c5-9147-4856-9dbf-e174cd75642f
GTOP-CI301,RNA-seq,Illumina NovaSeq X,Liver,bam,GTOP-CI301-1053.bam,9688.2,4360c940-f63f-4a5b-9015-54b0dca0d5cf
GTOP-CI301,RNA-seq,Illumina NovaSeq X,Pancreas_Head,bam,GTOP-CI301-1108.bam,10037.2,f3414c0f-4a2b-4cb3-b78a-71d3ea937a79
GTOP-CI301,RNA-seq,Illumina NovaSeq X,Pancreas_Body,bam,GTOP-CI301-1236.bam,8470.7,dfece653-0743-4a6b-aaf9-a3ce09f3f926
GTOP-CI301,RNA-seq,Illumina NovaSeq X,Pancreas_Tail,bam,GTOP-CI301-1392.bam,10536.4,97963b6d-7016-432c-8001-b3f8d9c14e2f
GTOP-CI301,RNA-seq,Illumina NovaSeq X,Gallbladder,bam,GTOP-CI301-1856.bam,9179.2,66c4cda6-6363-463c-abbb-3e8fe0a10003
GTOP-CI301,RNA-seq,Illumina NovaSeq X,Adrenal_Gland,bam,GTOP-CI301-2099.bam,7917,0285439c-dc20-439e-bf7d-5c4128faf3c2
GTOP-CI301,RNA-seq,Illumina NovaSeq X,Spleen,bam,GTOP-CI301-3082.bam,10517.5,ea325ae0-9803-4aba-b6c4-b8d798aba46e
GTOP-CI301,RNA-seq,Illumina NovaSeq X,Heart_Left_Ventricle,bam,GTOP-CI301-4002.bam,8705.4,d4236e45-16e6-4d82-8d8f-fc314a2d0a2d
GTOP-CI301,RNA-seq,Illumina NovaSeq X,Heart_Right_Ventricle,bam,GTOP-CI301-4003.bam,12513,ab32a098-2fcb-4f24-a22b-383da793578b
GTOP-CI301,RNA-seq,Illumina NovaSeq X,Heart_Right_Atrium,bam,GTOP-CI301-4018.bam,13365.5,8f2a8d2b-3d61-4818-a994-fe9bb028fa37
GTOP-CI301,RNA-seq,Illumina NovaSeq X,Heart_Left_Atrium,bam,GTOP-CI301-4019.bam,7427.8,49f88851-c83d-4650-888e-8ac2bd35bf0a
GTOP-CI301,RNA-seq,Illumina NovaSeq X,Heart_Mitral_Valve,bam,GTOP-CI301-4022.bam,8552.1,8c27a0c9-220e-453d-8731-581e5129a018
GTOP-CI301,RNA-seq,Illumina NovaSeq X,Heart_Tricuspid_Valve,bam,GTOP-CI301-4023.bam,8953.4,850f975b-a1c6-4b5e-9e6a-f93f4f69f38f
GTOP-CI301,RNA-seq,Illumina NovaSeq X,Lung_Base,bam,GTOP-CI301-5032.bam,11092.7,d8e31f6a-9754-4eb7-9f85-db5e791c5bf3
GTOP-CI301,RNA-seq,Illumina NovaSeq X,Diaphragm,bam,GTOP-CI301-5415.bam,7846.7,f3328564-acc8-45bc-8fef-68b1a46c699c
GTOP-CJ091,RNA-seq,Illumina NovaSeq X,Adipose,bam,GTOP-CJ091-0160.bam,8360.8,123633ad-688a-4807-98f1-dc56aae8b819
GTOP-CJ091,RNA-seq,Illumina NovaSeq X,Whole_Blood,bam,GTOP-CJ091-0378.bam,16768.6,789eac65-1488-443f-ad6e-1ca2de3b4d03
GTOP-CJ091,RNA-seq,Illumina NovaSeq X,Liver,bam,GTOP-CJ091-1053.bam,20681.3,4e315033-210d-407d-a35e-20621a6d5492
GTOP-CJ091,RNA-seq,Illumina NovaSeq X,Pancreas_Head,bam,GTOP-CJ091-1108.bam,10924.1,1658fab7-1185-4e3d-8937-161e49e966ca
GTOP-CJ091,RNA-seq,Illumina NovaSeq X,Pancreas_Tail,bam,GTOP-CJ091-1392.bam,8756,85cacdb1-0244-4507-a13f-3e53ce4450a0
GTOP-CJ091,RNA-seq,Illumina NovaSeq X,Gallbladder,bam,GTOP-CJ091-1856.bam,8273.6,83533416-49dc-46f1-a7aa-b09cee1f0e44
GTOP-CJ091,RNA-seq,Illumina NovaSeq X,Adrenal_Gland,bam,GTOP-CJ091-2099.bam,19469.3,f88809cd-8969-4366-97b7-689d548d8e63
GTOP-CJ091,RNA-seq,Illumina NovaSeq X,Diaphragm,bam,GTOP-CJ091-5415.bam,8152.5,6a9407f2-d79e-4030-8af3-208a0237390f
GTOP-CJ092,RNA-seq,Illumina NovaSeq X,Muscle,bam,GTOP-CJ092-0087.bam,10436,3a62b1ee-2ce3-408b-a864-1c78bfeee670
GTOP-CJ092,RNA-seq,Illumina NovaSeq X,Adipose,bam,GTOP-CJ092-0160.bam,11741.1,f72b5c84-886f-4be2-9822-cf0a2fe95ebc
GTOP-CJ092,RNA-seq,Illumina NovaSeq X,Whole_Blood,bam,GTOP-CJ092-0378.bam,12106.9,fd36ffab-4ca6-4ec3-b218-5dde668a650d
GTOP-CJ092,RNA-seq,Illumina NovaSeq X,Pancreas_Head,bam,GTOP-CJ092-1108.bam,10351.9,927faa15-b8e9-4e7b-93da-3bc211efde1a
GTOP-CJ092,RNA-seq,Illumina NovaSeq X,Pancreas_Tail,bam,GTOP-CJ092-1392.bam,13977.3,b3b9fb75-dc9e-4a22-b672-9980077511e7
GTOP-CJ092,RNA-seq,Illumina NovaSeq X,Small_Intestine,bam,GTOP-CJ092-1470.bam,10208.8,d1f3fbfb-5df8-4eed-814b-26602cecd2cf
GTOP-CJ092,RNA-seq,Illumina NovaSeq X,Colon,bam,GTOP-CJ092-1584.bam,8065.6,85cb091a-1130-44e8-b0ed-984ec157463d
GTOP-CJ092,RNA-seq,Illumina NovaSeq X,Stomach,bam,GTOP-CJ092-1601.bam,13521.2,48a6e282-adea-4ea9-9ad1-b4acb5426af8
GTOP-CJ092,RNA-seq,Illumina NovaSeq X,Gallbladder,bam,GTOP-CJ092-1856.bam,10508.8,66ed0a3b-ccf9-4cc9-9919-4cc706e93f1c
GTOP-CJ092,RNA-seq,Illumina NovaSeq X,Adrenal_Gland,bam,GTOP-CJ092-2099.bam,24256.6,bd04c5bf-55b6-4f47-a2f0-102a22c29fa0
GTOP-CJ092,RNA-seq,Illumina NovaSeq X,Spleen,bam,GTOP-CJ092-3082.bam,14364.1,aa985c2c-525f-4ea4-aacc-6ec22c91c7c5
GTOP-CJ092,RNA-seq,Illumina NovaSeq X,Heart_Left_Ventricle,bam,GTOP-CJ092-4002.bam,9348.6,59127377-c749-4227-af78-ed6c491e0271
GTOP-CJ092,RNA-seq,Illumina NovaSeq X,Heart_Right_Ventricle,bam,GTOP-CJ092-4003.bam,8950.1,86c8f1d3-06d1-41a6-898f-8a7de4d085a4
GTOP-CJ092,RNA-seq,Illumina NovaSeq X,Heart_Right_Atrium,bam,GTOP-CJ092-4018.bam,9511.9,95011eb7-d1c7-4599-9a6b-4a28afc7f0e7
GTOP-CJ092,RNA-seq,Illumina NovaSeq X,Heart_Left_Atrium,bam,GTOP-CJ092-4019.bam,8672.3,9d16f24e-8986-4087-bfeb-08ec1d9010b3
GTOP-CJ092,RNA-seq,Illumina NovaSeq X,Heart_Mitral_Valve,bam,GTOP-CJ092-4022.bam,10312.5,77b60f75-2004-4034-a2d0-12235a08fdb1
GTOP-CJ092,RNA-seq,Illumina NovaSeq X,Heart_Tricuspid_Valve,bam,GTOP-CJ092-4023.bam,9966,96f347c1-e212-40be-81b4-3e1b2f955f02
GTOP-CJ092,RNA-seq,Illumina NovaSeq X,Lung_Base,bam,GTOP-CJ092-5032.bam,11908.6,fdcf4d39-5486-471c-a4ea-b25acccd5a94
GTOP-CJ092,RNA-seq,Illumina NovaSeq X,Lung_Apex,bam,GTOP-CJ092-5156.bam,10390,7de22c2a-a11a-4463-85bb-11b4b1c29271
GTOP-CJ092,RNA-seq,Illumina NovaSeq X,Diaphragm,bam,GTOP-CJ092-5415.bam,9724.6,07650b93-4e6f-4ae7-8f80-7c766103b2f6
GTOP-CJ092,RNA-seq,Illumina NovaSeq X,Ovary,bam,GTOP-CJ092-6235.bam,8478,20c7204e-e47e-4ceb-bc29-4843bf755942
GTOP-CJ092,RNA-seq,Illumina NovaSeq X,Uterus,bam,GTOP-CJ092-6246.bam,9653.4,e064829e-2cbc-445e-90f9-cea72194d276
GTOP-CJ093,RNA-seq,Illumina NovaSeq X,Muscle,bam,GTOP-CJ093-0087.bam,7089.1,c6cbfa26-2bf2-45c6-96a2-c26941ab247f
GTOP-CJ093,RNA-seq,Illumina NovaSeq X,Adipose,bam,GTOP-CJ093-0160.bam,7826,2cc643d3-67b6-4fd7-8ac0-b3edb76882ea
GTOP-CJ093,RNA-seq,Illumina NovaSeq X,Skin,bam,GTOP-CJ093-0262.bam,7571.3,58ba5dd9-68cd-47c2-9083-86428d9a23c2
GTOP-CJ093,RNA-seq,Illumina NovaSeq X,Whole_Blood,bam,GTOP-CJ093-0378.bam,11281.3,2ec1750e-70bf-4f15-9a04-ba9643f59130
GTOP-CJ093,RNA-seq,Illumina NovaSeq X,Liver,bam,GTOP-CJ093-1053.bam,10233.6,7c479832-bf19-4810-841e-ddbd2e813c2e
GTOP-CJ093,RNA-seq,Illumina NovaSeq X,Adrenal_Gland,bam,GTOP-CJ093-2099.bam,7734.6,26407e87-aac9-4f93-82b0-b1eae1daa453
GTOP-CJ093,RNA-seq,Illumina NovaSeq X,Spleen,bam,GTOP-CJ093-3082.bam,10564.5,76f3c1bc-0b80-4c40-af73-8fa73cb28508
GTOP-CJ093,RNA-seq,Illumina NovaSeq X,Diaphragm,bam,GTOP-CJ093-5415.bam,7003.9,331bb836-3c7b-4c14-b395-9d33c4de95eb
GTOP-CJ111,RNA-seq,Illumina NovaSeq X,Whole_Blood,bam,GTOP-CJ111-0378.bam,13473.3,5cec4512-4bd0-450a-88e0-90eab9caab18
GTOP-CJ111,RNA-seq,Illumina NovaSeq X,Pancreas_Head,bam,GTOP-CJ111-1108.bam,9284,68c2b252-dc18-4f7e-a465-e2f39b466cb3
GTOP-CJ111,RNA-seq,Illumina NovaSeq X,Pancreas_Body,bam,GTOP-CJ111-1236.bam,8907.6,85542116-6a9e-42fc-bfff-52daa37377d1
GTOP-CJ111,RNA-seq,Illumina NovaSeq X,Pancreas_Tail,bam,GTOP-CJ111-1392.bam,11257.2,b1801d72-0617-4507-aa85-615b12ebdd1b
GTOP-CJ111,RNA-seq,Illumina NovaSeq X,Gallbladder,bam,GTOP-CJ111-1856.bam,10095.2,a56ec7d5-0efb-43b0-9e38-2da406da15d6
GTOP-CJ111,RNA-seq,Illumina NovaSeq X,Diaphragm,bam,GTOP-CJ111-5415.bam,8766.7,601cef0f-6325-4646-8220-73a8b3390a65
GTOP-CJ151,RNA-seq,Illumina NovaSeq X,Adipose,bam,GTOP-CJ151-0160.bam,8774.3,1332ba96-30e6-47c8-afcb-77a8d43f1d6e
GTOP-CJ151,RNA-seq,Illumina NovaSeq X,Liver,bam,GTOP-CJ151-1053.bam,9819.9,58504930-5172-4286-98e0-a6ed03bb6e9e
GTOP-CJ151,RNA-seq,Illumina NovaSeq X,Pancreas_Tail,bam,GTOP-CJ151-1392.bam,7948.1,e72c7fb8-03a7-4318-9a84-7f04bdc2da67
GTOP-CJ151,RNA-seq,Illumina NovaSeq X,Adrenal_Gland,bam,GTOP-CJ151-2099.bam,9596.3,dea4f1c7-8ae0-49cc-bcde-23c898491eae
GTOP-CJ151,RNA-seq,Illumina NovaSeq X,Diaphragm,bam,GTOP-CJ151-5415.bam,9714.4,3d176e84-ff3c-4c36-a6f2-2740bf47ac32
GTOP-CJ151,RNA-seq,Illumina NovaSeq X,Prostate,bam,GTOP-CJ151-6145.bam,10600.6,e6aa9e03-9f6a-4b74-a6d4-5f5055fc12bf
GTOP-CJ231,RNA-seq,Illumina NovaSeq X,Adipose,bam,GTOP-CJ231-0160.bam,9157.4,13f69db4-1dba-4ed6-ae3c-a3dda12ef7ac
GTOP-CJ231,RNA-seq,Illumina NovaSeq X,Whole_Blood,bam,GTOP-CJ231-0378.bam,8358.8,d2606e4a-afbe-432d-b668-4013bc9b55ae
GTOP-CJ231,RNA-seq,Illumina NovaSeq X,Liver,bam,GTOP-CJ231-1053.bam,8528.1,c7bb2dfa-c8e9-4d7d-9b25-a475a10a5409
GTOP-CJ231,RNA-seq,Illumina NovaSeq X,Pancreas_Head,bam,GTOP-CJ231-1108.bam,7954.7,a72572e7-cb29-4ada-a5aa-89987696ca17
GTOP-CJ231,RNA-seq,Illumina NovaSeq X,Pancreas_Body,bam,GTOP-CJ231-1236.bam,10657.6,bcdd843c-beb4-44c5-81c8-6ef6cc2256ed
GTOP-CJ231,RNA-seq,Illumina NovaSeq X,Pancreas_Tail,bam,GTOP-CJ231-1392.bam,8075.2,ad437e0d-2b5e-4f9b-8550-7e978516e72e
GTOP-CJ231,RNA-seq,Illumina NovaSeq X,Gallbladder,bam,GTOP-CJ231-1856.bam,9342.8,044d0680-e4a3-4b09-b51e-dcf0c7b5d42f
GTOP-CJ231,RNA-seq,Illumina NovaSeq X,Adrenal_Gland,bam,GTOP-CJ231-2099.bam,10693.8,24c093cf-ad31-4c34-ad99-ebd1f4239183
GTOP-CJ231,RNA-seq,Illumina NovaSeq X,Diaphragm,bam,GTOP-CJ231-5415.bam,10117.4,d1e33bba-6655-452c-baa3-914795dfdf85
GTOP-CK031,RNA-seq,Illumina NovaSeq X,Muscle,bam,GTOP-CK031-0087.bam,9474.1,60c5fee4-990e-4d8b-9aa2-59f2c2f84e65
GTOP-CK031,RNA-seq,Illumina NovaSeq X,Adipose,bam,GTOP-CK031-0160.bam,10458.5,f5250511-c525-45fa-a868-2f08221b5461
GTOP-CK031,RNA-seq,Illumina NovaSeq X,Skin,bam,GTOP-CK031-0262.bam,10615.6,b6f71e09-1f08-4b6f-a597-b968f4cfd10c
GTOP-CK031,RNA-seq,Illumina NovaSeq X,Liver,bam,GTOP-CK031-1053.bam,8336.3,0dc236f0-c823-4218-880f-9e1e4b8a2b03
GTOP-CK031,RNA-seq,Illumina NovaSeq X,Pancreas_Tail,bam,GTOP-CK031-1392.bam,8643.6,1f18ad12-02b2-4104-bd86-44306aa9b91e
GTOP-CK031,RNA-seq,Illumina NovaSeq X,Small_Intestine,bam,GTOP-CK031-1470.bam,8706.2,d552d3a9-6710-4706-904a-a9ad7f77711e
GTOP-CK031,RNA-seq,Illumina NovaSeq X,Colon,bam,GTOP-CK031-1584.bam,6871.7,89a11d25-5334-4c28-8c58-19542ef86a9c
GTOP-CK031,RNA-seq,Illumina NovaSeq X,Stomach,bam,GTOP-CK031-1601.bam,8970.9,ecfb26c5-2e2e-4895-b965-fb1084d77af7
GTOP-CK031,RNA-seq,Illumina NovaSeq X,Esophagus,bam,GTOP-CK031-1710.bam,8395.4,14ef55ce-8e54-47e3-ac3a-2aaa5606448d
GTOP-CK031,RNA-seq,Illumina NovaSeq X,Gallbladder,bam,GTOP-CK031-1856.bam,8330.1,4ce943dd-a624-4174-a7c1-960c1b81366c
GTOP-CK031,RNA-seq,Illumina NovaSeq X,Adrenal_Gland,bam,GTOP-CK031-2099.bam,8937.9,079f028e-19b5-46f9-9122-7e1c2dca7e8b
GTOP-CK031,RNA-seq,Illumina NovaSeq X,Spleen,bam,GTOP-CK031-3082.bam,8713.6,9f9322cc-75bf-42ae-8591-d1214f458217
GTOP-CK031,RNA-seq,Illumina NovaSeq X,Heart_Left_Ventricle,bam,GTOP-CK031-4002.bam,9841.4,10144ab9-cb4b-47aa-8a66-46ce7a84cfb9
GTOP-CK031,RNA-seq,Illumina NovaSeq X,Heart_Right_Ventricle,bam,GTOP-CK031-4003.bam,8287.2,d925691b-8f75-4449-b957-2ca77cbfb9f8
GTOP-CK031,RNA-seq,Illumina NovaSeq X,Heart_Right_Atrium,bam,GTOP-CK031-4018.bam,9479.4,eb24a06f-1adb-4d64-8b83-8aa982044196
GTOP-CK031,RNA-seq,Illumina NovaSeq X,Heart_Left_Atrium,bam,GTOP-CK031-4019.bam,9156.3,8e27e482-51f0-4640-94c6-01a364a620b6
GTOP-CK031,RNA-seq,Illumina NovaSeq X,Heart_Mitral_Valve,bam,GTOP-CK031-4022.bam,9077.6,7dfae360-5567-4ee7-ac8c-d9f87fe2a4d4
GTOP-CK031,RNA-seq,Illumina NovaSeq X,Heart_Tricuspid_Valve,bam,GTOP-CK031-4023.bam,7936.6,98d851f7-a52e-421a-addf-9bd444704218
GTOP-CK031,RNA-seq,Illumina NovaSeq X,Lung_Base,bam,GTOP-CK031-5032.bam,8485.6,e123136b-3215-4fb2-a9cb-4bc86445be8b
GTOP-CK031,RNA-seq,Illumina NovaSeq X,Lung_Apex,bam,GTOP-CK031-5156.bam,7498.2,813978b4-e37f-4066-ab9c-2da558cd633a
GTOP-CK031,RNA-seq,Illumina NovaSeq X,Diaphragm,bam,GTOP-CK031-5415.bam,10022.3,7345f699-2bc2-45e6-8042-12c7c83e47a2
GTOP-CL111,RNA-seq,Illumina NovaSeq X,Muscle,bam,GTOP-CL111-0087.bam,7646.4,ef7bdb22-e44d-4c0e-b7cd-59ef5fec4f88
GTOP-CL111,RNA-seq,Illumina NovaSeq X,Adipose,bam,GTOP-CL111-0160.bam,12820.5,fa300601-6067-448f-b400-ce78aaada65c
GTOP-CL111,RNA-seq,Illumina NovaSeq X,Skin,bam,GTOP-CL111-0262.bam,8853.3,bba31daa-7541-4331-82fd-97cac5356f38
GTOP-CL111,RNA-seq,Illumina NovaSeq X,Liver,bam,GTOP-CL111-1053.bam,7994.6,da4a90be-c0e3-4ae0-a46d-e3fe2a0ac40f
GTOP-CL111,RNA-seq,Illumina NovaSeq X,Pancreas_Head,bam,GTOP-CL111-1108.bam,7554.6,b8d5b434-519e-44db-ab12-64f79623dde3
GTOP-CL111,RNA-seq,Illumina NovaSeq X,Pancreas_Body,bam,GTOP-CL111-1236.bam,12649.8,bbb8e380-ba8a-451e-afb2-0f781b633c4e
GTOP-CL111,RNA-seq,Illumina NovaSeq X,Pancreas_Tail,bam,GTOP-CL111-1392.bam,11265.2,ff7f0cc5-f508-42de-a221-1b9a033aee7b
GTOP-CL111,RNA-seq,Illumina NovaSeq X,Small_Intestine,bam,GTOP-CL111-1470.bam,7194.2,1893f0ac-cea3-4d1e-9270-41eb6a262d9d
GTOP-CL111,RNA-seq,Illumina NovaSeq X,Colon,bam,GTOP-CL111-1584.bam,12919.2,209fa094-e371-452b-8891-43c764fc47f6
GTOP-CL111,RNA-seq,Illumina NovaSeq X,Stomach,bam,GTOP-CL111-1601.bam,8090,197421dd-62a0-49fa-93ba-4f3b4824fad0
GTOP-CL111,RNA-seq,Illumina NovaSeq X,Gallbladder,bam,GTOP-CL111-1856.bam,15669.5,1b38f484-d836-46b6-80fd-ce64f6f8a09b
GTOP-CL111,RNA-seq,Illumina NovaSeq X,Adrenal_Gland,bam,GTOP-CL111-2099.bam,8567.5,eb26d80c-aa9b-4bd2-acf6-3a9ca1a707ce
GTOP-CL111,RNA-seq,Illumina NovaSeq X,Spleen,bam,GTOP-CL111-3082.bam,14440.4,120584e3-4a79-4a8b-8a0d-c54d61af08cf
GTOP-CL111,RNA-seq,Illumina NovaSeq X,Lung_Base,bam,GTOP-CL111-5032.bam,7098.2,7e9ea050-d114-43ac-b00c-a159c053891b
GTOP-CL111,RNA-seq,Illumina NovaSeq X,Lung_Apex,bam,GTOP-CL111-5156.bam,7698.3,86b0176b-4664-457b-9433-35aa3eafc034
GTOP-CL111,RNA-seq,Illumina NovaSeq X,Prostate,bam,GTOP-CL111-6145.bam,14142,88e1247e-62e0-4152-9fa6-5454b65ad857
GTOP-CL141,RNA-seq,Illumina NovaSeq X,Adipose,bam,GTOP-CL141-0160.bam,9825.1,0fda03ab-2085-45ba-ae71-e320450a4434
GTOP-CL141,RNA-seq,Illumina NovaSeq X,Liver,bam,GTOP-CL141-1053.bam,13317.6,73abb6bc-5faf-4b21-869e-df27b20e2057
GTOP-CL141,RNA-seq,Illumina NovaSeq X,Pancreas_Head,bam,GTOP-CL141-1108.bam,10071.7,9a236fdd-da2b-4af1-b763-ac404182e460
GTOP-CL141,RNA-seq,Illumina NovaSeq X,Pancreas_Body,bam,GTOP-CL141-1236.bam,17443.9,aa04acfb-4460-4d52-8326-18057090b59e
GTOP-CL141,RNA-seq,Illumina NovaSeq X,Pancreas_Tail,bam,GTOP-CL141-1392.bam,13169.5,a9c1f2a7-01de-412a-9c8d-f3863d4ca380
GTOP-CL141,RNA-seq,Illumina NovaSeq X,Gallbladder,bam,GTOP-CL141-1856.bam,9081.1,f3154fe4-99b5-42ea-b5bb-ad519a40a9b0
GTOP-CL141,RNA-seq,Illumina NovaSeq X,Adrenal_Gland,bam,GTOP-CL141-2099.bam,8107.8,7eb549eb-6890-41be-8e79-f210d20dad34
GTOP-CL141,RNA-seq,Illumina NovaSeq X,Diaphragm,bam,GTOP-CL141-5415.bam,8011.9,cd8da8e3-3ed6-4c3e-95b1-df42af73bc16
GTOP-CL161,RNA-seq,Illumina NovaSeq X,Muscle,bam,GTOP-CL161-0087.bam,15353.1,e3fcc234-4cb9-4522-beea-07ffe166b9c7
GTOP-CL161,RNA-seq,Illumina NovaSeq X,Adipose,bam,GTOP-CL161-0160.bam,15517.5,94f8ac8f-536e-47fd-99e4-af358ba743ce
GTOP-CL161,RNA-seq,Illumina NovaSeq X,Skin,bam,GTOP-CL161-0262.bam,9220.6,96f5df3f-cc88-40ad-aa11-00d7ef6c429a
GTOP-CL161,RNA-seq,Illumina NovaSeq X,Liver,bam,GTOP-CL161-1053.bam,13025.6,e370a609-7a35-43c6-89e7-cc69eae84e6c
GTOP-CL161,RNA-seq,Illumina NovaSeq X,Pancreas_Head,bam,GTOP-CL161-1108.bam,14665.4,c0ca5596-1b6b-4806-9d23-a1e78aec26c2
GTOP-CL161,RNA-seq,Illumina NovaSeq X,Pancreas_Body,bam,GTOP-CL161-1236.bam,12479.6,8c0ee968-8a86-4e9a-baa3-94c5bd11968d
GTOP-CL161,RNA-seq,Illumina NovaSeq X,Pancreas_Tail,bam,GTOP-CL161-1392.bam,11833.2,b5346828-88c5-4c07-aa64-983b5e64131d
GTOP-CL161,RNA-seq,Illumina NovaSeq X,Gallbladder,bam,GTOP-CL161-1856.bam,13661.4,8259a3cd-469f-4984-90d3-c2959059cfd6
GTOP-CL161,RNA-seq,Illumina NovaSeq X,Adrenal_Gland,bam,GTOP-CL161-2099.bam,12650.6,04cca341-82b2-4aa4-bb07-b756b37e183d
GTOP-CL161,RNA-seq,Illumina NovaSeq X,Spleen,bam,GTOP-CL161-3082.bam,8179.6,baf46ca3-40d5-4ba1-9db2-3bf226de1d66
GTOP-CL161,RNA-seq,Illumina NovaSeq X,Heart_Left_Ventricle,bam,GTOP-CL161-4002.bam,9408.6,80e3b3a3-afed-44f9-9398-fe383038df47
GTOP-CL161,RNA-seq,Illumina NovaSeq X,Heart_Right_Ventricle,bam,GTOP-CL161-4003.bam,10826.8,aec4cec7-9db2-4f08-b9cb-b2a9e20f43cf
GTOP-CL161,RNA-seq,Illumina NovaSeq X,Heart_Right_Atrium,bam,GTOP-CL161-4018.bam,8842.4,12db0fee-e75d-4423-be53-1027b3527ffb
GTOP-CL161,RNA-seq,Illumina NovaSeq X,Heart_Left_Atrium,bam,GTOP-CL161-4019.bam,9840,1053e1d1-1c56-45be-b5fd-75ae3fb23d1b
GTOP-CL161,RNA-seq,Illumina NovaSeq X,Lung_Base,bam,GTOP-CL161-5032.bam,11071.6,cf406e57-0164-4ec1-b704-599c269baec5
GTOP-CL161,RNA-seq,Illumina NovaSeq X,Lung_Apex,bam,GTOP-CL161-5156.bam,11598.4,eab2ef1b-9dba-46cb-b2d5-397b28877d96
GTOP-CL161,RNA-seq,Illumina NovaSeq X,Diaphragm,bam,GTOP-CL161-5415.bam,14275.7,1522ef1f-9497-4196-9da0-3b3f94455eac
GTOP-CL171,RNA-seq,Illumina NovaSeq X,Muscle,bam,GTOP-CL171-0087.bam,10587.7,ca8b4e2b-324b-4031-9455-6e3b4cf58d9d
GTOP-CL171,RNA-seq,Illumina NovaSeq X,Adipose,bam,GTOP-CL171-0160.bam,9509,2d08be75-3c95-42ce-98c8-929b06abc9b2
GTOP-CL171,RNA-seq,Illumina NovaSeq X,Skin,bam,GTOP-CL171-0262.bam,13709.3,bba1f2d5-d341-44cc-8791-2c9932dd2939
GTOP-CL171,RNA-seq,Illumina NovaSeq X,Pancreas_Head,bam,GTOP-CL171-1108.bam,8608.4,ae741a68-e86a-40c7-8f28-e7329ed268de
GTOP-CL171,RNA-seq,Illumina NovaSeq X,Pancreas_Body,bam,GTOP-CL171-1236.bam,9702.1,68c0d0e3-4763-474e-b48b-5388bd054faa
GTOP-CL171,RNA-seq,Illumina NovaSeq X,Pancreas_Tail,bam,GTOP-CL171-1392.bam,9233,dcf78bda-5255-47d0-bb82-2436d14842a8
GTOP-CL171,RNA-seq,Illumina NovaSeq X,Colon,bam,GTOP-CL171-1584.bam,10829.4,8537ec14-9420-46a8-8c4d-e90b25048eed
GTOP-CL171,RNA-seq,Illumina NovaSeq X,Stomach,bam,GTOP-CL171-1601.bam,11124.8,cb86ee24-b5ce-4ac3-ba20-67b72cc14cdb
GTOP-CL171,RNA-seq,Illumina NovaSeq X,Adrenal_Gland,bam,GTOP-CL171-2099.bam,10015.2,6f351613-3436-4ce4-8958-21a252b1873f
GTOP-CL171,RNA-seq,Illumina NovaSeq X,Spleen,bam,GTOP-CL171-3082.bam,11673.5,0a0b5fa8-e3a3-40eb-bb6a-de8a83928379
GTOP-CL171,RNA-seq,Illumina NovaSeq X,Heart_Left_Ventricle,bam,GTOP-CL171-4002.bam,10743.9,2efb5792-cf86-4612-b0b6-51b3f93f3521
GTOP-CL171,RNA-seq,Illumina NovaSeq X,Heart_Right_Ventricle,bam,GTOP-CL171-4003.bam,9394.7,7504eff3-10f0-438b-879e-52ac5ac74348
GTOP-CL171,RNA-seq,Illumina NovaSeq X,Heart_Right_Atrium,bam,GTOP-CL171-4018.bam,9781.1,9187e328-d245-4d09-8cf8-361ff5dc6c26
GTOP-CL171,RNA-seq,Illumina NovaSeq X,Heart_Left_Atrium,bam,GTOP-CL171-4019.bam,10637.7,cb68809e-82af-48d0-98e8-9b2bf32b506d
GTOP-CL171,RNA-seq,Illumina NovaSeq X,Heart_Mitral_Valve,bam,GTOP-CL171-4022.bam,10669.3,2dadc6c2-06d7-4845-8169-e856b3291c2e
GTOP-CL171,RNA-seq,Illumina NovaSeq X,Heart_Tricuspid_Valve,bam,GTOP-CL171-4023.bam,9680.9,412cb158-ccc7-44e8-a219-6ba081e4458e
GTOP-CL171,RNA-seq,Illumina NovaSeq X,Lung_Base,bam,GTOP-CL171-5032.bam,11266.6,f6eba8c1-4fb8-42b5-b620-6320e67c4307
GTOP-CL171,RNA-seq,Illumina NovaSeq X,Lung_Apex,bam,GTOP-CL171-5156.bam,9921.4,edac52bc-eeba-4ff1-935e-186d9645326f
GTOP-CL171,RNA-seq,Illumina NovaSeq X,Diaphragm,bam,GTOP-CL171-5415.bam,9494,b9d5ddf5-90b1-43b7-8fc1-3f347de83e73
GTOP-AJ141,RNA-seq,Illumina NovaSeq X,Muscle,fastq,GTOP-AJ141-0087_1.fq.gz,4033.8,2ddc66a8-d219-48c6-97ab-2eff114950f2
GTOP-AJ141,RNA-seq,Illumina NovaSeq X,Muscle,fastq,GTOP-AJ141-0087_2.fq.gz,4053.4,32bee1c0-ba5c-48e0-b36e-28672e7c8ed2
GTOP-AJ141,RNA-seq,Illumina NovaSeq X,Adipose,fastq,GTOP-AJ141-0160_1.fq.gz,4027.8,c8b1f74e-d6c7-4ab3-a03e-8dcdae16ee67
GTOP-AJ141,RNA-seq,Illumina NovaSeq X,Adipose,fastq,GTOP-AJ141-0160_2.fq.gz,4027,a6bb79a9-3eef-45a4-a4ab-1c25f72e7023
GTOP-AJ141,RNA-seq,Illumina NovaSeq X,Liver,fastq,GTOP-AJ141-1053_1.fq.gz,4207.4,31a7bcf2-866d-4fde-9d22-af025b641fcc
GTOP-AJ141,RNA-seq,Illumina NovaSeq X,Liver,fastq,GTOP-AJ141-1053_2.fq.gz,4208.1,8c7284f9-c50a-4a24-a01d-39f8840df453
GTOP-AJ141,RNA-seq,Illumina NovaSeq X,Pancreas_Head,fastq,GTOP-AJ141-1108_1.fq.gz,4167,547d262d-4d98-41f2-8b62-857e410eb3b5
GTOP-AJ141,RNA-seq,Illumina NovaSeq X,Pancreas_Head,fastq,GTOP-AJ141-1108_2.fq.gz,4164.4,2af212d7-9c9d-4012-9968-a5510383c323
GTOP-AJ141,RNA-seq,Illumina NovaSeq X,Pancreas_Body,fastq,GTOP-AJ141-1236_1.fq.gz,3941.8,8f1d278b-4815-4e6d-891b-29a1d9a35fe4
GTOP-AJ141,RNA-seq,Illumina NovaSeq X,Pancreas_Body,fastq,GTOP-AJ141-1236_2.fq.gz,3958.8,4ee84e98-0985-411c-9242-60ef91bc50b7
GTOP-AJ141,RNA-seq,Illumina NovaSeq X,Pancreas_Tail,fastq,GTOP-AJ141-1392_1.fq.gz,5649.6,723d8014-d8e2-4482-bd2c-e9949ebc9b64
GTOP-AJ141,RNA-seq,Illumina NovaSeq X,Pancreas_Tail,fastq,GTOP-AJ141-1392_2.fq.gz,5664.7,3e07008a-d59e-4406-b2db-7a34dd39e40f
GTOP-AJ141,RNA-seq,Illumina NovaSeq X,Adrenal_Gland,fastq,GTOP-AJ141-2099_1.fq.gz,3994.8,3d92e9bf-d1c6-428c-bbb7-dcec33446ca2
GTOP-AJ141,RNA-seq,Illumina NovaSeq X,Adrenal_Gland,fastq,GTOP-AJ141-2099_2.fq.gz,3984.6,48f1848c-bc8b-4cea-b0f6-3862bdf75034
GTOP-AJ142,RNA-seq,Illumina NovaSeq X,Adipose,fastq,GTOP-AJ142-0160_1.fq.gz,4003,bb385e4b-8aee-4b27-97ce-b0b861ac9f03
GTOP-AJ142,RNA-seq,Illumina NovaSeq X,Adipose,fastq,GTOP-AJ142-0160_2.fq.gz,3962,eeaa0b8f-7509-4d69-a647-5a89e073fbc4
GTOP-AJ142,RNA-seq,Illumina NovaSeq X,Whole_Blood,fastq,GTOP-AJ142-0378_1.fq.gz,4158.5,f3cc84be-6cce-4792-84a2-72317bcd38b5
GTOP-AJ142,RNA-seq,Illumina NovaSeq X,Whole_Blood,fastq,GTOP-AJ142-0378_2.fq.gz,4213.9,90e85237-3a8e-418c-8c4b-11a6aef7f9da
GTOP-AJ142,RNA-seq,Illumina NovaSeq X,Liver,fastq,GTOP-AJ142-1053_1.fq.gz,3915.9,0361d9b0-4fab-4003-85a6-3f5117ce1fdc
GTOP-AJ142,RNA-seq,Illumina NovaSeq X,Liver,fastq,GTOP-AJ142-1053_2.fq.gz,3944.3,da197786-e82c-4b02-b7d6-4b8596b8a4f9
GTOP-AJ142,RNA-seq,Illumina NovaSeq X,Pancreas_Head,fastq,GTOP-AJ142-1108_1.fq.gz,4026.3,02ac6e10-04b8-47c1-8008-76e0141130af
GTOP-AJ142,RNA-seq,Illumina NovaSeq X,Pancreas_Head,fastq,GTOP-AJ142-1108_2.fq.gz,3996.2,34ce6be2-d528-4100-ae90-fa2f003022f8
GTOP-AJ142,RNA-seq,Illumina NovaSeq X,Pancreas_Body,fastq,GTOP-AJ142-1236_1.fq.gz,3979.8,2ba21080-b9e9-438f-a612-70cb188177bb
GTOP-AJ142,RNA-seq,Illumina NovaSeq X,Pancreas_Body,fastq,GTOP-AJ142-1236_2.fq.gz,3962.9,0cfe1e19-c078-4660-8ddf-cb6cf39ece7e
GTOP-AJ142,RNA-seq,Illumina NovaSeq X,Pancreas_Tail,fastq,GTOP-AJ142-1392_1.fq.gz,4132.6,ef3afd39-d01b-4bf8-a69e-eb6e2cea1f9b
GTOP-AJ142,RNA-seq,Illumina NovaSeq X,Pancreas_Tail,fastq,GTOP-AJ142-1392_2.fq.gz,4138.2,71cdc412-d68d-4de7-adce-7260a1f7b102
GTOP-AJ142,RNA-seq,Illumina NovaSeq X,Adrenal_Gland,fastq,GTOP-AJ142-2099_1.fq.gz,3988.3,ab4ac742-7069-4fab-8385-9f78f9152374
GTOP-AJ142,RNA-seq,Illumina NovaSeq X,Adrenal_Gland,fastq,GTOP-AJ142-2099_2.fq.gz,3963,6cef7600-7b8a-4e9e-beb1-16a7f6e15897
GTOP-AJ211,RNA-seq,Illumina NovaSeq X,Adipose,fastq,GTOP-AJ211-0160_1.fq.gz,4194.7,712428d8-5934-4212-b9ec-3ca53b56f983
GTOP-AJ211,RNA-seq,Illumina NovaSeq X,Adipose,fastq,GTOP-AJ211-0160_2.fq.gz,4156.4,1bae43bd-a20f-4b4a-8f12-e4b49c718a50
GTOP-AJ211,RNA-seq,Illumina NovaSeq X,Whole_Blood,fastq,GTOP-AJ211-0378_1.fq.gz,3982.2,1ebd66ed-bfbc-4e3d-9a30-33dd0527b440
GTOP-AJ211,RNA-seq,Illumina NovaSeq X,Whole_Blood,fastq,GTOP-AJ211-0378_2.fq.gz,4022.5,28c4401c-ad23-4da1-8a7d-43631f2b1065
GTOP-AJ211,RNA-seq,Illumina NovaSeq X,Liver,fastq,GTOP-AJ211-1053_1.fq.gz,3944.4,9a7572ba-d9cd-4009-877d-1b28320c0712
GTOP-AJ211,RNA-seq,Illumina NovaSeq X,Liver,fastq,GTOP-AJ211-1053_2.fq.gz,3909.9,ec6f2775-927a-4f14-afb6-e6def34b0000
GTOP-AJ211,RNA-seq,Illumina NovaSeq X,Gallbladder,fastq,GTOP-AJ211-1856_1.fq.gz,3933.3,7171f325-2ebf-458f-98db-493e445a7751
GTOP-AJ211,RNA-seq,Illumina NovaSeq X,Gallbladder,fastq,GTOP-AJ211-1856_2.fq.gz,3924.7,e8152bd9-fb10-4c28-9325-e921fd7bd5ca
GTOP-AJ211,RNA-seq,Illumina NovaSeq X,Adrenal_Gland,fastq,GTOP-AJ211-2099_1.fq.gz,4641.8,6493418b-c73c-417a-aaac-0baee7aa3b02
GTOP-AJ211,RNA-seq,Illumina NovaSeq X,Adrenal_Gland,fastq,GTOP-AJ211-2099_2.fq.gz,4612.1,0dc1f5b7-5276-45bf-973a-b867dc83c080
GTOP-AJ221,RNA-seq,Illumina NovaSeq X,Muscle,fastq,GTOP-AJ221-0087_1.fq.gz,4321.7,3ed703e0-b927-4338-98aa-ffb72c952f35
GTOP-AJ221,RNA-seq,Illumina NovaSeq X,Muscle,fastq,GTOP-AJ221-0087_2.fq.gz,4318.2,d1038b8c-ef3d-452a-b7ab-9951819503b3
GTOP-AJ221,RNA-seq,Illumina NovaSeq X,Adipose,fastq,GTOP-AJ221-0160_1.fq.gz,4093.2,89ede4c1-d99e-48df-81dd-87db3fa989eb
GTOP-AJ221,RNA-seq,Illumina NovaSeq X,Adipose,fastq,GTOP-AJ221-0160_2.fq.gz,4104.4,bf041cbf-011f-4388-b6a6-8fb6ac7d0252
GTOP-AJ221,RNA-seq,Illumina NovaSeq X,Skin,fastq,GTOP-AJ221-0262_1.fq.gz,4714.6,a6c44104-aff8-46e5-892c-86b025dbbe6c
GTOP-AJ221,RNA-seq,Illumina NovaSeq X,Skin,fastq,GTOP-AJ221-0262_2.fq.gz,4743.1,64a916eb-5ebf-450e-865d-bf7344e16af3
GTOP-AJ221,RNA-seq,Illumina NovaSeq X,Whole_Blood,fastq,GTOP-AJ221-0378_1.fq.gz,4085.2,0ef0b6dd-04a4-4b48-acf9-ac85d3f665ff
GTOP-AJ221,RNA-seq,Illumina NovaSeq X,Whole_Blood,fastq,GTOP-AJ221-0378_2.fq.gz,4122,6b665c7a-874a-4790-9bec-3c95611f96ac
GTOP-AJ221,RNA-seq,Illumina NovaSeq X,Liver,fastq,GTOP-AJ221-1053_1.fq.gz,4047.1,6884721b-a7ba-48fa-b66a-7cb758e06f41
GTOP-AJ221,RNA-seq,Illumina NovaSeq X,Liver,fastq,GTOP-AJ221-1053_2.fq.gz,4029.4,d45a1fe2-44ba-4c5e-8750-d23030b998ea
GTOP-AJ221,RNA-seq,Illumina NovaSeq X,Small_Intestine,fastq,GTOP-AJ221-1470_1.fq.gz,4262.5,989a93e7-c832-4202-a92a-f86d73970425
GTOP-AJ221,RNA-seq,Illumina NovaSeq X,Small_Intestine,fastq,GTOP-AJ221-1470_2.fq.gz,4276.6,1eeea419-4220-4775-8016-ba7d062a43b2
GTOP-AJ221,RNA-seq,Illumina NovaSeq X,Colon,fastq,GTOP-AJ221-1584_1.fq.gz,3936.1,9f147aa9-3e8b-4d1e-9613-07f61fa084bd
GTOP-AJ221,RNA-seq,Illumina NovaSeq X,Colon,fastq,GTOP-AJ221-1584_2.fq.gz,3934.5,a0e9c2f6-8203-4b6b-9717-1b6b775e47c0
GTOP-AJ221,RNA-seq,Illumina NovaSeq X,Stomach,fastq,GTOP-AJ221-1601_1.fq.gz,3822.8,722740cb-c91f-4d66-abea-5f9767325c5b
GTOP-AJ221,RNA-seq,Illumina NovaSeq X,Stomach,fastq,GTOP-AJ221-1601_2.fq.gz,3856.7,338ae20a-35ba-4073-8d6d-c9fc0589660b
GTOP-AJ221,RNA-seq,Illumina NovaSeq X,Esophagus,fastq,GTOP-AJ221-1710_1.fq.gz,4157.5,60bbfa37-8d39-4f61-a21f-73cc1189e024
GTOP-AJ221,RNA-seq,Illumina NovaSeq X,Esophagus,fastq,GTOP-AJ221-1710_2.fq.gz,4143.5,f60925af-8acb-44ec-bd04-cdb0aeb61635
GTOP-AJ221,RNA-seq,Illumina NovaSeq X,Gallbladder,fastq,GTOP-AJ221-1856_1.fq.gz,3994.6,a95cf67a-561a-4d31-a697-ea7d030c19c9
GTOP-AJ221,RNA-seq,Illumina NovaSeq X,Gallbladder,fastq,GTOP-AJ221-1856_2.fq.gz,3942.1,6c5c1682-8bf3-49d6-8bed-7ef3213d8504
GTOP-AJ221,RNA-seq,Illumina NovaSeq X,Spleen,fastq,GTOP-AJ221-3082_1.fq.gz,3928.5,a375e7fa-1b62-4580-853a-2a46691a59da
GTOP-AJ221,RNA-seq,Illumina NovaSeq X,Spleen,fastq,GTOP-AJ221-3082_2.fq.gz,3924.1,c5a329d8-1339-471c-aeb1-24507416e483
GTOP-AJ221,RNA-seq,Illumina NovaSeq X,Heart_Left_Ventricle,fastq,GTOP-AJ221-4002_1.fq.gz,4341.4,0007a949-5169-4aae-b221-9a7a503e6c3b
GTOP-AJ221,RNA-seq,Illumina NovaSeq X,Heart_Left_Ventricle,fastq,GTOP-AJ221-4002_2.fq.gz,4329.3,1a109a42-36e3-413b-8872-24986cedc9c7
GTOP-AJ221,RNA-seq,Illumina NovaSeq X,Heart_Right_Ventricle,fastq,GTOP-AJ221-4003_1.fq.gz,4553.4,8dc68af3-8164-4bda-8774-50c84f2aa76f
GTOP-AJ221,RNA-seq,Illumina NovaSeq X,Heart_Right_Ventricle,fastq,GTOP-AJ221-4003_2.fq.gz,4507.7,157fc8a7-706e-455c-ac5b-c24498604b9a
GTOP-AJ221,RNA-seq,Illumina NovaSeq X,Heart_Right_Atrium,fastq,GTOP-AJ221-4018_1.fq.gz,5445.6,1e6cb49b-434f-4a6a-b5dc-75bbfdbd11a9
GTOP-AJ221,RNA-seq,Illumina NovaSeq X,Heart_Right_Atrium,fastq,GTOP-AJ221-4018_2.fq.gz,5432.7,24cf8697-ba56-49f9-85a4-e786eb420e1c
GTOP-AJ221,RNA-seq,Illumina NovaSeq X,Heart_Left_Atrium,fastq,GTOP-AJ221-4019_1.fq.gz,5492.3,4f76d3a6-30b7-4604-86c0-e164f4fe8f39
GTOP-AJ221,RNA-seq,Illumina NovaSeq X,Heart_Left_Atrium,fastq,GTOP-AJ221-4019_2.fq.gz,5449.1,1ab8c597-3c31-4980-8cc5-d48c58fd38c3
GTOP-AJ221,RNA-seq,Illumina NovaSeq X,Heart_Mitral_Valve,fastq,GTOP-AJ221-4022_1.fq.gz,4960.1,d045a808-f3c4-4d0e-b0f6-d0034ee6ecbf
GTOP-AJ221,RNA-seq,Illumina NovaSeq X,Heart_Mitral_Valve,fastq,GTOP-AJ221-4022_2.fq.gz,4911.3,e51fef25-dcfe-4d3e-817f-e2ad9f206080
GTOP-AJ221,RNA-seq,Illumina NovaSeq X,Heart_Tricuspid_Valve,fastq,GTOP-AJ221-4023_1.fq.gz,3725.2,989ac5cb-5793-4cd8-ad87-c947663c603e
GTOP-AJ221,RNA-seq,Illumina NovaSeq X,Heart_Tricuspid_Valve,fastq,GTOP-AJ221-4023_2.fq.gz,3694.3,adf2cd41-3620-49cd-a4ef-73cdfc1aea50
GTOP-AJ221,RNA-seq,Illumina NovaSeq X,Thoracic_Aorta,fastq,GTOP-AJ221-4149_1.fq.gz,4851.2,bdc184b7-a2e0-44c8-a089-6cede13463a9
GTOP-AJ221,RNA-seq,Illumina NovaSeq X,Thoracic_Aorta,fastq,GTOP-AJ221-4149_2.fq.gz,4823.2,6d238009-0669-4f39-9a97-297edb749183
GTOP-AJ221,RNA-seq,Illumina NovaSeq X,Aortic_Arch,fastq,GTOP-AJ221-4155_1.fq.gz,4135.6,e8028256-8c9f-4736-bd2a-d67848129a44
GTOP-AJ221,RNA-seq,Illumina NovaSeq X,Aortic_Arch,fastq,GTOP-AJ221-4155_2.fq.gz,4098,cf6cdb42-d90e-414a-bf72-44ad8d6694b3
GTOP-AJ221,RNA-seq,Illumina NovaSeq X,Lung_Base,fastq,GTOP-AJ221-5032_1.fq.gz,3903.8,44a553ca-833b-4f30-a5b8-f741d0d44f50
GTOP-AJ221,RNA-seq,Illumina NovaSeq X,Lung_Base,fastq,GTOP-AJ221-5032_2.fq.gz,3884.4,d70994ba-bca8-46bd-b64a-7ecfcc3fee55
GTOP-AJ221,RNA-seq,Illumina NovaSeq X,Lung_Apex,fastq,GTOP-AJ221-5156_1.fq.gz,4169.8,6e79e244-a3c9-4453-9ae1-dab8ac4573b3
GTOP-AJ221,RNA-seq,Illumina NovaSeq X,Lung_Apex,fastq,GTOP-AJ221-5156_2.fq.gz,4152.9,108687a2-26f4-4012-8710-9078784518d6
GTOP-AJ231,RNA-seq,Illumina NovaSeq X,Muscle,fastq,GTOP-AJ231-0087_1.fq.gz,5361.3,58e7bb30-b8a4-41f5-9537-79a558975b58
GTOP-AJ231,RNA-seq,Illumina NovaSeq X,Muscle,fastq,GTOP-AJ231-0087_2.fq.gz,5302.5,4f7a31cc-cf00-42af-9a9d-edff3a7c7ea0
GTOP-AJ231,RNA-seq,Illumina NovaSeq X,Adipose,fastq,GTOP-AJ231-0160_1.fq.gz,6167.2,c7f289e5-29f0-42bb-87ed-b64e85577ce4
GTOP-AJ231,RNA-seq,Illumina NovaSeq X,Adipose,fastq,GTOP-AJ231-0160_2.fq.gz,6155.2,c4f6a28b-e26b-4358-a70b-6eded54194b5
GTOP-AJ231,RNA-seq,Illumina NovaSeq X,Liver,fastq,GTOP-AJ231-1053_1.fq.gz,4898.8,e327b28b-8bf0-4cb7-8202-0231bd80b692
GTOP-AJ231,RNA-seq,Illumina NovaSeq X,Liver,fastq,GTOP-AJ231-1053_2.fq.gz,4871,f53189b5-de01-4104-9546-cb934f06a965
GTOP-AJ231,RNA-seq,Illumina NovaSeq X,Pancreas_Head,fastq,GTOP-AJ231-1108_1.fq.gz,5230.6,aa9d914b-60db-4bd9-8073-54b60f5b8f0a
GTOP-AJ231,RNA-seq,Illumina NovaSeq X,Pancreas_Head,fastq,GTOP-AJ231-1108_2.fq.gz,5266.2,57e2efd1-1d70-4243-a044-079bbbce727a
GTOP-AJ231,RNA-seq,Illumina NovaSeq X,Pancreas_Body,fastq,GTOP-AJ231-1236_1.fq.gz,4088.6,541e73bc-f7c3-4624-87e6-41bfbf27ceca
GTOP-AJ231,RNA-seq,Illumina NovaSeq X,Pancreas_Body,fastq,GTOP-AJ231-1236_2.fq.gz,4083,f11834cc-4bbb-4169-b752-c7cbbd7a6e35
GTOP-AJ231,RNA-seq,Illumina NovaSeq X,Pancreas_Tail,fastq,GTOP-AJ231-1392_1.fq.gz,4737.4,f9ac05e1-ac0b-4322-89c1-6362945abb3e
GTOP-AJ231,RNA-seq,Illumina NovaSeq X,Pancreas_Tail,fastq,GTOP-AJ231-1392_2.fq.gz,4729.7,687f2435-3857-49a6-b0d4-2c1a2b82db46
GTOP-AJ231,RNA-seq,Illumina NovaSeq X,Adrenal_Gland,fastq,GTOP-AJ231-2099_1.fq.gz,4428.2,ef43e4e7-d01a-47d6-ad1d-1993b8fc8ee0
GTOP-AJ231,RNA-seq,Illumina NovaSeq X,Adrenal_Gland,fastq,GTOP-AJ231-2099_2.fq.gz,4454.2,6efeed1e-faf5-4506-b96e-bdb9318731ec
GTOP-AK091,RNA-seq,Illumina NovaSeq X,Muscle,fastq,GTOP-AK091-0087_1.fq.gz,4866.9,bfcc064f-d416-4152-b2b2-fba1c40db4bb
GTOP-AK091,RNA-seq,Illumina NovaSeq X,Muscle,fastq,GTOP-AK091-0087_2.fq.gz,4847.8,c446432b-f106-4232-b0db-b6c992ac4d24
GTOP-AK091,RNA-seq,Illumina NovaSeq X,Skin,fastq,GTOP-AK091-0262_1.fq.gz,5288.2,61a586a4-37ba-4bfe-9bb9-17671238bddb
GTOP-AK091,RNA-seq,Illumina NovaSeq X,Skin,fastq,GTOP-AK091-0262_2.fq.gz,5283,cb07d141-668d-4f3c-9c5b-4db0c86d64ec
GTOP-AK091,RNA-seq,Illumina NovaSeq X,Whole_Blood,fastq,GTOP-AK091-0378_1.fq.gz,3532.4,1e85d086-9f81-49ec-8dea-128e408c50e2
GTOP-AK091,RNA-seq,Illumina NovaSeq X,Whole_Blood,fastq,GTOP-AK091-0378_2.fq.gz,3586.6,e478051f-268a-4fa2-93f4-72bb03c12e3c
GTOP-AK091,RNA-seq,Illumina NovaSeq X,Liver,fastq,GTOP-AK091-1053_1.fq.gz,4554.7,13d4d090-1bab-4861-b464-437bdb7b9d61
GTOP-AK091,RNA-seq,Illumina NovaSeq X,Liver,fastq,GTOP-AK091-1053_2.fq.gz,4518.6,56b3043b-6a0c-4e38-a76a-bfa581f12107
GTOP-AK091,RNA-seq,Illumina NovaSeq X,Pancreas_Head,fastq,GTOP-AK091-1108_1.fq.gz,4345.5,591a356b-248a-4e72-baa6-1df04d5a0715
GTOP-AK091,RNA-seq,Illumina NovaSeq X,Pancreas_Head,fastq,GTOP-AK091-1108_2.fq.gz,4319.1,114ed660-becc-46fd-b60a-667ccaf15a33
GTOP-AK091,RNA-seq,Illumina NovaSeq X,Pancreas_Body,fastq,GTOP-AK091-1236_1.fq.gz,4345.5,c4ff0c16-3e69-48c6-b5a9-c7d2e8baefa5
GTOP-AK091,RNA-seq,Illumina NovaSeq X,Pancreas_Body,fastq,GTOP-AK091-1236_2.fq.gz,4305.2,cf130a3b-61aa-4eb9-88b4-c918d7f83b00
GTOP-AK091,RNA-seq,Illumina NovaSeq X,Pancreas_Tail,fastq,GTOP-AK091-1392_1.fq.gz,4149.5,7cf125bf-3fb6-4abc-b73a-61dc36c48237
GTOP-AK091,RNA-seq,Illumina NovaSeq X,Pancreas_Tail,fastq,GTOP-AK091-1392_2.fq.gz,4159.5,795e1883-7b57-43a6-a93f-b56e42b4ff9f
GTOP-AK091,RNA-seq,Illumina NovaSeq X,Small_Intestine,fastq,GTOP-AK091-1470_1.fq.gz,4327.6,8be104aa-289c-4684-8814-43dd47bd2c19
GTOP-AK091,RNA-seq,Illumina NovaSeq X,Small_Intestine,fastq,GTOP-AK091-1470_2.fq.gz,4330.4,c984f41e-5bca-4ab9-a3b3-980d41af44ab
GTOP-AK091,RNA-seq,Illumina NovaSeq X,Colon,fastq,GTOP-AK091-1584_1.fq.gz,4644.3,2376d3e5-8ac8-4480-9a14-48e05e1e9d5a
GTOP-AK091,RNA-seq,Illumina NovaSeq X,Colon,fastq,GTOP-AK091-1584_2.fq.gz,4655.9,0662417e-6874-45ef-9f71-30c689becf2e
GTOP-AK091,RNA-seq,Illumina NovaSeq X,Stomach,fastq,GTOP-AK091-1601_1.fq.gz,4733.7,b5bd5638-f9dd-4ca3-90f0-b625d11a3d6b
GTOP-AK091,RNA-seq,Illumina NovaSeq X,Stomach,fastq,GTOP-AK091-1601_2.fq.gz,4751.5,e0fcff23-b965-457b-a10f-f248b428d9fb
GTOP-AK091,RNA-seq,Illumina NovaSeq X,Esophagus,fastq,GTOP-AK091-1710_1.fq.gz,4647.5,1f724fb2-faaa-400c-baa4-7ba76ba1fcaa
GTOP-AK091,RNA-seq,Illumina NovaSeq X,Esophagus,fastq,GTOP-AK091-1710_2.fq.gz,4657.8,c2d8f13b-5193-414f-9561-0aec681fc4a9
GTOP-AK091,RNA-seq,Illumina NovaSeq X,Gallbladder,fastq,GTOP-AK091-1856_1.fq.gz,4758,cad9acb6-7703-4fe3-bfb8-9e9cbb76cbb3
GTOP-AK091,RNA-seq,Illumina NovaSeq X,Gallbladder,fastq,GTOP-AK091-1856_2.fq.gz,4746.9,ae87de99-eda1-4621-9590-3f02795fc6ff
GTOP-AK091,RNA-seq,Illumina NovaSeq X,Adrenal_Gland,fastq,GTOP-AK091-2099_1.fq.gz,3972.2,f8e9e10a-1b4a-41a3-a885-944f064c9a1b
GTOP-AK091,RNA-seq,Illumina NovaSeq X,Adrenal_Gland,fastq,GTOP-AK091-2099_2.fq.gz,3970.1,9f48003d-5cc2-4bea-8e28-3cfa0a54f91d
GTOP-AK091,RNA-seq,Illumina NovaSeq X,Spleen,fastq,GTOP-AK091-3082_1.fq.gz,3999.8,5300fc3d-dfb9-48bf-935b-873d7256d009
GTOP-AK091,RNA-seq,Illumina NovaSeq X,Spleen,fastq,GTOP-AK091-3082_2.fq.gz,3957.8,c423fddb-ba5b-490b-9834-a4930126f6e4
GTOP-AK091,RNA-seq,Illumina NovaSeq X,Heart_Left_Ventricle,fastq,GTOP-AK091-4002_1.fq.gz,4077.8,10a34247-3c1f-4b64-be14-91b5b621c291
GTOP-AK091,RNA-seq,Illumina NovaSeq X,Heart_Left_Ventricle,fastq,GTOP-AK091-4002_2.fq.gz,4045.7,e70a05d1-d8ba-4379-9760-34d9e3311199
GTOP-AK091,RNA-seq,Illumina NovaSeq X,Heart_Right_Ventricle,fastq,GTOP-AK091-4003_1.fq.gz,3790.2,a6d11929-2167-49ce-8981-45525384f59e
GTOP-AK091,RNA-seq,Illumina NovaSeq X,Heart_Right_Ventricle,fastq,GTOP-AK091-4003_2.fq.gz,3747.1,93be7ead-97dd-41a9-9b17-64a965ffa9c6
GTOP-AK091,RNA-seq,Illumina NovaSeq X,Heart_Right_Atrium,fastq,GTOP-AK091-4018_1.fq.gz,4024.3,018e5886-b970-4721-b46e-1f253cae78c2
GTOP-AK091,RNA-seq,Illumina NovaSeq X,Heart_Right_Atrium,fastq,GTOP-AK091-4018_2.fq.gz,3984.3,7c340004-b05b-4f47-90ce-0d72750efa3e
GTOP-AK091,RNA-seq,Illumina NovaSeq X,Heart_Left_Atrium,fastq,GTOP-AK091-4019_1.fq.gz,3883,237e3178-ce0a-4333-91ff-99a8c0105383
GTOP-AK091,RNA-seq,Illumina NovaSeq X,Heart_Left_Atrium,fastq,GTOP-AK091-4019_2.fq.gz,3843.1,e0949dc1-4c29-46a4-9f48-d0d4f67a70da
GTOP-AK091,RNA-seq,Illumina NovaSeq X,Heart_Mitral_Valve,fastq,GTOP-AK091-4022_1.fq.gz,5952.1,ec9ded0c-fb56-4d4d-aafe-37e46aab4e45
GTOP-AK091,RNA-seq,Illumina NovaSeq X,Heart_Mitral_Valve,fastq,GTOP-AK091-4022_2.fq.gz,5923.5,ccd859e7-310f-4fe7-a666-f5859d687d02
GTOP-AK091,RNA-seq,Illumina NovaSeq X,Heart_Tricuspid_Valve,fastq,GTOP-AK091-4023_1.fq.gz,6376.5,7338709d-fc43-4da9-bd1b-0231a28da5d9
GTOP-AK091,RNA-seq,Illumina NovaSeq X,Heart_Tricuspid_Valve,fastq,GTOP-AK091-4023_2.fq.gz,6372.1,08f19d68-9674-4ad3-9098-172391d36f3d
GTOP-AK092,RNA-seq,Illumina NovaSeq X,Whole_Blood,fastq,GTOP-AK092-0378_1.fq.gz,4058.5,5fdd4104-f935-4f3c-9c2b-d465514f7ad6
GTOP-AK092,RNA-seq,Illumina NovaSeq X,Whole_Blood,fastq,GTOP-AK092-0378_2.fq.gz,4124.1,5049b1d9-6eaa-440d-afc4-39bdd528e5df
GTOP-AK092,RNA-seq,Illumina NovaSeq X,Liver,fastq,GTOP-AK092-1053_1.fq.gz,4513.4,7b32511e-70cc-4644-8386-979545791af2
GTOP-AK092,RNA-seq,Illumina NovaSeq X,Liver,fastq,GTOP-AK092-1053_2.fq.gz,4527.9,5bc00e54-0705-494b-9fd8-a346321dae0f
GTOP-AK092,RNA-seq,Illumina NovaSeq X,Pancreas_Head,fastq,GTOP-AK092-1108_1.fq.gz,4852.3,8da19f24-6573-45ec-a556-e9aee7b9aac4
GTOP-AK092,RNA-seq,Illumina NovaSeq X,Pancreas_Head,fastq,GTOP-AK092-1108_2.fq.gz,4889.8,9c147d6e-db97-4410-8859-fe302d2d85b5
GTOP-AK092,RNA-seq,Illumina NovaSeq X,Pancreas_Body,fastq,GTOP-AK092-1236_1.fq.gz,4169.4,45f6790d-ff06-4ae1-abba-c6b921a7ef3f
GTOP-AK092,RNA-seq,Illumina NovaSeq X,Pancreas_Body,fastq,GTOP-AK092-1236_2.fq.gz,4172.9,9961dd09-9ca1-44d2-af99-2fee84e8b021
GTOP-AK092,RNA-seq,Illumina NovaSeq X,Pancreas_Tail,fastq,GTOP-AK092-1392_1.fq.gz,3971.1,61a3a167-ce3c-46eb-85bd-20040850c713
GTOP-AK092,RNA-seq,Illumina NovaSeq X,Pancreas_Tail,fastq,GTOP-AK092-1392_2.fq.gz,3988.1,e8db8c23-679c-47e8-adbb-51481027303a
GTOP-AK111,RNA-seq,Illumina NovaSeq X,Adipose,fastq,GTOP-AK111-0160_1.fq.gz,4241.6,3f657c45-7f40-4189-af99-aeddc78dc49b
GTOP-AK111,RNA-seq,Illumina NovaSeq X,Adipose,fastq,GTOP-AK111-0160_2.fq.gz,4266.5,d12134a3-774f-4dff-8972-f4f00f8719d8
GTOP-AK111,RNA-seq,Illumina NovaSeq X,Whole_Blood,fastq,GTOP-AK111-0378_1.fq.gz,3810.3,614d5c51-c950-480e-b76a-91268447ab7f
GTOP-AK111,RNA-seq,Illumina NovaSeq X,Whole_Blood,fastq,GTOP-AK111-0378_2.fq.gz,3856.3,d15c48d6-770c-433c-ad87-bb15ed7fbc09
GTOP-AK111,RNA-seq,Illumina NovaSeq X,Liver,fastq,GTOP-AK111-1053_1.fq.gz,4105.4,c4566899-e444-41ab-91c1-8c9029b74f0a
GTOP-AK111,RNA-seq,Illumina NovaSeq X,Liver,fastq,GTOP-AK111-1053_2.fq.gz,4116,5d796072-7415-499a-a72f-56837c863303
GTOP-AK111,RNA-seq,Illumina NovaSeq X,Pancreas_Head,fastq,GTOP-AK111-1108_1.fq.gz,6994.8,0e3bb3a8-ba17-432d-ba2d-f68a637d86ef
GTOP-AK111,RNA-seq,Illumina NovaSeq X,Pancreas_Head,fastq,GTOP-AK111-1108_2.fq.gz,6961.7,69260181-17ba-4bb7-bb53-9427e9663f7c
GTOP-AK111,RNA-seq,Illumina NovaSeq X,Pancreas_Body,fastq,GTOP-AK111-1236_1.fq.gz,3907.4,73bb1c41-4f89-40f4-9bcb-b7a7c6da0e05
GTOP-AK111,RNA-seq,Illumina NovaSeq X,Pancreas_Body,fastq,GTOP-AK111-1236_2.fq.gz,3945.5,7e9047f8-bd47-44b1-96eb-7aae09ba17f7
GTOP-AK111,RNA-seq,Illumina NovaSeq X,Pancreas_Tail,fastq,GTOP-AK111-1392_1.fq.gz,4411.3,e0db6fec-b8bc-41a6-aaac-60cd2904a93e
GTOP-AK111,RNA-seq,Illumina NovaSeq X,Pancreas_Tail,fastq,GTOP-AK111-1392_2.fq.gz,4427.5,0560d42c-83a3-40f3-93a6-e9a51059e3cd
GTOP-AK111,RNA-seq,Illumina NovaSeq X,Gallbladder,fastq,GTOP-AK111-1856_1.fq.gz,5469.7,06cc8d94-5538-4f09-8d49-0f87566068c4
GTOP-AK111,RNA-seq,Illumina NovaSeq X,Gallbladder,fastq,GTOP-AK111-1856_2.fq.gz,5478.7,3ab5d968-d6a3-449f-a8db-03b67d51155b
GTOP-AK111,RNA-seq,Illumina NovaSeq X,Adrenal_Gland,fastq,GTOP-AK111-2099_1.fq.gz,4324.5,0365860f-b099-494c-b249-6c10af4ba98f
GTOP-AK111,RNA-seq,Illumina NovaSeq X,Adrenal_Gland,fastq,GTOP-AK111-2099_2.fq.gz,4326.9,1068ec9e-13e2-4d52-8f8f-5801211dd0b5
GTOP-AK112,RNA-seq,Illumina NovaSeq X,Muscle,fastq,GTOP-AK112-0087_1.fq.gz,5403.2,e2e5f222-3424-45ec-aece-bef1bb019393
GTOP-AK112,RNA-seq,Illumina NovaSeq X,Muscle,fastq,GTOP-AK112-0087_2.fq.gz,5400.8,20cb58e6-4f9d-4ae5-889d-ee10593d66ee
GTOP-AK112,RNA-seq,Illumina NovaSeq X,Adipose,fastq,GTOP-AK112-0160_1.fq.gz,5307.1,7827af6a-ad76-4238-898f-f51db0d1cfc8
GTOP-AK112,RNA-seq,Illumina NovaSeq X,Adipose,fastq,GTOP-AK112-0160_2.fq.gz,5332.8,f3845dd5-9ca3-4bbf-9db7-83d3af962cc6
GTOP-AK112,RNA-seq,Illumina NovaSeq X,Whole_Blood,fastq,GTOP-AK112-0378_1.fq.gz,4289.5,2fc5e708-e569-4904-b7f3-a14a6388f097
GTOP-AK112,RNA-seq,Illumina NovaSeq X,Whole_Blood,fastq,GTOP-AK112-0378_2.fq.gz,4335.7,07d8aae4-b274-415b-bbd4-fd6274e48561
GTOP-AK112,RNA-seq,Illumina NovaSeq X,Liver,fastq,GTOP-AK112-1053_1.fq.gz,4369.6,b4ca2e79-c654-4f4c-9b8b-bec227a30ea9
GTOP-AK112,RNA-seq,Illumina NovaSeq X,Liver,fastq,GTOP-AK112-1053_2.fq.gz,4378.4,377cbad4-7af6-4865-a358-02cadd08d694
GTOP-AK112,RNA-seq,Illumina NovaSeq X,Small_Intestine,fastq,GTOP-AK112-1470_1.fq.gz,3935.6,15bba61c-77b1-412f-ad60-8e83b059bbe3
GTOP-AK112,RNA-seq,Illumina NovaSeq X,Small_Intestine,fastq,GTOP-AK112-1470_2.fq.gz,3916.6,cd74c9f6-c834-4bcc-8652-0016d91c4737
GTOP-AK112,RNA-seq,Illumina NovaSeq X,Colon,fastq,GTOP-AK112-1584_1.fq.gz,3955.1,60ddb1cf-b28c-4120-86f2-58be20b212f0
GTOP-AK112,RNA-seq,Illumina NovaSeq X,Colon,fastq,GTOP-AK112-1584_2.fq.gz,3953.8,7237d974-a41e-4e9b-9a65-c255cced4586
GTOP-AK112,RNA-seq,Illumina NovaSeq X,Stomach,fastq,GTOP-AK112-1601_1.fq.gz,4660.7,647b03a6-ba42-4795-a99b-a25b03b2ea18
GTOP-AK112,RNA-seq,Illumina NovaSeq X,Stomach,fastq,GTOP-AK112-1601_2.fq.gz,4629.7,8159a7f9-f8ea-4a6e-bf5b-61ec5f02620e
GTOP-AK112,RNA-seq,Illumina NovaSeq X,Esophagus,fastq,GTOP-AK112-1710_1.fq.gz,4085.1,c8b87c53-28e5-4d36-a7ab-cf67653380a3
GTOP-AK112,RNA-seq,Illumina NovaSeq X,Esophagus,fastq,GTOP-AK112-1710_2.fq.gz,4086.4,92bd7492-a274-4965-8ac8-b8230b004b80
GTOP-AK112,RNA-seq,Illumina NovaSeq X,Gallbladder,fastq,GTOP-AK112-1856_1.fq.gz,3894.7,430acaa8-3931-45d3-b79f-790960cc197e
GTOP-AK112,RNA-seq,Illumina NovaSeq X,Gallbladder,fastq,GTOP-AK112-1856_2.fq.gz,3894.6,8052aa6d-2056-4e75-b3ff-59794199f030
GTOP-AK112,RNA-seq,Illumina NovaSeq X,Adrenal_Gland,fastq,GTOP-AK112-2099_1.fq.gz,3734.5,89d41629-0cf5-4d27-8593-62f149655749
GTOP-AK112,RNA-seq,Illumina NovaSeq X,Adrenal_Gland,fastq,GTOP-AK112-2099_2.fq.gz,3720.5,940c5f07-90fa-4c7f-b354-49f833083a28
GTOP-AK112,RNA-seq,Illumina NovaSeq X,Spleen,fastq,GTOP-AK112-3082_1.fq.gz,4372,b2e5cb60-a283-45bf-a607-d6b3bd1f83c3
GTOP-AK112,RNA-seq,Illumina NovaSeq X,Spleen,fastq,GTOP-AK112-3082_2.fq.gz,4373,c60b09ad-df32-4013-96af-afa11c051ecf
GTOP-AK112,RNA-seq,Illumina NovaSeq X,Heart_Left_Ventricle,fastq,GTOP-AK112-4002_1.fq.gz,4611.4,2de47353-5fc2-4213-88d7-d92be88bba3b
GTOP-AK112,RNA-seq,Illumina NovaSeq X,Heart_Left_Ventricle,fastq,GTOP-AK112-4002_2.fq.gz,4608.4,7d9e7099-4205-4b84-bc76-4a4ad421f3ef
GTOP-AK112,RNA-seq,Illumina NovaSeq X,Heart_Right_Ventricle,fastq,GTOP-AK112-4003_1.fq.gz,5185.5,54352542-8c2e-4a6b-bdec-c4e229254da7
GTOP-AK112,RNA-seq,Illumina NovaSeq X,Heart_Right_Ventricle,fastq,GTOP-AK112-4003_2.fq.gz,5170.5,834a0684-9448-44a9-b9b5-287456803266
GTOP-AK112,RNA-seq,Illumina NovaSeq X,Heart_Right_Atrium,fastq,GTOP-AK112-4018_1.fq.gz,3779.5,c890eb1b-c20a-4da1-9932-8ec038db3d33
GTOP-AK112,RNA-seq,Illumina NovaSeq X,Heart_Right_Atrium,fastq,GTOP-AK112-4018_2.fq.gz,3750.8,60c7d436-0f07-4440-8cd0-372b9d1a4267
GTOP-AK112,RNA-seq,Illumina NovaSeq X,Heart_Left_Atrium,fastq,GTOP-AK112-4019_1.fq.gz,4529.2,c55b28f9-f0ca-45de-8a74-383e0632efed
GTOP-AK112,RNA-seq,Illumina NovaSeq X,Heart_Left_Atrium,fastq,GTOP-AK112-4019_2.fq.gz,4533.6,f8ec227a-2dd8-4e85-9881-880c832adf42
GTOP-AK112,RNA-seq,Illumina NovaSeq X,Heart_Mitral_Valve,fastq,GTOP-AK112-4022_1.fq.gz,4857.1,f8cdda2e-998f-4e71-ba21-8cc252bc96a8
GTOP-AK112,RNA-seq,Illumina NovaSeq X,Heart_Mitral_Valve,fastq,GTOP-AK112-4022_2.fq.gz,4862.3,c2e1e56e-6f0c-4d33-8af5-d2208c904cc5
GTOP-AK112,RNA-seq,Illumina NovaSeq X,Heart_Tricuspid_Valve,fastq,GTOP-AK112-4023_1.fq.gz,6189.1,a3e2b960-d726-4aab-bb38-b3d4172e0cdc
GTOP-AK112,RNA-seq,Illumina NovaSeq X,Heart_Tricuspid_Valve,fastq,GTOP-AK112-4023_2.fq.gz,6168.1,d6372f65-95d9-49a6-ba2a-0e513554b39d
GTOP-AK112,RNA-seq,Illumina NovaSeq X,Lung_Base,fastq,GTOP-AK112-5032_1.fq.gz,4467.7,d4786b97-deaf-40ab-85bd-3408fb569a6f
GTOP-AK112,RNA-seq,Illumina NovaSeq X,Lung_Base,fastq,GTOP-AK112-5032_2.fq.gz,4448.7,12a9a1f1-cf19-4775-9de4-ab71e5539e68
GTOP-AK112,RNA-seq,Illumina NovaSeq X,Lung_Apex,fastq,GTOP-AK112-5156_1.fq.gz,4638.5,9c6540f8-0237-4a29-b906-101277c74e10
GTOP-AK112,RNA-seq,Illumina NovaSeq X,Lung_Apex,fastq,GTOP-AK112-5156_2.fq.gz,4636.1,b514c97a-01f1-4f3a-866f-feab11bd218d
GTOP-AK112,RNA-seq,Illumina NovaSeq X,Skin,fastq,GTOP-AK112-0262_1.fq.gz,6021.3,f479dff2-c3f1-4b2b-9cae-39a860e0ea49
GTOP-AK112,RNA-seq,Illumina NovaSeq X,Skin,fastq,GTOP-AK112-0262_2.fq.gz,6110,a538dd81-6bc4-48c1-82e9-71c7cb961f9c
GTOP-AK221,RNA-seq,Illumina NovaSeq X,Adipose,fastq,GTOP-AK221-0160_1.fq.gz,4077.7,b5d10c5d-52fb-4ecb-96cd-d8e06eb3736b
GTOP-AK221,RNA-seq,Illumina NovaSeq X,Adipose,fastq,GTOP-AK221-0160_2.fq.gz,4066.1,3a26ed50-d258-49e2-800a-03ff78424e3e
GTOP-AK221,RNA-seq,Illumina NovaSeq X,Whole_Blood,fastq,GTOP-AK221-0378_1.fq.gz,4383.3,f417e29f-7ae6-4580-a66b-ce7713b29418
GTOP-AK221,RNA-seq,Illumina NovaSeq X,Whole_Blood,fastq,GTOP-AK221-0378_2.fq.gz,4439.5,0e14297e-2478-4376-9aab-78c9d3fcc512
GTOP-AK221,RNA-seq,Illumina NovaSeq X,Liver,fastq,GTOP-AK221-1053_1.fq.gz,3957.5,981fac7b-5ec3-4265-9620-54fe0e7f44fa
GTOP-AK221,RNA-seq,Illumina NovaSeq X,Liver,fastq,GTOP-AK221-1053_2.fq.gz,3978.1,d8cb95d7-55c7-4206-a640-5d7648c6cb34
GTOP-AK221,RNA-seq,Illumina NovaSeq X,Adrenal_Gland,fastq,GTOP-AK221-2099_1.fq.gz,3981,b097bfe2-ad6a-40f8-b146-e1e810f8568c
GTOP-AK221,RNA-seq,Illumina NovaSeq X,Adrenal_Gland,fastq,GTOP-AK221-2099_2.fq.gz,3946.9,3eac9c4c-266c-4fa8-bbe7-d6f33d281692
GTOP-AK231,RNA-seq,Illumina NovaSeq X,Muscle,fastq,GTOP-AK231-0087_1.fq.gz,4302.6,0f440f0a-f852-45cc-911a-029be1748c45
GTOP-AK231,RNA-seq,Illumina NovaSeq X,Muscle,fastq,GTOP-AK231-0087_2.fq.gz,4289.2,62bad58d-a677-49b9-9873-757583452ef3
GTOP-AK231,RNA-seq,Illumina NovaSeq X,Adipose,fastq,GTOP-AK231-0160_1.fq.gz,4649.9,b115f438-2842-459e-befa-5bf11452c35c
GTOP-AK231,RNA-seq,Illumina NovaSeq X,Adipose,fastq,GTOP-AK231-0160_2.fq.gz,4638.1,898e3bf1-2c0a-425b-b484-2f5daa138470
GTOP-AK231,RNA-seq,Illumina NovaSeq X,Skin,fastq,GTOP-AK231-0262_1.fq.gz,4019.6,32d92be5-c424-473d-b4ef-32e511fae935
GTOP-AK231,RNA-seq,Illumina NovaSeq X,Skin,fastq,GTOP-AK231-0262_2.fq.gz,3994.1,57c81b4e-f1c7-4bba-b67d-68dd47a6d018
GTOP-AK231,RNA-seq,Illumina NovaSeq X,Whole_Blood,fastq,GTOP-AK231-0378_1.fq.gz,3985.1,baa7e578-cfdd-4a88-8604-86b4c953c6d9
GTOP-AK231,RNA-seq,Illumina NovaSeq X,Whole_Blood,fastq,GTOP-AK231-0378_2.fq.gz,4029.7,ea47136b-88e8-4be7-b517-27e268e6d893
GTOP-AK231,RNA-seq,Illumina NovaSeq X,Liver,fastq,GTOP-AK231-1053_1.fq.gz,4164.8,2820f026-2604-4e0a-8c2d-f83de41da560
GTOP-AK231,RNA-seq,Illumina NovaSeq X,Liver,fastq,GTOP-AK231-1053_2.fq.gz,4156.7,59e62e77-ec75-45b4-b106-d82f9ecf007f
GTOP-AK231,RNA-seq,Illumina NovaSeq X,Pancreas_Head,fastq,GTOP-AK231-1108_1.fq.gz,3867.9,f6dee22f-4dee-4050-9450-78440876c2b1
GTOP-AK231,RNA-seq,Illumina NovaSeq X,Pancreas_Head,fastq,GTOP-AK231-1108_2.fq.gz,3866.7,b2eadff3-4a55-485d-a025-044f778fb414
GTOP-AK231,RNA-seq,Illumina NovaSeq X,Pancreas_Body,fastq,GTOP-AK231-1236_1.fq.gz,4067.9,800cbef1-4e0f-4b3a-b873-b0ab1f64058b
GTOP-AK231,RNA-seq,Illumina NovaSeq X,Pancreas_Body,fastq,GTOP-AK231-1236_2.fq.gz,4072,9be20da1-6e3d-492a-89c8-da5dbc7cc28d
GTOP-AK231,RNA-seq,Illumina NovaSeq X,Pancreas_Tail,fastq,GTOP-AK231-1392_1.fq.gz,3963.9,e0f06e02-e14d-4f67-966e-3e54e998b300
GTOP-AK231,RNA-seq,Illumina NovaSeq X,Pancreas_Tail,fastq,GTOP-AK231-1392_2.fq.gz,3962.3,c10a5f32-5248-4a2a-bc5d-e702bbf5113a
GTOP-AK231,RNA-seq,Illumina NovaSeq X,Esophagus,fastq,GTOP-AK231-1710_1.fq.gz,3938.5,d0e1b485-cd0d-453e-b0d3-eaf24b14c977
GTOP-AK231,RNA-seq,Illumina NovaSeq X,Esophagus,fastq,GTOP-AK231-1710_2.fq.gz,3936.5,54c9bf5f-5e56-439f-9d90-6ea2a63d7a80
GTOP-AK231,RNA-seq,Illumina NovaSeq X,Spleen,fastq,GTOP-AK231-3082_1.fq.gz,4246.8,0d76e081-af43-4e36-bdca-fe78bf1240a2
GTOP-AK231,RNA-seq,Illumina NovaSeq X,Spleen,fastq,GTOP-AK231-3082_2.fq.gz,4300,e79afd60-0c15-4a45-9604-ac8f13692c7c
GTOP-AK231,RNA-seq,Illumina NovaSeq X,Heart_Left_Ventricle,fastq,GTOP-AK231-4002_1.fq.gz,3877.9,379f2d39-1564-44d2-9ab7-ff38a714c856
GTOP-AK231,RNA-seq,Illumina NovaSeq X,Heart_Left_Ventricle,fastq,GTOP-AK231-4002_2.fq.gz,3866.9,64ac10c9-d531-4d8b-a200-71013edadc3d
GTOP-AK231,RNA-seq,Illumina NovaSeq X,Heart_Right_Ventricle,fastq,GTOP-AK231-4003_1.fq.gz,4023.3,60b0803f-620e-4640-b2d6-ce1b876247c4
GTOP-AK231,RNA-seq,Illumina NovaSeq X,Heart_Right_Ventricle,fastq,GTOP-AK231-4003_2.fq.gz,3995.8,ff8ab2e3-9482-4b86-9044-5142774fa182
GTOP-AK231,RNA-seq,Illumina NovaSeq X,Heart_Right_Atrium,fastq,GTOP-AK231-4018_1.fq.gz,3920.8,5025727a-05a0-4dc3-bbc9-b0aca81fca4d
GTOP-AK231,RNA-seq,Illumina NovaSeq X,Heart_Right_Atrium,fastq,GTOP-AK231-4018_2.fq.gz,3922.6,70f1fa7a-ecc6-4ca6-9599-d4ac5937f7a3
GTOP-AK231,RNA-seq,Illumina NovaSeq X,Heart_Left_Atrium,fastq,GTOP-AK231-4019_1.fq.gz,3891.6,bd55d44a-89f5-4888-a420-c962d852c162
GTOP-AK231,RNA-seq,Illumina NovaSeq X,Heart_Left_Atrium,fastq,GTOP-AK231-4019_2.fq.gz,3896.4,7a4015cc-1045-4186-b0db-0e441de297dc
GTOP-AK231,RNA-seq,Illumina NovaSeq X,Heart_Mitral_Valve,fastq,GTOP-AK231-4022_1.fq.gz,4042.9,3113d34f-aa81-435e-960c-1bfebbff4d20
GTOP-AK231,RNA-seq,Illumina NovaSeq X,Heart_Mitral_Valve,fastq,GTOP-AK231-4022_2.fq.gz,3976.7,1e0bb281-1ff1-414a-8cca-f4ea46fe2ec2
GTOP-AK231,RNA-seq,Illumina NovaSeq X,Heart_Tricuspid_Valve,fastq,GTOP-AK231-4023_1.fq.gz,3919,05c19910-a0d3-48e9-bb28-64b4386d7b58
GTOP-AK231,RNA-seq,Illumina NovaSeq X,Heart_Tricuspid_Valve,fastq,GTOP-AK231-4023_2.fq.gz,3873.7,e3dd99bf-b2a8-49e8-848e-dd5516f9fd38
GTOP-AK231,RNA-seq,Illumina NovaSeq X,Thoracic_Aorta,fastq,GTOP-AK231-4149_1.fq.gz,4069.1,74e4fe93-4ff6-4dda-a60e-4aeb1dc6fe6d
GTOP-AK231,RNA-seq,Illumina NovaSeq X,Thoracic_Aorta,fastq,GTOP-AK231-4149_2.fq.gz,4057.4,3cc7b07a-eecb-49bd-8857-14ab0dc52003
GTOP-AK231,RNA-seq,Illumina NovaSeq X,Aortic_Arch,fastq,GTOP-AK231-4155_1.fq.gz,4307.6,5e7cf97c-cba5-44b4-917e-1ed7e0056ace
GTOP-AK231,RNA-seq,Illumina NovaSeq X,Aortic_Arch,fastq,GTOP-AK231-4155_2.fq.gz,4299.9,cde6c7a2-2f8d-40ef-9bc1-6517f9a2c9b4
GTOP-AK231,RNA-seq,Illumina NovaSeq X,Lung_Base,fastq,GTOP-AK231-5032_1.fq.gz,3978.2,89dba86f-5a14-43fa-a3c7-45571402cf04
GTOP-AK231,RNA-seq,Illumina NovaSeq X,Lung_Base,fastq,GTOP-AK231-5032_2.fq.gz,3993.1,f49b2273-51c2-47f7-b69c-ef5801b08859
GTOP-AK281,RNA-seq,Illumina NovaSeq X,Adipose,fastq,GTOP-AK281-0160_1.fq.gz,4477.6,b5ad7762-b50e-4033-ae57-ad02a12cfa1e
GTOP-AK281,RNA-seq,Illumina NovaSeq X,Adipose,fastq,GTOP-AK281-0160_2.fq.gz,4491.2,c5ff0c30-6ac2-4893-8680-c5bc389846e0
GTOP-AK281,RNA-seq,Illumina NovaSeq X,Whole_Blood,fastq,GTOP-AK281-0378_1.fq.gz,3292.6,e874bbbd-016b-4ba6-a423-469a3bf1f603
GTOP-AK281,RNA-seq,Illumina NovaSeq X,Whole_Blood,fastq,GTOP-AK281-0378_2.fq.gz,3333.2,19853a07-7556-43ab-82ef-844d71f18554
GTOP-AK281,RNA-seq,Illumina NovaSeq X,Liver,fastq,GTOP-AK281-1053_1.fq.gz,3933.4,e913ab26-85f7-471d-aa60-e57d9acabdfc
GTOP-AK281,RNA-seq,Illumina NovaSeq X,Liver,fastq,GTOP-AK281-1053_2.fq.gz,3947.3,810509e1-6ac1-4aa5-92ab-8140e3e094d8
GTOP-AK281,RNA-seq,Illumina NovaSeq X,Pancreas_Head,fastq,GTOP-AK281-1108_1.fq.gz,3967.2,9250cae3-9f0e-42a9-8b50-88aac182aea2
GTOP-AK281,RNA-seq,Illumina NovaSeq X,Pancreas_Head,fastq,GTOP-AK281-1108_2.fq.gz,3953.5,afef2401-852f-4ff0-bd9d-18896df7384d
GTOP-AK281,RNA-seq,Illumina NovaSeq X,Pancreas_Body,fastq,GTOP-AK281-1236_1.fq.gz,3779,e8383f2c-0d77-4932-9150-843626d55f3e
GTOP-AK281,RNA-seq,Illumina NovaSeq X,Pancreas_Body,fastq,GTOP-AK281-1236_2.fq.gz,3796.1,d98b4931-3cf2-45c3-82a1-b7cf51ddaff4
GTOP-AK281,RNA-seq,Illumina NovaSeq X,Pancreas_Tail,fastq,GTOP-AK281-1392_1.fq.gz,4022.2,68f09352-7993-4ae4-a351-b66e5a2d3014
GTOP-AK281,RNA-seq,Illumina NovaSeq X,Pancreas_Tail,fastq,GTOP-AK281-1392_2.fq.gz,4030.9,4c6ec7c6-f275-4074-82f7-5e0e04e47e81
GTOP-AK281,RNA-seq,Illumina NovaSeq X,Adrenal_Gland,fastq,GTOP-AK281-2099_1.fq.gz,3740.5,71d6db44-ffc7-4507-8cac-99b66ba05e81
GTOP-AK281,RNA-seq,Illumina NovaSeq X,Adrenal_Gland,fastq,GTOP-AK281-2099_2.fq.gz,3729.8,5cadf751-f672-49f0-94bc-8ef809a39aa3
GTOP-AL091,RNA-seq,Illumina NovaSeq X,Adipose,fastq,GTOP-AL091-0160_1.fq.gz,3930.9,c5878e29-0ea6-406d-9e4c-21a621e8fc23
GTOP-AL091,RNA-seq,Illumina NovaSeq X,Adipose,fastq,GTOP-AL091-0160_2.fq.gz,3927.8,139f7f96-7ed6-40c9-bc7d-c8ed62ee3748
GTOP-AL091,RNA-seq,Illumina NovaSeq X,Whole_Blood,fastq,GTOP-AL091-0378_1.fq.gz,3912.5,2573b50f-9119-42c6-abfd-6ade021a7fc2
GTOP-AL091,RNA-seq,Illumina NovaSeq X,Whole_Blood,fastq,GTOP-AL091-0378_2.fq.gz,3994.5,7879f960-0a4e-4791-8c14-3921b303ade5
GTOP-AL091,RNA-seq,Illumina NovaSeq X,Liver,fastq,GTOP-AL091-1053_1.fq.gz,3922,aa3ed183-718e-4435-b461-87017b83f435
GTOP-AL091,RNA-seq,Illumina NovaSeq X,Liver,fastq,GTOP-AL091-1053_2.fq.gz,3927.8,df2247e0-7124-4a27-b920-6f4567c8ca7f
GTOP-AL091,RNA-seq,Illumina NovaSeq X,Gallbladder,fastq,GTOP-AL091-1856_1.fq.gz,6102.2,5d333b81-5417-4ae7-907e-d7eb157294e2
GTOP-AL091,RNA-seq,Illumina NovaSeq X,Gallbladder,fastq,GTOP-AL091-1856_2.fq.gz,6139.9,603c09b4-099a-4a9f-ae2e-d0bf700e1ffd
GTOP-AL091,RNA-seq,Illumina NovaSeq X,Adrenal_Gland,fastq,GTOP-AL091-2099_1.fq.gz,4112.9,c9fe42ce-8d12-4b02-aab5-0a4039484e6e
GTOP-AL091,RNA-seq,Illumina NovaSeq X,Adrenal_Gland,fastq,GTOP-AL091-2099_2.fq.gz,4158.2,4568c465-11ad-44e3-b5cd-15f23270081c
GTOP-AL121,RNA-seq,Illumina NovaSeq X,Adipose,fastq,GTOP-AL121-0160_1.fq.gz,4009.4,de7965ef-caaf-4634-93fc-1679c91f4c98
GTOP-AL121,RNA-seq,Illumina NovaSeq X,Adipose,fastq,GTOP-AL121-0160_2.fq.gz,4003.6,7a2cfd58-1270-486d-a51c-35f3dbf79b77
GTOP-AL121,RNA-seq,Illumina NovaSeq X,Whole_Blood,fastq,GTOP-AL121-0378_1.fq.gz,4134.8,a96f7fe1-6132-485b-abfb-1050a7b62f27
GTOP-AL121,RNA-seq,Illumina NovaSeq X,Whole_Blood,fastq,GTOP-AL121-0378_2.fq.gz,4186.1,a60dc604-97c8-4ae2-955c-f1bc826a5db2
GTOP-AL121,RNA-seq,Illumina NovaSeq X,Liver,fastq,GTOP-AL121-1053_1.fq.gz,3965,eba3adae-9e8b-4d1a-b3e1-8705fca20fbb
GTOP-AL121,RNA-seq,Illumina NovaSeq X,Liver,fastq,GTOP-AL121-1053_2.fq.gz,3962.3,7968a3fb-f2fb-4543-b548-8ea6c70afdf5
GTOP-AL121,RNA-seq,Illumina NovaSeq X,Pancreas_Head,fastq,GTOP-AL121-1108_1.fq.gz,4151.5,11690435-6fb3-4116-a568-1e5b314a8449
GTOP-AL121,RNA-seq,Illumina NovaSeq X,Pancreas_Head,fastq,GTOP-AL121-1108_2.fq.gz,4189.2,f462721f-eddf-4801-922e-c527087c1a9d
GTOP-AL121,RNA-seq,Illumina NovaSeq X,Pancreas_Body,fastq,GTOP-AL121-1236_1.fq.gz,3991.2,ab170d4b-ed03-4137-9993-e4cf5086c67b
GTOP-AL121,RNA-seq,Illumina NovaSeq X,Pancreas_Body,fastq,GTOP-AL121-1236_2.fq.gz,3999.7,d83aeaa0-6ed4-47d2-afb5-087412bc711a
GTOP-AL121,RNA-seq,Illumina NovaSeq X,Pancreas_Tail,fastq,GTOP-AL121-1392_1.fq.gz,3946.2,62c1bd53-2bdf-422d-93c2-6c38ad301096
GTOP-AL121,RNA-seq,Illumina NovaSeq X,Pancreas_Tail,fastq,GTOP-AL121-1392_2.fq.gz,3965,71492b65-7c5d-4ccd-8323-d4e0e5ee8170
GTOP-AL121,RNA-seq,Illumina NovaSeq X,Gallbladder,fastq,GTOP-AL121-1856_1.fq.gz,3886.9,225c7d0f-7ecd-4641-99bb-43208b65ab51
GTOP-AL121,RNA-seq,Illumina NovaSeq X,Gallbladder,fastq,GTOP-AL121-1856_2.fq.gz,3863.7,37ad37f7-e65f-42d7-981e-b4aeb79ff54e
GTOP-AL121,RNA-seq,Illumina NovaSeq X,Adrenal_Gland,fastq,GTOP-AL121-2099_1.fq.gz,3860,a5dd844b-d083-4850-8695-bc8820cb5ec9
GTOP-AL121,RNA-seq,Illumina NovaSeq X,Adrenal_Gland,fastq,GTOP-AL121-2099_2.fq.gz,3867.6,cf052b79-73ca-4cff-a154-c6ed28480254
GTOP-AL271,RNA-seq,Illumina NovaSeq X,Adipose,fastq,GTOP-AL271-0160_1.fq.gz,4082.8,4c73391c-a68a-4726-9a39-f0fa42a6342b
GTOP-AL271,RNA-seq,Illumina NovaSeq X,Adipose,fastq,GTOP-AL271-0160_2.fq.gz,4098.2,2beac14a-da0e-4758-927e-b580d42b095c
GTOP-AL271,RNA-seq,Illumina NovaSeq X,Whole_Blood,fastq,GTOP-AL271-0378_1.fq.gz,4053.9,4439b282-0971-4e14-96ae-313a862c7067
GTOP-AL271,RNA-seq,Illumina NovaSeq X,Whole_Blood,fastq,GTOP-AL271-0378_2.fq.gz,4083.9,f12a097e-627b-4704-9924-39d02f7b81bc
GTOP-AL271,RNA-seq,Illumina NovaSeq X,Liver,fastq,GTOP-AL271-1053_1.fq.gz,3895.3,077a2ea5-6e29-4341-8d91-5b7fb50867e7
GTOP-AL271,RNA-seq,Illumina NovaSeq X,Liver,fastq,GTOP-AL271-1053_2.fq.gz,3912.3,b9e7dc65-a17a-4c04-bc53-1cfa14a75f07
GTOP-AL271,RNA-seq,Illumina NovaSeq X,Pancreas_Head,fastq,GTOP-AL271-1108_1.fq.gz,3831.9,1fbcb371-3212-44bb-a71e-7bb45224123a
GTOP-AL271,RNA-seq,Illumina NovaSeq X,Pancreas_Head,fastq,GTOP-AL271-1108_2.fq.gz,3840.7,f3a9850c-2494-408f-b9f4-fc48b97ec74f
GTOP-AL271,RNA-seq,Illumina NovaSeq X,Pancreas_Body,fastq,GTOP-AL271-1236_1.fq.gz,3750.8,5756bee3-6a94-446a-a665-6c088bfc6737
GTOP-AL271,RNA-seq,Illumina NovaSeq X,Pancreas_Body,fastq,GTOP-AL271-1236_2.fq.gz,3789,db1e8276-c638-4eda-868c-29b153f018fe
GTOP-AL271,RNA-seq,Illumina NovaSeq X,Pancreas_Tail,fastq,GTOP-AL271-1392_1.fq.gz,3926.8,016a478f-1dab-4a27-87f8-ae7b00ab3ae7
GTOP-AL271,RNA-seq,Illumina NovaSeq X,Pancreas_Tail,fastq,GTOP-AL271-1392_2.fq.gz,3953.7,0eb5a792-e363-4aa9-afd5-b6d38ba98f00
GTOP-AL271,RNA-seq,Illumina NovaSeq X,Gallbladder,fastq,GTOP-AL271-1856_1.fq.gz,4039.7,68f4b658-d042-4e29-9cb0-5de4751cd50e
GTOP-AL271,RNA-seq,Illumina NovaSeq X,Gallbladder,fastq,GTOP-AL271-1856_2.fq.gz,4060.5,d518281d-7164-4224-bd5a-24cf078441e5
GTOP-AL271,RNA-seq,Illumina NovaSeq X,Adrenal_Gland,fastq,GTOP-AL271-2099_1.fq.gz,3908.4,ac265f34-c50a-44f9-887e-234ef56a6586
GTOP-AL271,RNA-seq,Illumina NovaSeq X,Adrenal_Gland,fastq,GTOP-AL271-2099_2.fq.gz,3931.1,bc50a8c5-1a7a-41e6-977c-0f925aa874e1
GTOP-BA041,RNA-seq,Illumina NovaSeq X,Adipose,fastq,GTOP-BA041-0160_1.fq.gz,3929.7,1d94b70f-bf97-4ce3-ac42-33bdda736551
GTOP-BA041,RNA-seq,Illumina NovaSeq X,Adipose,fastq,GTOP-BA041-0160_2.fq.gz,3948,706b60af-f9f0-4487-a72b-3c1bd9e41c5c
GTOP-BA041,RNA-seq,Illumina NovaSeq X,Whole_Blood,fastq,GTOP-BA041-0378_1.fq.gz,3798.5,9fcb2ff8-c790-49c4-9b90-fe6ba393f4c1
GTOP-BA041,RNA-seq,Illumina NovaSeq X,Whole_Blood,fastq,GTOP-BA041-0378_2.fq.gz,3832.6,8867e17f-aca6-4d33-b90a-975470e10f5c
GTOP-BA041,RNA-seq,Illumina NovaSeq X,Liver,fastq,GTOP-BA041-1053_1.fq.gz,4201.7,c5c9956e-9faa-4c4f-a376-b26433a5d930
GTOP-BA041,RNA-seq,Illumina NovaSeq X,Liver,fastq,GTOP-BA041-1053_2.fq.gz,4230.6,a631a6e6-9be8-48e0-9681-8cb1a9f41ec0
GTOP-BA041,RNA-seq,Illumina NovaSeq X,Pancreas_Head,fastq,GTOP-BA041-1108_1.fq.gz,4568.4,4228bbac-1f50-4615-87fa-be3486a7ba16
GTOP-BA041,RNA-seq,Illumina NovaSeq X,Pancreas_Head,fastq,GTOP-BA041-1108_2.fq.gz,4594.7,ad9718ee-2773-4be7-8e5a-431303e7f8b2
GTOP-BA041,RNA-seq,Illumina NovaSeq X,Pancreas_Body,fastq,GTOP-BA041-1236_1.fq.gz,4498.6,e9282f7b-d673-4974-8ea1-60343ac19bd3
GTOP-BA041,RNA-seq,Illumina NovaSeq X,Pancreas_Body,fastq,GTOP-BA041-1236_2.fq.gz,4517.2,7ccca08a-ba8a-436d-b545-3a2604702a85
GTOP-BA041,RNA-seq,Illumina NovaSeq X,Pancreas_Tail,fastq,GTOP-BA041-1392_1.fq.gz,4779.2,282fee82-abc0-4f4e-ba78-47fff1fd7b4b
GTOP-BA041,RNA-seq,Illumina NovaSeq X,Pancreas_Tail,fastq,GTOP-BA041-1392_2.fq.gz,4812,1e1d18c8-2ee0-4c82-b916-a103a447cd4f
GTOP-BA041,RNA-seq,Illumina NovaSeq X,Adrenal_Gland,fastq,GTOP-BA041-2099_1.fq.gz,3820.4,48372d4f-d0d7-46dc-8b8e-abc84b9151f4
GTOP-BA041,RNA-seq,Illumina NovaSeq X,Adrenal_Gland,fastq,GTOP-BA041-2099_2.fq.gz,3823.3,88633905-ec5b-4622-8e86-3d489ea225f7
GTOP-BA081,RNA-seq,Illumina NovaSeq X,Adipose,fastq,GTOP-BA081-0160_1.fq.gz,3912.6,d2eee787-c1e5-450e-a5d6-58a66803a663
GTOP-BA081,RNA-seq,Illumina NovaSeq X,Adipose,fastq,GTOP-BA081-0160_2.fq.gz,3936,43551c0e-b322-4c12-b568-2c78e5ffc252
GTOP-BA081,RNA-seq,Illumina NovaSeq X,Whole_Blood,fastq,GTOP-BA081-0378_1.fq.gz,4185.5,b36ffcef-99bb-4713-8fda-4203a5e9c9f8
GTOP-BA081,RNA-seq,Illumina NovaSeq X,Whole_Blood,fastq,GTOP-BA081-0378_2.fq.gz,4215.1,b2b6736f-9a03-4dc3-be7c-76f319ba69b7
GTOP-BA081,RNA-seq,Illumina NovaSeq X,Pancreas_Head,fastq,GTOP-BA081-1108_1.fq.gz,3871.4,edcccd33-25f1-404b-bdb8-68f6414e3f54
GTOP-BA081,RNA-seq,Illumina NovaSeq X,Pancreas_Head,fastq,GTOP-BA081-1108_2.fq.gz,3910.6,80d3828f-152a-4d11-82cd-d438bc6ddab1
GTOP-BA081,RNA-seq,Illumina NovaSeq X,Pancreas_Body,fastq,GTOP-BA081-1236_1.fq.gz,4014.4,d86e8e07-9a11-422a-87c0-730510ab58ac
GTOP-BA081,RNA-seq,Illumina NovaSeq X,Pancreas_Body,fastq,GTOP-BA081-1236_2.fq.gz,4057.1,51b668ba-e34d-496b-879c-78657e28a7cc
GTOP-BA081,RNA-seq,Illumina NovaSeq X,Pancreas_Tail,fastq,GTOP-BA081-1392_1.fq.gz,4030.5,89f854ca-7530-4e5b-a88f-39ee7a89a5fe
GTOP-BA081,RNA-seq,Illumina NovaSeq X,Pancreas_Tail,fastq,GTOP-BA081-1392_2.fq.gz,4076.9,02a2a615-e062-4874-bba2-47245a60f393
GTOP-BA081,RNA-seq,Illumina NovaSeq X,Gallbladder,fastq,GTOP-BA081-1856_1.fq.gz,4047.6,1b45eaf5-b80e-44e1-8ded-f7638da3d9d7
GTOP-BA081,RNA-seq,Illumina NovaSeq X,Gallbladder,fastq,GTOP-BA081-1856_2.fq.gz,4062.5,0ea60309-8a39-426c-be83-d1ef47a7761e
GTOP-BA082,RNA-seq,Illumina NovaSeq X,Adipose,fastq,GTOP-BA082-0160_1.fq.gz,3813.8,b52d37e2-c1c6-4adb-999b-443774e45519
GTOP-BA082,RNA-seq,Illumina NovaSeq X,Adipose,fastq,GTOP-BA082-0160_2.fq.gz,3826.8,bc70d8ba-af36-4e59-a725-ec8dca887225
GTOP-BA082,RNA-seq,Illumina NovaSeq X,Whole_Blood,fastq,GTOP-BA082-0378_1.fq.gz,4534.6,defb252f-2ab5-4047-adcc-36b1c304dba4
GTOP-BA082,RNA-seq,Illumina NovaSeq X,Whole_Blood,fastq,GTOP-BA082-0378_2.fq.gz,4569.5,2ae5ea91-a684-48a7-abb4-c8801fa44bb9
GTOP-BA082,RNA-seq,Illumina NovaSeq X,Liver,fastq,GTOP-BA082-1053_1.fq.gz,3958.5,51436f6f-f1c3-44dd-8d3b-1c48af588504
GTOP-BA082,RNA-seq,Illumina NovaSeq X,Liver,fastq,GTOP-BA082-1053_2.fq.gz,3987.1,66a9c92d-aa31-4728-9d25-262f45784d15
GTOP-BA082,RNA-seq,Illumina NovaSeq X,Pancreas_Head,fastq,GTOP-BA082-1108_1.fq.gz,3834.2,81c9240d-73c8-45fc-bca8-60292f8de728
GTOP-BA082,RNA-seq,Illumina NovaSeq X,Pancreas_Head,fastq,GTOP-BA082-1108_2.fq.gz,3850.2,31db7511-c711-4227-80a9-51f702d3a4df
GTOP-BA082,RNA-seq,Illumina NovaSeq X,Pancreas_Body,fastq,GTOP-BA082-1236_1.fq.gz,3667.4,4e17fe31-d9b3-450b-8e6d-4ad69e970150
GTOP-BA082,RNA-seq,Illumina NovaSeq X,Pancreas_Body,fastq,GTOP-BA082-1236_2.fq.gz,3744.9,c28af520-3dce-4414-b942-463276a7ac1f
GTOP-BA082,RNA-seq,Illumina NovaSeq X,Pancreas_Tail,fastq,GTOP-BA082-1392_1.fq.gz,3778.9,c814a9c5-8282-408a-a950-df9e089eaedd
GTOP-BA082,RNA-seq,Illumina NovaSeq X,Pancreas_Tail,fastq,GTOP-BA082-1392_2.fq.gz,3819.9,b08a2034-93b9-4990-a8c9-e8f162b0da3d
GTOP-BA082,RNA-seq,Illumina NovaSeq X,Gallbladder,fastq,GTOP-BA082-1856_1.fq.gz,3987,b4a9a49f-476f-4643-b9f5-dbf6818df6b7
GTOP-BA082,RNA-seq,Illumina NovaSeq X,Gallbladder,fastq,GTOP-BA082-1856_2.fq.gz,3986,f6d59a43-f1e3-4237-97d3-ed494179a5f8
GTOP-BA082,RNA-seq,Illumina NovaSeq X,Adrenal_Gland,fastq,GTOP-BA082-2099_1.fq.gz,3490,dfd0fea3-1148-4434-81f4-fa8324772fb8
GTOP-BA082,RNA-seq,Illumina NovaSeq X,Adrenal_Gland,fastq,GTOP-BA082-2099_2.fq.gz,3541.6,317f8c0e-ce8d-409c-9d7a-52769c9c03b8
GTOP-BA091,RNA-seq,Illumina NovaSeq X,Adipose,fastq,GTOP-BA091-0160_1.fq.gz,4006.4,5e80eea1-ab93-4794-9c73-5158669616c8
GTOP-BA091,RNA-seq,Illumina NovaSeq X,Adipose,fastq,GTOP-BA091-0160_2.fq.gz,4013.8,c524e568-4eef-4647-bf7e-7b9209099362
GTOP-BA091,RNA-seq,Illumina NovaSeq X,Whole_Blood,fastq,GTOP-BA091-0378_1.fq.gz,5408.7,830f5392-fa02-4475-866e-9d422eb65630
GTOP-BA091,RNA-seq,Illumina NovaSeq X,Whole_Blood,fastq,GTOP-BA091-0378_2.fq.gz,5449.8,86b2410c-1b90-4253-844b-4f400ccc6c9e
GTOP-BA091,RNA-seq,Illumina NovaSeq X,Liver,fastq,GTOP-BA091-1053_1.fq.gz,3959.5,a9bcd0a8-eb9f-42b7-b1e9-0fbe650f247b
GTOP-BA091,RNA-seq,Illumina NovaSeq X,Liver,fastq,GTOP-BA091-1053_2.fq.gz,4002.6,8cba4c66-04f8-4cf2-b907-6d6c495698a4
GTOP-BA091,RNA-seq,Illumina NovaSeq X,Pancreas_Head,fastq,GTOP-BA091-1108_1.fq.gz,4501.5,b9ed538a-4b19-4f75-80a5-f606211359b5
GTOP-BA091,RNA-seq,Illumina NovaSeq X,Pancreas_Head,fastq,GTOP-BA091-1108_2.fq.gz,4524.1,967ed984-5473-4bce-bd8b-a5708594044b
GTOP-BA091,RNA-seq,Illumina NovaSeq X,Pancreas_Body,fastq,GTOP-BA091-1236_1.fq.gz,3775,31c7aed1-324f-4a95-90b8-03bbce32db72
GTOP-BA091,RNA-seq,Illumina NovaSeq X,Pancreas_Body,fastq,GTOP-BA091-1236_2.fq.gz,3832.8,1a925f1f-6a1e-4c55-ab6c-f701ee4f44b7
GTOP-BA091,RNA-seq,Illumina NovaSeq X,Pancreas_Tail,fastq,GTOP-BA091-1392_1.fq.gz,3875.5,0d35f7bb-a7e7-4855-98f1-b9eef0b5ce0c
GTOP-BA091,RNA-seq,Illumina NovaSeq X,Pancreas_Tail,fastq,GTOP-BA091-1392_2.fq.gz,3899.6,73e9d38b-8a73-480e-8e58-b871c5df1413
GTOP-BA091,RNA-seq,Illumina NovaSeq X,Adrenal_Gland,fastq,GTOP-BA091-2099_1.fq.gz,3912.9,9896f437-74a4-49ab-aff5-1d74bb25fd2b
GTOP-BA091,RNA-seq,Illumina NovaSeq X,Adrenal_Gland,fastq,GTOP-BA091-2099_2.fq.gz,3923.4,0c6663d8-fcef-489a-b6fb-75d368991d0b
GTOP-BA101,RNA-seq,Illumina NovaSeq X,Adipose,fastq,GTOP-BA101-0160_1.fq.gz,4132.2,6ceba51d-f84d-4407-b742-0f4ae2b31fef
GTOP-BA101,RNA-seq,Illumina NovaSeq X,Adipose,fastq,GTOP-BA101-0160_2.fq.gz,4147.5,3c72d681-ea56-497d-9ca7-7b4d0384081d
GTOP-BA101,RNA-seq,Illumina NovaSeq X,Whole_Blood,fastq,GTOP-BA101-0378_1.fq.gz,3785.8,081ddbf8-2ae8-40bf-9f8b-210eb31157d2
GTOP-BA101,RNA-seq,Illumina NovaSeq X,Whole_Blood,fastq,GTOP-BA101-0378_2.fq.gz,3839.5,4c42b6eb-1904-4d22-899d-5a89d81f1cd5
GTOP-BA101,RNA-seq,Illumina NovaSeq X,Pancreas_Head,fastq,GTOP-BA101-1108_1.fq.gz,3803.4,315c49cc-182c-4a1c-aa40-16b05e37df03
GTOP-BA101,RNA-seq,Illumina NovaSeq X,Pancreas_Head,fastq,GTOP-BA101-1108_2.fq.gz,3823.5,7c2f93da-f937-431b-b849-0c91b8aba310
GTOP-BA101,RNA-seq,Illumina NovaSeq X,Pancreas_Tail,fastq,GTOP-BA101-1392_1.fq.gz,4680.9,05d3ea80-ce69-4537-b501-f665367c3351
GTOP-BA101,RNA-seq,Illumina NovaSeq X,Pancreas_Tail,fastq,GTOP-BA101-1392_2.fq.gz,4721.2,ee743b43-753c-4dd9-89eb-55aba8a35b7e
GTOP-BA101,RNA-seq,Illumina NovaSeq X,Gallbladder,fastq,GTOP-BA101-1856_1.fq.gz,4468.3,e0c47140-9c8b-4c85-8f33-cbd50f4956a7
GTOP-BA101,RNA-seq,Illumina NovaSeq X,Gallbladder,fastq,GTOP-BA101-1856_2.fq.gz,4487.2,47606183-a39d-4110-9908-55c16883f90f
GTOP-BA101,RNA-seq,Illumina NovaSeq X,Adrenal_Gland,fastq,GTOP-BA101-2099_1.fq.gz,4823.3,d0c8d7fb-4542-4066-a873-6c8990b23eff
GTOP-BA101,RNA-seq,Illumina NovaSeq X,Adrenal_Gland,fastq,GTOP-BA101-2099_2.fq.gz,4850.3,deb9459c-6431-4963-90e1-b5dda1c02547
GTOP-BA102,RNA-seq,Illumina NovaSeq X,Adipose,fastq,GTOP-BA102-0160_1.fq.gz,4759.8,7de85917-3fd9-4bb1-8eff-203328f5579b
GTOP-BA102,RNA-seq,Illumina NovaSeq X,Adipose,fastq,GTOP-BA102-0160_2.fq.gz,4793.9,9625fc57-95dc-423d-945e-27d7e66fc19c
GTOP-BA102,RNA-seq,Illumina NovaSeq X,Whole_Blood,fastq,GTOP-BA102-0378_1.fq.gz,3998.3,0459414e-77ab-4115-be8d-d8f86f1b52d6
GTOP-BA102,RNA-seq,Illumina NovaSeq X,Whole_Blood,fastq,GTOP-BA102-0378_2.fq.gz,4014.9,e02a609e-b624-448d-ae4c-770ba8a3465d
GTOP-BA102,RNA-seq,Illumina NovaSeq X,Liver,fastq,GTOP-BA102-1053_1.fq.gz,4266.8,c92f5ffb-a43c-4f83-9566-d82254546298
GTOP-BA102,RNA-seq,Illumina NovaSeq X,Liver,fastq,GTOP-BA102-1053_2.fq.gz,4291.1,1873163c-8df6-459f-80d4-cd21eea314ec
GTOP-BA102,RNA-seq,Illumina NovaSeq X,Pancreas_Head,fastq,GTOP-BA102-1108_1.fq.gz,4736.5,06119eb8-04d7-45cc-8d89-3d527cee2485
GTOP-BA102,RNA-seq,Illumina NovaSeq X,Pancreas_Head,fastq,GTOP-BA102-1108_2.fq.gz,4764.6,785c335c-1abc-499e-98ad-85ce01fe9776
GTOP-BA102,RNA-seq,Illumina NovaSeq X,Pancreas_Tail,fastq,GTOP-BA102-1392_1.fq.gz,4713.9,8d30db03-741a-4eea-80f7-9afeb7051968
GTOP-BA102,RNA-seq,Illumina NovaSeq X,Pancreas_Tail,fastq,GTOP-BA102-1392_2.fq.gz,4775.2,e511c5c7-151d-44b7-aa7b-e05be27fd2e0
GTOP-BA102,RNA-seq,Illumina NovaSeq X,Gallbladder,fastq,GTOP-BA102-1856_1.fq.gz,4381.2,c903798c-dba2-4f78-907b-6a9f7c40a5e0
GTOP-BA102,RNA-seq,Illumina NovaSeq X,Gallbladder,fastq,GTOP-BA102-1856_2.fq.gz,4401.9,06f65e03-2a70-4fd6-a23b-32aab814c45a
GTOP-BA102,RNA-seq,Illumina NovaSeq X,Adrenal_Gland,fastq,GTOP-BA102-2099_1.fq.gz,4200.2,593cbcc3-b992-4e2a-9afa-65b184022224
GTOP-BA102,RNA-seq,Illumina NovaSeq X,Adrenal_Gland,fastq,GTOP-BA102-2099_2.fq.gz,4223.8,67e115e5-495b-4ca0-bbfd-0ec6cc8c755e
GTOP-BA131,RNA-seq,Illumina NovaSeq X,Adipose,fastq,GTOP-BA131-0160_1.fq.gz,4403,f3d7ebc2-2fb1-4359-99fe-25bcd9572183
GTOP-BA131,RNA-seq,Illumina NovaSeq X,Adipose,fastq,GTOP-BA131-0160_2.fq.gz,4444.5,cda2aa93-f861-41a7-a14e-8dd510e4e58f
GTOP-BA131,RNA-seq,Illumina NovaSeq X,Whole_Blood,fastq,GTOP-BA131-0378_1.fq.gz,3730.7,83387cab-31ff-42e4-a62f-bcb64a7cfa0b
GTOP-BA131,RNA-seq,Illumina NovaSeq X,Whole_Blood,fastq,GTOP-BA131-0378_2.fq.gz,3763.3,d4bc580c-55b6-4fed-b72d-d8c0046f6a84
GTOP-BA131,RNA-seq,Illumina NovaSeq X,Liver,fastq,GTOP-BA131-1053_1.fq.gz,4689.4,1f6dc7d2-ebeb-4b1d-b634-7b7bc4d4572f
GTOP-BA131,RNA-seq,Illumina NovaSeq X,Liver,fastq,GTOP-BA131-1053_2.fq.gz,4719.7,8c3a7eda-3794-4c1d-84da-805cdbcf7a07
GTOP-BA131,RNA-seq,Illumina NovaSeq X,Pancreas_Head,fastq,GTOP-BA131-1108_1.fq.gz,4221.4,e2d71f90-c30a-4449-88d2-85566f40906e
GTOP-BA131,RNA-seq,Illumina NovaSeq X,Pancreas_Head,fastq,GTOP-BA131-1108_2.fq.gz,4285.8,79ef16ac-f757-4f93-9076-421a076fcea5
GTOP-BA131,RNA-seq,Illumina NovaSeq X,Pancreas_Body,fastq,GTOP-BA131-1236_1.fq.gz,4995.4,e593a03c-3829-4128-961f-8a4cf605aa73
GTOP-BA131,RNA-seq,Illumina NovaSeq X,Pancreas_Body,fastq,GTOP-BA131-1236_2.fq.gz,5074.3,2f63e78f-94db-422a-a3b5-6b1759b78318
GTOP-BA131,RNA-seq,Illumina NovaSeq X,Pancreas_Tail,fastq,GTOP-BA131-1392_1.fq.gz,4995.2,6af5cbfc-de27-4bf5-832c-3db449292839
GTOP-BA131,RNA-seq,Illumina NovaSeq X,Pancreas_Tail,fastq,GTOP-BA131-1392_2.fq.gz,5051.9,c9b47347-9d50-4d6a-b05c-26aed8833ce7
GTOP-BA131,RNA-seq,Illumina NovaSeq X,Gallbladder,fastq,GTOP-BA131-1856_1.fq.gz,4142.4,80c2285f-713e-4318-8540-332d6c291e17
GTOP-BA131,RNA-seq,Illumina NovaSeq X,Gallbladder,fastq,GTOP-BA131-1856_2.fq.gz,4175,d044afd7-c360-4998-ab8d-ea6f8d84195d
GTOP-BA131,RNA-seq,Illumina NovaSeq X,Adrenal_Gland,fastq,GTOP-BA131-2099_1.fq.gz,4854.3,c512470c-8312-4a92-ba53-ba636214ed09
GTOP-BA131,RNA-seq,Illumina NovaSeq X,Adrenal_Gland,fastq,GTOP-BA131-2099_2.fq.gz,4878.8,6ba50a4b-b79b-4895-8adb-8c2fbda50e7e
GTOP-BA132,RNA-seq,Illumina NovaSeq X,Adipose,fastq,GTOP-BA132-0160_1.fq.gz,4536,5c742bbf-71e0-4145-9874-42a86fdc0c44
GTOP-BA132,RNA-seq,Illumina NovaSeq X,Adipose,fastq,GTOP-BA132-0160_2.fq.gz,4560.3,f5975036-24e0-47cd-a854-fb50d4a61313
GTOP-BA132,RNA-seq,Illumina NovaSeq X,Whole_Blood,fastq,GTOP-BA132-0378_1.fq.gz,4275.7,31b1c4cb-3b09-470f-b8fa-f949dbc8c403
GTOP-BA132,RNA-seq,Illumina NovaSeq X,Whole_Blood,fastq,GTOP-BA132-0378_2.fq.gz,4308.2,43f9d0a8-577f-41f9-a63c-63388c69288a
GTOP-BA132,RNA-seq,Illumina NovaSeq X,Liver,fastq,GTOP-BA132-1053_1.fq.gz,5650.8,f4806b4a-a2ad-4dbf-8e2a-98107be75785
GTOP-BA132,RNA-seq,Illumina NovaSeq X,Liver,fastq,GTOP-BA132-1053_2.fq.gz,5693.1,f29ef508-bd7d-4403-90d5-29505bf1f86f
GTOP-BA132,RNA-seq,Illumina NovaSeq X,Pancreas_Head,fastq,GTOP-BA132-1108_1.fq.gz,4360.6,1da363d6-951e-4c8d-b2b1-914e1fa4fb97
GTOP-BA132,RNA-seq,Illumina NovaSeq X,Pancreas_Head,fastq,GTOP-BA132-1108_2.fq.gz,4413.8,7c13b07b-4776-47f9-bcaf-6184825c216f
GTOP-BA132,RNA-seq,Illumina NovaSeq X,Pancreas_Body,fastq,GTOP-BA132-1236_1.fq.gz,4338.4,79e91cb8-5664-4c99-8129-3e6c81657b35
GTOP-BA132,RNA-seq,Illumina NovaSeq X,Pancreas_Body,fastq,GTOP-BA132-1236_2.fq.gz,4382.4,245195ff-0232-454d-b9bc-d83c5d6e1a82
GTOP-BA132,RNA-seq,Illumina NovaSeq X,Pancreas_Tail,fastq,GTOP-BA132-1392_1.fq.gz,4216.3,7b1e7a66-7a53-425d-90db-f228397f3155
GTOP-BA132,RNA-seq,Illumina NovaSeq X,Pancreas_Tail,fastq,GTOP-BA132-1392_2.fq.gz,4255.4,fb59f987-c472-4aad-af28-76c4d1667e38
GTOP-BA132,RNA-seq,Illumina NovaSeq X,Gallbladder,fastq,GTOP-BA132-1856_1.fq.gz,4993.2,9a63e3fa-7fa6-47cd-afc8-c676c326a405
GTOP-BA132,RNA-seq,Illumina NovaSeq X,Gallbladder,fastq,GTOP-BA132-1856_2.fq.gz,4999.6,c78f118d-15c7-42e8-b6ca-b196ed160ea1
GTOP-BA181,RNA-seq,Illumina NovaSeq X,Whole_Blood,fastq,GTOP-BA181-0378_1.fq.gz,4988.5,d8368f36-3c86-4c11-b5ad-2b9915469a02
GTOP-BA181,RNA-seq,Illumina NovaSeq X,Whole_Blood,fastq,GTOP-BA181-0378_2.fq.gz,5033.5,4c5dc326-247a-4610-9aa3-758863e171a2
GTOP-BA181,RNA-seq,Illumina NovaSeq X,Pancreas_Head,fastq,GTOP-BA181-1108_1.fq.gz,4671.8,a359b844-7041-48c9-852a-89a67fc1e91b
GTOP-BA181,RNA-seq,Illumina NovaSeq X,Pancreas_Head,fastq,GTOP-BA181-1108_2.fq.gz,4718,b8d32267-2921-46a1-b67e-98b5c54e502f
GTOP-BA181,RNA-seq,Illumina NovaSeq X,Pancreas_Body,fastq,GTOP-BA181-1236_1.fq.gz,3805.1,77b62218-402f-4a20-a1a9-154110944c71
GTOP-BA181,RNA-seq,Illumina NovaSeq X,Pancreas_Body,fastq,GTOP-BA181-1236_2.fq.gz,3810.2,3ada49ad-6c75-42b1-8418-b3491fa159f6
GTOP-BA181,RNA-seq,Illumina NovaSeq X,Pancreas_Tail,fastq,GTOP-BA181-1392_1.fq.gz,4117.7,74000541-4b55-4599-8b84-df558055474c
GTOP-BA181,RNA-seq,Illumina NovaSeq X,Pancreas_Tail,fastq,GTOP-BA181-1392_2.fq.gz,4158.5,f7a4d37e-101c-4de1-b46d-41f702d0c13b
GTOP-BA181,RNA-seq,Illumina NovaSeq X,Gallbladder,fastq,GTOP-BA181-1856_1.fq.gz,4222.1,b4931a88-4c49-4fae-b52a-d5a1f96aa05c
GTOP-BA181,RNA-seq,Illumina NovaSeq X,Gallbladder,fastq,GTOP-BA181-1856_2.fq.gz,4233.3,0aa95b4d-e4af-4d5d-a864-04628b4c7b20
GTOP-BA181,RNA-seq,Illumina NovaSeq X,Adrenal_Gland,fastq,GTOP-BA181-2099_1.fq.gz,4767.4,8a11edb6-efe3-4e66-acee-1326bfe6a4f0
GTOP-BA181,RNA-seq,Illumina NovaSeq X,Adrenal_Gland,fastq,GTOP-BA181-2099_2.fq.gz,4781.6,dd92f835-ca6b-45a2-ae0c-a30b624ce3db
GTOP-BA191,RNA-seq,Illumina NovaSeq X,Adipose,fastq,GTOP-BA191-0160_1.fq.gz,4556.5,6c1c3be9-7509-4fea-a1b0-458fb37d0474
GTOP-BA191,RNA-seq,Illumina NovaSeq X,Adipose,fastq,GTOP-BA191-0160_2.fq.gz,4552.6,e9f9e5aa-5ceb-412a-9f4f-2d716c07d094
GTOP-BA191,RNA-seq,Illumina NovaSeq X,Whole_Blood,fastq,GTOP-BA191-0378_1.fq.gz,4080.3,f697d668-2574-48fe-afc6-f896e790f189
GTOP-BA191,RNA-seq,Illumina NovaSeq X,Whole_Blood,fastq,GTOP-BA191-0378_2.fq.gz,4143.3,2db6b946-04b3-4d15-8bfc-78df96734597
GTOP-BA191,RNA-seq,Illumina NovaSeq X,Liver,fastq,GTOP-BA191-1053_1.fq.gz,4653,d2ec3687-6698-4400-b22c-f7104843ec12
GTOP-BA191,RNA-seq,Illumina NovaSeq X,Liver,fastq,GTOP-BA191-1053_2.fq.gz,4658.9,3c3954a5-4bf8-4eb6-841f-f4803f4aad2e
GTOP-BA191,RNA-seq,Illumina NovaSeq X,Pancreas_Head,fastq,GTOP-BA191-1108_1.fq.gz,5051,1b83e05e-68b3-488f-8276-8e99611c0a3d
GTOP-BA191,RNA-seq,Illumina NovaSeq X,Pancreas_Head,fastq,GTOP-BA191-1108_2.fq.gz,5067.8,91af7b54-8a15-4bf4-ba17-9f156022ee3b
GTOP-BA191,RNA-seq,Illumina NovaSeq X,Pancreas_Body,fastq,GTOP-BA191-1236_1.fq.gz,3661.2,cbe951b8-af87-4c5c-9598-b1972d5a6bcf
GTOP-BA191,RNA-seq,Illumina NovaSeq X,Pancreas_Body,fastq,GTOP-BA191-1236_2.fq.gz,3694.6,d48e6002-19f9-4c1e-8e4e-54aa5c3b299d
GTOP-BA191,RNA-seq,Illumina NovaSeq X,Pancreas_Tail,fastq,GTOP-BA191-1392_1.fq.gz,6069.6,6f2f3fb5-4f23-4870-aeff-42e0d55acf8b
GTOP-BA191,RNA-seq,Illumina NovaSeq X,Pancreas_Tail,fastq,GTOP-BA191-1392_2.fq.gz,6207.7,a260b5e3-644b-477b-9c50-2960b3cee320
GTOP-BA191,RNA-seq,Illumina NovaSeq X,Gallbladder,fastq,GTOP-BA191-1856_1.fq.gz,4100.8,750f3817-a630-4347-b2a4-b8c278bcb32b
GTOP-BA191,RNA-seq,Illumina NovaSeq X,Gallbladder,fastq,GTOP-BA191-1856_2.fq.gz,4114.8,2e835c09-d311-4e5a-8410-188fb47574e4
GTOP-BA191,RNA-seq,Illumina NovaSeq X,Adrenal_Gland,fastq,GTOP-BA191-2099_1.fq.gz,3851.2,32b5995e-1c75-4348-ba74-224067f9f452
GTOP-BA191,RNA-seq,Illumina NovaSeq X,Adrenal_Gland,fastq,GTOP-BA191-2099_2.fq.gz,3870.6,9f79a252-2c2b-48bc-bd3c-d2b56fca52a0
GTOP-BA211,RNA-seq,Illumina NovaSeq X,Adipose,fastq,GTOP-BA211-0160_1.fq.gz,3936.4,da8e99d7-ef9b-4114-beb1-bbd4e0b91f67
GTOP-BA211,RNA-seq,Illumina NovaSeq X,Adipose,fastq,GTOP-BA211-0160_2.fq.gz,3925.9,c8936e3f-859c-42de-98ec-f81bd6eb9a03
GTOP-BA211,RNA-seq,Illumina NovaSeq X,Whole_Blood,fastq,GTOP-BA211-0378_1.fq.gz,3967.3,7af578c7-913f-44ea-b0ff-83572e47ac86
GTOP-BA211,RNA-seq,Illumina NovaSeq X,Whole_Blood,fastq,GTOP-BA211-0378_2.fq.gz,4028.3,3df61449-81d2-4377-b09f-7a185e1836a4
GTOP-BA211,RNA-seq,Illumina NovaSeq X,Liver,fastq,GTOP-BA211-1053_1.fq.gz,3985.5,2b4166f1-49ae-453d-b1ce-e41d0043376d
GTOP-BA211,RNA-seq,Illumina NovaSeq X,Liver,fastq,GTOP-BA211-1053_2.fq.gz,3992.9,9043170b-e2f8-4212-adf8-03b6a37e48de
GTOP-BA211,RNA-seq,Illumina NovaSeq X,Pancreas_Head,fastq,GTOP-BA211-1108_1.fq.gz,4522.3,bc6c575a-5b45-4a37-b0c5-c26f29197a44
GTOP-BA211,RNA-seq,Illumina NovaSeq X,Pancreas_Head,fastq,GTOP-BA211-1108_2.fq.gz,4573.6,a1bc7e83-f33a-4597-813a-e48b230469db
GTOP-BA211,RNA-seq,Illumina NovaSeq X,Pancreas_Body,fastq,GTOP-BA211-1236_1.fq.gz,4056.4,4c110bb4-42e8-4f30-bb5b-26ed306d99f5
GTOP-BA211,RNA-seq,Illumina NovaSeq X,Pancreas_Body,fastq,GTOP-BA211-1236_2.fq.gz,4080.1,b0d024c6-0fbe-4149-bef1-5882cf5ba1af
GTOP-BA211,RNA-seq,Illumina NovaSeq X,Pancreas_Tail,fastq,GTOP-BA211-1392_1.fq.gz,3999.6,5439b2df-2e18-44e3-b09a-1dcd4a6f6db9
GTOP-BA211,RNA-seq,Illumina NovaSeq X,Pancreas_Tail,fastq,GTOP-BA211-1392_2.fq.gz,4036.1,424c7ae6-7c23-41d9-aca3-276575a03f0d
GTOP-BA211,RNA-seq,Illumina NovaSeq X,Gallbladder,fastq,GTOP-BA211-1856_1.fq.gz,4763.3,d4839331-4270-4ef2-9e63-d3b4c946397d
GTOP-BA211,RNA-seq,Illumina NovaSeq X,Gallbladder,fastq,GTOP-BA211-1856_2.fq.gz,4816.9,1850c0b2-fa38-48ac-b96c-655ab8c99fa0
GTOP-BA211,RNA-seq,Illumina NovaSeq X,Adrenal_Gland,fastq,GTOP-BA211-2099_1.fq.gz,4013.3,27dd50de-409e-46a7-b58a-681bced8686a
GTOP-BA211,RNA-seq,Illumina NovaSeq X,Adrenal_Gland,fastq,GTOP-BA211-2099_2.fq.gz,4021.4,9953ad11-a19c-49fb-b920-ba697a8b53be
GTOP-BA231,RNA-seq,Illumina NovaSeq X,Muscle,fastq,GTOP-BA231-0087_1.fq.gz,4806.6,84669ac2-7c17-4019-90f9-bee7dc683be5
GTOP-BA231,RNA-seq,Illumina NovaSeq X,Muscle,fastq,GTOP-BA231-0087_2.fq.gz,4813.1,faef7744-544d-4e6f-963e-3fc99b0aaaba
GTOP-BA231,RNA-seq,Illumina NovaSeq X,Adipose,fastq,GTOP-BA231-0160_1.fq.gz,4988.2,8f50c02b-33ac-4087-9600-8d7204345080
GTOP-BA231,RNA-seq,Illumina NovaSeq X,Adipose,fastq,GTOP-BA231-0160_2.fq.gz,4995.7,25343300-9ff1-406b-8295-8afde525dd1c
GTOP-BA231,RNA-seq,Illumina NovaSeq X,Skin,fastq,GTOP-BA231-0262_1.fq.gz,6931.3,8490fd6b-d581-4748-bab8-389b17e8d1f5
GTOP-BA231,RNA-seq,Illumina NovaSeq X,Skin,fastq,GTOP-BA231-0262_2.fq.gz,6934.4,8259d3f1-f545-4bfd-9e2c-9a4d40deb6d9
GTOP-BA231,RNA-seq,Illumina NovaSeq X,Whole_Blood,fastq,GTOP-BA231-0378_1.fq.gz,4355.6,c9b8846d-22e1-4170-9fd0-a0d8f797c683
GTOP-BA231,RNA-seq,Illumina NovaSeq X,Whole_Blood,fastq,GTOP-BA231-0378_2.fq.gz,4393.9,7a062cfa-93d9-4a4b-ba92-3f6363acdf32
GTOP-BA231,RNA-seq,Illumina NovaSeq X,Liver,fastq,GTOP-BA231-1053_1.fq.gz,4702.5,a614983f-b803-4409-857f-1f24e1ceb1ca
GTOP-BA231,RNA-seq,Illumina NovaSeq X,Liver,fastq,GTOP-BA231-1053_2.fq.gz,4699.8,6a674ac4-a513-43da-8e6b-6600c67be251
GTOP-BA231,RNA-seq,Illumina NovaSeq X,Pancreas_Head,fastq,GTOP-BA231-1108_1.fq.gz,4025.9,ddf4711a-7820-47d9-b526-b43fc738cbe4
GTOP-BA231,RNA-seq,Illumina NovaSeq X,Pancreas_Head,fastq,GTOP-BA231-1108_2.fq.gz,4066.6,35320281-8f45-4c8c-aaa5-87b9af4af894
GTOP-BA231,RNA-seq,Illumina NovaSeq X,Pancreas_Body,fastq,GTOP-BA231-1236_1.fq.gz,3954,405b3bb1-f0fb-44ca-986e-e7e7675fe7dc
GTOP-BA231,RNA-seq,Illumina NovaSeq X,Pancreas_Body,fastq,GTOP-BA231-1236_2.fq.gz,3997.1,81605717-d67b-4cdf-b3ff-84199dd862af
GTOP-BA231,RNA-seq,Illumina NovaSeq X,Adrenal_Gland,fastq,GTOP-BA231-2099_1.fq.gz,3567.2,3eece53e-5b44-49c4-aa28-288806317910
GTOP-BA231,RNA-seq,Illumina NovaSeq X,Adrenal_Gland,fastq,GTOP-BA231-2099_2.fq.gz,3602.8,73f408db-3564-410f-bd6a-86c1b690e6d4
GTOP-BA231,RNA-seq,Illumina NovaSeq X,Spleen,fastq,GTOP-BA231-3082_1.fq.gz,4370.4,35aad028-16eb-4668-bba3-9f9325ac3b92
GTOP-BA231,RNA-seq,Illumina NovaSeq X,Spleen,fastq,GTOP-BA231-3082_2.fq.gz,4389.9,90153258-fb6d-48c3-84cb-17d0c50e4260
GTOP-BA231,RNA-seq,Illumina NovaSeq X,Aortic_Arch,fastq,GTOP-BA231-4155_1.fq.gz,4595.6,78e3e871-de7a-4ea1-a4dc-d1c703221622
GTOP-BA231,RNA-seq,Illumina NovaSeq X,Aortic_Arch,fastq,GTOP-BA231-4155_2.fq.gz,4606.7,af2e508b-76ef-4cff-b742-1a44eb82c49b
GTOP-BA232,RNA-seq,Illumina NovaSeq X,Adipose,fastq,GTOP-BA232-0160_1.fq.gz,4620.8,73c640b6-9282-478b-be8b-d02e3e2beef7
GTOP-BA232,RNA-seq,Illumina NovaSeq X,Adipose,fastq,GTOP-BA232-0160_2.fq.gz,4668.4,1fd4a50f-a7a2-429a-9b5d-3b4c02eb3f9e
GTOP-BA232,RNA-seq,Illumina NovaSeq X,Whole_Blood,fastq,GTOP-BA232-0378_1.fq.gz,3984.6,05f49ba9-16be-4b15-a2c9-bdc4614a79f1
GTOP-BA232,RNA-seq,Illumina NovaSeq X,Whole_Blood,fastq,GTOP-BA232-0378_2.fq.gz,4019.4,6c5bf480-928f-4c14-80d3-4f0eec1d5e37
GTOP-BA232,RNA-seq,Illumina NovaSeq X,Liver,fastq,GTOP-BA232-1053_1.fq.gz,4382.1,d36d10bf-256e-4435-b680-e77885042f0d
GTOP-BA232,RNA-seq,Illumina NovaSeq X,Liver,fastq,GTOP-BA232-1053_2.fq.gz,4398.6,61fb1a27-6a0a-45e1-b613-8ebbe0d04d58
GTOP-BA232,RNA-seq,Illumina NovaSeq X,Pancreas_Head,fastq,GTOP-BA232-1108_1.fq.gz,4086,ec73a2d6-9b78-4f5f-ab9d-001b482363fa
GTOP-BA232,RNA-seq,Illumina NovaSeq X,Pancreas_Head,fastq,GTOP-BA232-1108_2.fq.gz,4099.9,bf6c5ea8-9c72-48fc-9ee8-a7be26d31f00
GTOP-BA232,RNA-seq,Illumina NovaSeq X,Pancreas_Body,fastq,GTOP-BA232-1236_1.fq.gz,4251.2,31e60689-4cd0-4683-be5c-f844c1f08f79
GTOP-BA232,RNA-seq,Illumina NovaSeq X,Pancreas_Body,fastq,GTOP-BA232-1236_2.fq.gz,4268.2,9e5505e7-8563-46d3-890e-0bc974ebe0e9
GTOP-BA232,RNA-seq,Illumina NovaSeq X,Pancreas_Tail,fastq,GTOP-BA232-1392_1.fq.gz,4776.8,808672df-f6be-4d01-9ae9-604c98697118
GTOP-BA232,RNA-seq,Illumina NovaSeq X,Pancreas_Tail,fastq,GTOP-BA232-1392_2.fq.gz,4792.8,bbb08e2f-9f9d-40c8-ab9a-6aad05a02e57
GTOP-BA232,RNA-seq,Illumina NovaSeq X,Gallbladder,fastq,GTOP-BA232-1856_1.fq.gz,4522.5,32a6792e-9c1f-4cc6-97a9-be8981238e94
GTOP-BA232,RNA-seq,Illumina NovaSeq X,Gallbladder,fastq,GTOP-BA232-1856_2.fq.gz,4529.8,cbedf7dd-60a0-4d80-a07e-80055b7ebf37
GTOP-BA232,RNA-seq,Illumina NovaSeq X,Adrenal_Gland,fastq,GTOP-BA232-2099_1.fq.gz,4109.1,f8167d90-09f9-414f-b155-38c74f2507bd
GTOP-BA232,RNA-seq,Illumina NovaSeq X,Adrenal_Gland,fastq,GTOP-BA232-2099_2.fq.gz,4118.7,6bc44b8f-194d-461d-875c-df8d8bd30ed2
GTOP-BA251,RNA-seq,Illumina NovaSeq X,Adipose,fastq,GTOP-BA251-0160_1.fq.gz,3918.6,9ec8c3b8-169d-4bde-8eaa-fcd2e7c433b8
GTOP-BA251,RNA-seq,Illumina NovaSeq X,Adipose,fastq,GTOP-BA251-0160_2.fq.gz,3946.2,1f104dc1-0e2c-4dce-a7ee-319c32732c06
GTOP-BA251,RNA-seq,Illumina NovaSeq X,Whole_Blood,fastq,GTOP-BA251-0378_1.fq.gz,4835.6,eca2516d-90d3-4cef-96fd-b2236baf9784
GTOP-BA251,RNA-seq,Illumina NovaSeq X,Whole_Blood,fastq,GTOP-BA251-0378_2.fq.gz,4867.9,f5fa5f23-9473-4255-bc80-539cbeff7815
GTOP-BA251,RNA-seq,Illumina NovaSeq X,Liver,fastq,GTOP-BA251-1053_1.fq.gz,4126,4443b943-b3db-4ebf-8e5f-e896526011df
GTOP-BA251,RNA-seq,Illumina NovaSeq X,Liver,fastq,GTOP-BA251-1053_2.fq.gz,4131.3,8b9d4717-e210-4e72-a8d5-10ee6e022221
GTOP-BA251,RNA-seq,Illumina NovaSeq X,Pancreas_Head,fastq,GTOP-BA251-1108_1.fq.gz,4672.6,2cb74bea-0f36-4054-b361-6ca48408acfd
GTOP-BA251,RNA-seq,Illumina NovaSeq X,Pancreas_Head,fastq,GTOP-BA251-1108_2.fq.gz,4701.8,50a11f3c-1b75-464d-915a-2bd10c59b28f
GTOP-BA251,RNA-seq,Illumina NovaSeq X,Pancreas_Body,fastq,GTOP-BA251-1236_1.fq.gz,5186.2,99857d8c-9a50-44ed-9cbc-69e2f8b55d42
GTOP-BA251,RNA-seq,Illumina NovaSeq X,Pancreas_Body,fastq,GTOP-BA251-1236_2.fq.gz,5196.8,9a5a7f96-d938-4279-b25b-02cdb8c5aa6f
GTOP-BA251,RNA-seq,Illumina NovaSeq X,Pancreas_Tail,fastq,GTOP-BA251-1392_1.fq.gz,4465.5,0119d74a-2a69-4d28-a180-ff79646c6161
GTOP-BA251,RNA-seq,Illumina NovaSeq X,Pancreas_Tail,fastq,GTOP-BA251-1392_2.fq.gz,4496.3,f2a04954-01fb-4c9d-a991-6cf7c0c587c9
GTOP-BA251,RNA-seq,Illumina NovaSeq X,Gallbladder,fastq,GTOP-BA251-1856_1.fq.gz,3436,7c8cd86f-43ba-4065-bc2e-8d34e5e66d11
GTOP-BA251,RNA-seq,Illumina NovaSeq X,Gallbladder,fastq,GTOP-BA251-1856_2.fq.gz,3485.5,adab1747-1337-4e9e-b212-7bc8cefb66b7
GTOP-BA251,RNA-seq,Illumina NovaSeq X,Adrenal_Gland,fastq,GTOP-BA251-2099_1.fq.gz,3454.4,0ffe67c8-df2f-4006-b3a3-ced942a5277e
GTOP-BA251,RNA-seq,Illumina NovaSeq X,Adrenal_Gland,fastq,GTOP-BA251-2099_2.fq.gz,3512.6,8114d55f-a5bb-4fcb-b1af-70dae31607f5
GTOP-BB011,RNA-seq,Illumina NovaSeq X,Adipose,fastq,GTOP-BB011-0160_1.fq.gz,3485.3,bfeb6d15-e3c1-4085-82f1-503c2c693e32
GTOP-BB011,RNA-seq,Illumina NovaSeq X,Adipose,fastq,GTOP-BB011-0160_2.fq.gz,3525.1,6a9739f0-4067-4463-8740-cff2afa0bf19
GTOP-BB011,RNA-seq,Illumina NovaSeq X,Whole_Blood,fastq,GTOP-BB011-0378_1.fq.gz,4236.3,8184a756-9109-493f-a656-89a2129c4110
GTOP-BB011,RNA-seq,Illumina NovaSeq X,Whole_Blood,fastq,GTOP-BB011-0378_2.fq.gz,4256.1,afcb43ea-15ad-476b-a6d1-f751d8cf93b2
GTOP-BB011,RNA-seq,Illumina NovaSeq X,Liver,fastq,GTOP-BB011-1053_1.fq.gz,4236.3,e1e4ee03-632d-4143-afee-2875fefed739
GTOP-BB011,RNA-seq,Illumina NovaSeq X,Liver,fastq,GTOP-BB011-1053_2.fq.gz,4290.2,0f3daa08-f4c6-443b-81f2-ae231513c4b7
GTOP-BB011,RNA-seq,Illumina NovaSeq X,Pancreas_Head,fastq,GTOP-BB011-1108_1.fq.gz,3875.6,3f6c12c1-3d5e-460b-9081-1a08637d6346
GTOP-BB011,RNA-seq,Illumina NovaSeq X,Pancreas_Head,fastq,GTOP-BB011-1108_2.fq.gz,3929.3,0c9148b2-13e3-4a4e-b0f1-1130f85d25fb
GTOP-BB011,RNA-seq,Illumina NovaSeq X,Pancreas_Body,fastq,GTOP-BB011-1236_1.fq.gz,3907.4,01bbd878-c390-4bcb-88a6-c418fe9f68b3
GTOP-BB011,RNA-seq,Illumina NovaSeq X,Pancreas_Body,fastq,GTOP-BB011-1236_2.fq.gz,3936.3,0661bc2c-ea1b-4714-b0a3-c79312a686c8
GTOP-BB011,RNA-seq,Illumina NovaSeq X,Pancreas_Tail,fastq,GTOP-BB011-1392_1.fq.gz,3919.9,e0587e45-8efb-4d07-aec7-e1967fb7b030
GTOP-BB011,RNA-seq,Illumina NovaSeq X,Pancreas_Tail,fastq,GTOP-BB011-1392_2.fq.gz,3954.2,5699349d-fae5-48e5-ae9f-c64b03e355b7
GTOP-BB011,RNA-seq,Illumina NovaSeq X,Gallbladder,fastq,GTOP-BB011-1856_1.fq.gz,3632.3,ea766b51-a4e3-4d47-9d16-763aed61649b
GTOP-BB011,RNA-seq,Illumina NovaSeq X,Gallbladder,fastq,GTOP-BB011-1856_2.fq.gz,3626.7,b1238d76-e03f-4abd-b587-369c7a827672
GTOP-BB011,RNA-seq,Illumina NovaSeq X,Adrenal_Gland,fastq,GTOP-BB011-2099_1.fq.gz,3636.7,6a3dcd47-9456-4fe4-9a17-8a2e8e085a1d
GTOP-BB011,RNA-seq,Illumina NovaSeq X,Adrenal_Gland,fastq,GTOP-BB011-2099_2.fq.gz,3637.3,d4a043b0-05f5-4d25-8f31-794fd4356945
GTOP-BB201,RNA-seq,Illumina NovaSeq X,Muscle,fastq,GTOP-BB201-0087_1.fq.gz,3621.6,cd73019b-1570-47e3-a9c6-e74681aa52fa
GTOP-BB201,RNA-seq,Illumina NovaSeq X,Muscle,fastq,GTOP-BB201-0087_2.fq.gz,3623.4,4061fba5-b341-453e-a01b-cc25c981bffd
GTOP-BB201,RNA-seq,Illumina NovaSeq X,Adipose,fastq,GTOP-BB201-0160_1.fq.gz,3933.1,c6e69120-6632-4610-94d2-56eb8a29ddf4
GTOP-BB201,RNA-seq,Illumina NovaSeq X,Adipose,fastq,GTOP-BB201-0160_2.fq.gz,4004.6,e6d2dd47-7daf-458a-af7f-0b30696607ec
GTOP-BB201,RNA-seq,Illumina NovaSeq X,Whole_Blood,fastq,GTOP-BB201-0378_1.fq.gz,3821.2,f0015f9c-ca8c-4e32-927f-e579e82abea3
GTOP-BB201,RNA-seq,Illumina NovaSeq X,Whole_Blood,fastq,GTOP-BB201-0378_2.fq.gz,3861.9,d3232e5f-ef69-4b83-86a1-9f3453024900
GTOP-BB201,RNA-seq,Illumina NovaSeq X,Liver,fastq,GTOP-BB201-1053_1.fq.gz,3654.9,c4207500-c35c-42c6-b356-5ef43e77acbc
GTOP-BB201,RNA-seq,Illumina NovaSeq X,Liver,fastq,GTOP-BB201-1053_2.fq.gz,3652.2,b6cb944d-58a1-4187-9be1-8838f643ab0f
GTOP-BB201,RNA-seq,Illumina NovaSeq X,Pancreas_Head,fastq,GTOP-BB201-1108_1.fq.gz,6467.4,d77ef6eb-9d5b-4be7-8408-81ca3f2c71f3
GTOP-BB201,RNA-seq,Illumina NovaSeq X,Pancreas_Head,fastq,GTOP-BB201-1108_2.fq.gz,6492.7,8b2b7f9b-fa48-4c94-a0ed-ed2f630df5a2
GTOP-BB201,RNA-seq,Illumina NovaSeq X,Pancreas_Body,fastq,GTOP-BB201-1236_1.fq.gz,3598.4,fc9b210a-831e-427d-a1aa-096cdc1ce424
GTOP-BB201,RNA-seq,Illumina NovaSeq X,Pancreas_Body,fastq,GTOP-BB201-1236_2.fq.gz,3638.6,121c52e4-6a0f-44c7-85fd-6d12594a90f4
GTOP-BB201,RNA-seq,Illumina NovaSeq X,Small_Intestine,fastq,GTOP-BB201-1470_1.fq.gz,3810.4,201db4fa-5c46-40e0-b095-a80a79b3f0d3
GTOP-BB201,RNA-seq,Illumina NovaSeq X,Small_Intestine,fastq,GTOP-BB201-1470_2.fq.gz,3827.9,e1e9c4e3-13be-47b3-baf5-2337256cb042
GTOP-BB201,RNA-seq,Illumina NovaSeq X,Colon,fastq,GTOP-BB201-1584_1.fq.gz,4074.3,f3073944-8362-42e4-91d8-d75ccd88eb26
GTOP-BB201,RNA-seq,Illumina NovaSeq X,Colon,fastq,GTOP-BB201-1584_2.fq.gz,4097.8,2b846b8e-60a9-4c71-8225-d343203904f3
GTOP-BB201,RNA-seq,Illumina NovaSeq X,Stomach,fastq,GTOP-BB201-1601_1.fq.gz,3597.6,ca1c4edd-19cf-4a5d-a65a-98673ebde64e
GTOP-BB201,RNA-seq,Illumina NovaSeq X,Stomach,fastq,GTOP-BB201-1601_2.fq.gz,3602,0cd02a8a-8186-4c61-9d0a-9c3e18c0c81b
GTOP-BB201,RNA-seq,Illumina NovaSeq X,Esophagus,fastq,GTOP-BB201-1710_1.fq.gz,3609.9,f9a9af04-a3f7-4ed9-a1c0-0e4ce3a46137
GTOP-BB201,RNA-seq,Illumina NovaSeq X,Esophagus,fastq,GTOP-BB201-1710_2.fq.gz,3591.3,9ef108d9-d677-48f9-946f-201d52ea384a
GTOP-BB201,RNA-seq,Illumina NovaSeq X,Gallbladder,fastq,GTOP-BB201-1856_1.fq.gz,3604,9dfcb03d-fc64-4651-a50d-b8d9dcde2403
GTOP-BB201,RNA-seq,Illumina NovaSeq X,Gallbladder,fastq,GTOP-BB201-1856_2.fq.gz,3608.4,cae44ed5-c4a4-4ea1-984e-056fc6672990
GTOP-BB201,RNA-seq,Illumina NovaSeq X,Adrenal_Gland,fastq,GTOP-BB201-2099_1.fq.gz,3502.9,a9627afd-5902-45ba-b391-a9861061b44d
GTOP-BB201,RNA-seq,Illumina NovaSeq X,Adrenal_Gland,fastq,GTOP-BB201-2099_2.fq.gz,3528.4,b08d5e5f-f682-4591-be40-bfad4b997061
GTOP-BB201,RNA-seq,Illumina NovaSeq X,Spleen,fastq,GTOP-BB201-3082_1.fq.gz,6562.1,ebd10a23-e96f-4102-b175-61e778925db0
GTOP-BB201,RNA-seq,Illumina NovaSeq X,Spleen,fastq,GTOP-BB201-3082_2.fq.gz,6522.1,c3510301-63bd-4234-8ae0-f7a7418b11fb
GTOP-BB201,RNA-seq,Illumina NovaSeq X,Heart_Left_Ventricle,fastq,GTOP-BB201-4002_1.fq.gz,3954.1,692cff63-1b68-4e26-a220-ed0115021b92
GTOP-BB201,RNA-seq,Illumina NovaSeq X,Heart_Left_Ventricle,fastq,GTOP-BB201-4002_2.fq.gz,3954.9,80b6ac77-b0cc-4fbe-8e43-0d9e0a1cc9c6
GTOP-BB201,RNA-seq,Illumina NovaSeq X,Heart_Right_Ventricle,fastq,GTOP-BB201-4003_1.fq.gz,3608.7,a5e3bd88-a757-4688-b6a7-c52680c1e129
GTOP-BB201,RNA-seq,Illumina NovaSeq X,Heart_Right_Ventricle,fastq,GTOP-BB201-4003_2.fq.gz,3616.8,95990113-715e-4996-af37-0b73bda854b2
GTOP-BB201,RNA-seq,Illumina NovaSeq X,Heart_Right_Atrium,fastq,GTOP-BB201-4018_1.fq.gz,3623.8,22e6f14d-f0bc-46a2-aa7d-356b86795edb
GTOP-BB201,RNA-seq,Illumina NovaSeq X,Heart_Right_Atrium,fastq,GTOP-BB201-4018_2.fq.gz,3623.1,302bd59b-0d92-4941-a7a0-353d25c2ab8f
GTOP-BB201,RNA-seq,Illumina NovaSeq X,Heart_Left_Atrium,fastq,GTOP-BB201-4019_1.fq.gz,3610.9,b7d2e2f5-0b3d-48c4-bd8f-0e09ff78379c
GTOP-BB201,RNA-seq,Illumina NovaSeq X,Heart_Left_Atrium,fastq,GTOP-BB201-4019_2.fq.gz,3604.9,4bd35a27-5a0a-4bd9-9806-f78bafd87283
GTOP-BB201,RNA-seq,Illumina NovaSeq X,Heart_Mitral_Valve,fastq,GTOP-BB201-4022_1.fq.gz,6162,fe4111a8-d512-4111-8c03-f4d78de44dd9
GTOP-BB201,RNA-seq,Illumina NovaSeq X,Heart_Mitral_Valve,fastq,GTOP-BB201-4022_2.fq.gz,6190.4,483c3233-5010-47c9-81a5-45683cca6f43
GTOP-BB201,RNA-seq,Illumina NovaSeq X,Heart_Tricuspid_Valve,fastq,GTOP-BB201-4023_1.fq.gz,6157.7,49d378ef-16aa-4830-b6bb-8eea703aeb39
GTOP-BB201,RNA-seq,Illumina NovaSeq X,Heart_Tricuspid_Valve,fastq,GTOP-BB201-4023_2.fq.gz,6161.1,3fae7fc1-f49d-4c44-939f-8320e2c6e998
GTOP-BB201,RNA-seq,Illumina NovaSeq X,Thoracic_Aorta,fastq,GTOP-BB201-4149_1.fq.gz,3762.6,6426089a-9727-437d-a3ae-91b1c095545e
GTOP-BB201,RNA-seq,Illumina NovaSeq X,Thoracic_Aorta,fastq,GTOP-BB201-4149_2.fq.gz,3827.1,98ac0627-2bbd-4e20-b407-a9c2540ef94d
GTOP-BB201,RNA-seq,Illumina NovaSeq X,Aortic_Arch,fastq,GTOP-BB201-4155_1.fq.gz,4147.3,6b90af44-b0b3-403b-9a0b-34acdbadee11
GTOP-BB201,RNA-seq,Illumina NovaSeq X,Aortic_Arch,fastq,GTOP-BB201-4155_2.fq.gz,4209.5,b6d38b8b-7f24-4054-b2a3-a285ce2214d2
GTOP-BB201,RNA-seq,Illumina NovaSeq X,Lung_Base,fastq,GTOP-BB201-5032_1.fq.gz,3730,258945f2-3f91-40c9-9361-2f531f0d1a5b
GTOP-BB201,RNA-seq,Illumina NovaSeq X,Lung_Base,fastq,GTOP-BB201-5032_2.fq.gz,3726.6,4c7b635f-eb61-4e4f-a2fa-9cc7dc8b7b55
GTOP-BB201,RNA-seq,Illumina NovaSeq X,Lung_Apex,fastq,GTOP-BB201-5156_1.fq.gz,6420.1,331333a8-98a2-4ee4-abd2-7af5db740e83
GTOP-BB201,RNA-seq,Illumina NovaSeq X,Lung_Apex,fastq,GTOP-BB201-5156_2.fq.gz,6484.1,a2991c94-45e2-4fbc-839c-4f4ee34f3e22
GTOP-BB201,RNA-seq,Illumina NovaSeq X,Skin,fastq,GTOP-BB201-0262_1.fq.gz,6802,b0959d4a-43a3-4bd3-987f-329bacec9e12
GTOP-BB201,RNA-seq,Illumina NovaSeq X,Skin,fastq,GTOP-BB201-0262_2.fq.gz,6866.4,646259ba-32e3-4b66-9949-486ad19f3a43
GTOP-BB202,RNA-seq,Illumina NovaSeq X,Muscle,fastq,GTOP-BB202-0087_1.fq.gz,3691,5f8057e5-705c-49fd-9aeb-85b95b4453ad
GTOP-BB202,RNA-seq,Illumina NovaSeq X,Muscle,fastq,GTOP-BB202-0087_2.fq.gz,3702.6,a990117a-ad01-4c50-952f-d9ad090a6ed7
GTOP-BB202,RNA-seq,Illumina NovaSeq X,Adipose,fastq,GTOP-BB202-0160_1.fq.gz,3623.4,a20298e1-445c-4ce3-adc2-4a21edcb1135
GTOP-BB202,RNA-seq,Illumina NovaSeq X,Adipose,fastq,GTOP-BB202-0160_2.fq.gz,3665.5,477dd495-ec06-45e5-b284-fc9b245c6336
GTOP-BB202,RNA-seq,Illumina NovaSeq X,Skin,fastq,GTOP-BB202-0262_1.fq.gz,6280.3,1aa8df06-f49d-41c1-9a60-0e7f3c91ae8e
GTOP-BB202,RNA-seq,Illumina NovaSeq X,Skin,fastq,GTOP-BB202-0262_2.fq.gz,6424.4,d83ffd1e-8208-4be4-8571-d5a466884509
GTOP-BB202,RNA-seq,Illumina NovaSeq X,Whole_Blood,fastq,GTOP-BB202-0378_1.fq.gz,4600.1,e49f5c29-049d-4611-8169-e826eb4d4568
GTOP-BB202,RNA-seq,Illumina NovaSeq X,Whole_Blood,fastq,GTOP-BB202-0378_2.fq.gz,4620.8,c1a825e6-3daf-4e00-b83f-993e3ed9267c
GTOP-BB202,RNA-seq,Illumina NovaSeq X,Liver,fastq,GTOP-BB202-1053_1.fq.gz,3609.5,97f073bc-d66a-4072-868e-9e5a2ab0181b
GTOP-BB202,RNA-seq,Illumina NovaSeq X,Liver,fastq,GTOP-BB202-1053_2.fq.gz,3622.7,cda5be17-ad49-4c48-a3f2-97804535fd93
GTOP-BB202,RNA-seq,Illumina NovaSeq X,Pancreas_Head,fastq,GTOP-BB202-1108_1.fq.gz,3829.3,dc01ddc3-5396-4f22-8eaf-065d3a1c9444
GTOP-BB202,RNA-seq,Illumina NovaSeq X,Pancreas_Head,fastq,GTOP-BB202-1108_2.fq.gz,3852.9,28ddd896-5688-45c1-b2e5-02633b863d02
GTOP-BB202,RNA-seq,Illumina NovaSeq X,Pancreas_Body,fastq,GTOP-BB202-1236_1.fq.gz,3594.4,70811e55-bcd9-4b10-a6d3-3d0e39ac3e8a
GTOP-BB202,RNA-seq,Illumina NovaSeq X,Pancreas_Body,fastq,GTOP-BB202-1236_2.fq.gz,3603.2,5ab1793c-9def-49b1-8310-aaf9e26533e4
GTOP-BB202,RNA-seq,Illumina NovaSeq X,Pancreas_Tail,fastq,GTOP-BB202-1392_1.fq.gz,6114.6,279d0da5-4139-46ae-b911-b558e6f69b1c
GTOP-BB202,RNA-seq,Illumina NovaSeq X,Pancreas_Tail,fastq,GTOP-BB202-1392_2.fq.gz,6122.3,5cf5eca2-f7cc-4b44-8018-564909a4e7f4
GTOP-BB202,RNA-seq,Illumina NovaSeq X,Gallbladder,fastq,GTOP-BB202-1856_1.fq.gz,5820.9,574b11a0-45da-463d-a08f-9095c2e0f619
GTOP-BB202,RNA-seq,Illumina NovaSeq X,Gallbladder,fastq,GTOP-BB202-1856_2.fq.gz,5826.9,e901b427-7044-4610-a59a-4a15eb1e3c15
GTOP-BB202,RNA-seq,Illumina NovaSeq X,Spleen,fastq,GTOP-BB202-3082_1.fq.gz,3655.1,4781332a-ec1d-420e-a97a-e08ab76fce50
GTOP-BB202,RNA-seq,Illumina NovaSeq X,Spleen,fastq,GTOP-BB202-3082_2.fq.gz,3673.3,e270c8b8-7ad8-4cdd-9ac3-b4b2d8f5ce53
GTOP-BB202,RNA-seq,Illumina NovaSeq X,Heart_Left_Ventricle,fastq,GTOP-BB202-4002_1.fq.gz,3711.4,5b53bd2f-5a10-4672-8d63-0133573a4a56
GTOP-BB202,RNA-seq,Illumina NovaSeq X,Heart_Left_Ventricle,fastq,GTOP-BB202-4002_2.fq.gz,3704.9,2a4bd2dd-8397-4454-9ee8-902a32d4c4be
GTOP-BB202,RNA-seq,Illumina NovaSeq X,Lung_Base,fastq,GTOP-BB202-5032_1.fq.gz,3820.1,6a404089-0ad4-4802-8753-77b10b72de63
GTOP-BB202,RNA-seq,Illumina NovaSeq X,Lung_Base,fastq,GTOP-BB202-5032_2.fq.gz,3827.9,d3ac90e2-d5ba-499e-a7e8-5a20964c54ff
GTOP-BB202,RNA-seq,Illumina NovaSeq X,Lung_Apex,fastq,GTOP-BB202-5156_1.fq.gz,3721.3,bf17537f-1ed2-4914-88eb-9880c7180099
GTOP-BB202,RNA-seq,Illumina NovaSeq X,Lung_Apex,fastq,GTOP-BB202-5156_2.fq.gz,3721,f6e7e64f-a326-4128-b5e4-9e775977809a
GTOP-BB211,RNA-seq,Illumina NovaSeq X,Muscle,fastq,GTOP-BB211-0087_1.fq.gz,3886.7,2e816bdb-ef26-442a-8715-b2ce5551c3b4
GTOP-BB211,RNA-seq,Illumina NovaSeq X,Muscle,fastq,GTOP-BB211-0087_2.fq.gz,3892,0a783662-fa7d-4aac-a59c-1831078f376b
GTOP-BB211,RNA-seq,Illumina NovaSeq X,Whole_Blood,fastq,GTOP-BB211-0378_1.fq.gz,4456.9,8644b84c-5416-402b-98d4-b14b1f9e4b29
GTOP-BB211,RNA-seq,Illumina NovaSeq X,Whole_Blood,fastq,GTOP-BB211-0378_2.fq.gz,4487.7,595c4d5c-16e0-4ea3-845e-707d57b88d46
GTOP-BB211,RNA-seq,Illumina NovaSeq X,Liver,fastq,GTOP-BB211-1053_1.fq.gz,3995.6,4fa1e169-ee6e-43b5-bc83-9dbfa9bb153e
GTOP-BB211,RNA-seq,Illumina NovaSeq X,Liver,fastq,GTOP-BB211-1053_2.fq.gz,4036.1,9bd68017-0911-494e-81d7-49652f018871
GTOP-BB211,RNA-seq,Illumina NovaSeq X,Pancreas_Head,fastq,GTOP-BB211-1108_1.fq.gz,6009.2,46d485b6-f218-4f17-a27c-a4aed5eb3494
GTOP-BB211,RNA-seq,Illumina NovaSeq X,Pancreas_Head,fastq,GTOP-BB211-1108_2.fq.gz,5964.5,334cc781-f331-420c-917c-98c65562b3f2
GTOP-BB211,RNA-seq,Illumina NovaSeq X,Pancreas_Body,fastq,GTOP-BB211-1236_1.fq.gz,6545.2,66b26517-76a4-49d2-b08a-15a206e75798
GTOP-BB211,RNA-seq,Illumina NovaSeq X,Pancreas_Body,fastq,GTOP-BB211-1236_2.fq.gz,6544.8,fce1939d-6988-4024-a218-ab709d371210
GTOP-BB211,RNA-seq,Illumina NovaSeq X,Pancreas_Tail,fastq,GTOP-BB211-1392_1.fq.gz,6101.7,59df757c-2739-4f77-a707-c5a4d72e0e89
GTOP-BB211,RNA-seq,Illumina NovaSeq X,Pancreas_Tail,fastq,GTOP-BB211-1392_2.fq.gz,6087.1,9c4e9c51-1db1-486a-972e-eb60e56fcb96
GTOP-BB211,RNA-seq,Illumina NovaSeq X,Gallbladder,fastq,GTOP-BB211-1856_1.fq.gz,3787.2,e189ece2-8606-4082-af58-6fe9707bc369
GTOP-BB211,RNA-seq,Illumina NovaSeq X,Gallbladder,fastq,GTOP-BB211-1856_2.fq.gz,3812.1,2bcbd61b-4236-40a0-8b74-db64b766b0dd
GTOP-BB211,RNA-seq,Illumina NovaSeq X,Adrenal_Gland,fastq,GTOP-BB211-2099_1.fq.gz,3925.7,25ac36cf-5676-4ed0-bac6-374e34a396a5
GTOP-BB211,RNA-seq,Illumina NovaSeq X,Adrenal_Gland,fastq,GTOP-BB211-2099_2.fq.gz,3922.1,c13924e6-66ae-40c2-bb07-d7badb0912d6
GTOP-BB251,RNA-seq,Illumina NovaSeq X,Adipose,fastq,GTOP-BB251-0160_1.fq.gz,3725.6,d56bce2a-1aa9-4b7f-a640-9eeef9f8a861
GTOP-BB251,RNA-seq,Illumina NovaSeq X,Adipose,fastq,GTOP-BB251-0160_2.fq.gz,3734.1,c09fa4cf-7e3d-402b-99a7-bd63159e6efc
GTOP-BB251,RNA-seq,Illumina NovaSeq X,Liver,fastq,GTOP-BB251-1053_1.fq.gz,3896.2,15edfa5e-671c-4b33-8fb2-5b58521ea6cb
GTOP-BB251,RNA-seq,Illumina NovaSeq X,Liver,fastq,GTOP-BB251-1053_2.fq.gz,3901.2,bf866af2-9c91-4d19-9a40-4cae39b25d24
GTOP-BB251,RNA-seq,Illumina NovaSeq X,Pancreas_Head,fastq,GTOP-BB251-1108_1.fq.gz,8263.1,360d42b2-0111-455f-8195-1673c0d593b4
GTOP-BB251,RNA-seq,Illumina NovaSeq X,Pancreas_Head,fastq,GTOP-BB251-1108_2.fq.gz,8252.4,35a55d1e-17f9-45d0-aab2-04f6ce2e0a94
GTOP-BB251,RNA-seq,Illumina NovaSeq X,Pancreas_Body,fastq,GTOP-BB251-1236_1.fq.gz,7571,a150945a-d1ad-4c05-8795-d40e7e098a4c
GTOP-BB251,RNA-seq,Illumina NovaSeq X,Pancreas_Body,fastq,GTOP-BB251-1236_2.fq.gz,7543.9,ae10e0c1-a349-484b-8434-65deefdf1862
GTOP-BB251,RNA-seq,Illumina NovaSeq X,Pancreas_Tail,fastq,GTOP-BB251-1392_1.fq.gz,6595.5,2dd979d2-5155-445f-8081-cd3df86b6e69
GTOP-BB251,RNA-seq,Illumina NovaSeq X,Pancreas_Tail,fastq,GTOP-BB251-1392_2.fq.gz,6538.5,9e733411-ee8c-40f3-ac9e-a3eb25b5ae4d
GTOP-BB251,RNA-seq,Illumina NovaSeq X,Gallbladder,fastq,GTOP-BB251-1856_1.fq.gz,3721.6,5fbacf18-f361-4a2f-9c22-91829efaf9de
GTOP-BB251,RNA-seq,Illumina NovaSeq X,Gallbladder,fastq,GTOP-BB251-1856_2.fq.gz,3731.1,f197aaa4-a742-49e3-8cb9-8b0594b7531b
GTOP-BB251,RNA-seq,Illumina NovaSeq X,Adrenal_Gland,fastq,GTOP-BB251-2099_1.fq.gz,3603.8,e9dc031f-a978-4dcb-8e7f-1fb0f0837848
GTOP-BB251,RNA-seq,Illumina NovaSeq X,Adrenal_Gland,fastq,GTOP-BB251-2099_2.fq.gz,3603.7,fb24540c-5cdb-4063-9c83-a380b2cb5af2
GTOP-BB261,RNA-seq,Illumina NovaSeq X,Liver,fastq,GTOP-BB261-1053_1.fq.gz,3525.4,c1357447-dde6-44ad-bd10-025c50c986d6
GTOP-BB261,RNA-seq,Illumina NovaSeq X,Liver,fastq,GTOP-BB261-1053_2.fq.gz,3580.7,2627335d-4cbd-42dc-bfc5-c054b376b6eb
GTOP-BB261,RNA-seq,Illumina NovaSeq X,Pancreas_Head,fastq,GTOP-BB261-1108_1.fq.gz,6882.4,97ea43b4-d516-4096-aaee-bfdcd9e9ce9b
GTOP-BB261,RNA-seq,Illumina NovaSeq X,Pancreas_Head,fastq,GTOP-BB261-1108_2.fq.gz,6861.8,1f1d6f2b-2a60-476e-9d52-c282629839b3
GTOP-BB261,RNA-seq,Illumina NovaSeq X,Pancreas_Body,fastq,GTOP-BB261-1236_1.fq.gz,6895.8,5abad278-d521-4840-916a-09ed25439e78
GTOP-BB261,RNA-seq,Illumina NovaSeq X,Pancreas_Body,fastq,GTOP-BB261-1236_2.fq.gz,6853.2,7b629eab-c298-48d5-8d4b-aeba5185718e
GTOP-BB261,RNA-seq,Illumina NovaSeq X,Pancreas_Tail,fastq,GTOP-BB261-1392_1.fq.gz,5263.3,4b6eab2c-74b7-479b-84fe-0e82cd73b470
GTOP-BB261,RNA-seq,Illumina NovaSeq X,Pancreas_Tail,fastq,GTOP-BB261-1392_2.fq.gz,5352.9,6d31fc9f-4048-4f6f-9312-41d0e2b70e78
GTOP-BB261,RNA-seq,Illumina NovaSeq X,Gallbladder,fastq,GTOP-BB261-1856_1.fq.gz,3655.8,22679d52-baad-41ef-949e-93f9df64bd4f
GTOP-BB261,RNA-seq,Illumina NovaSeq X,Gallbladder,fastq,GTOP-BB261-1856_2.fq.gz,3647.6,91036c7b-5975-4440-8e87-48b056dc4a79
GTOP-BB261,RNA-seq,Illumina NovaSeq X,Adrenal_Gland,fastq,GTOP-BB261-2099_1.fq.gz,3567.4,a3b7e4b9-73f8-4a24-a5bf-9faf6f87166f
GTOP-BB261,RNA-seq,Illumina NovaSeq X,Adrenal_Gland,fastq,GTOP-BB261-2099_2.fq.gz,3596.4,8eba7012-e226-424c-b805-ef3d216ee12f
GTOP-BC041,RNA-seq,Illumina NovaSeq X,Muscle,fastq,GTOP-BC041-0087_1.fq.gz,4205.3,98619df9-b615-4105-9746-57470af982c1
GTOP-BC041,RNA-seq,Illumina NovaSeq X,Muscle,fastq,GTOP-BC041-0087_2.fq.gz,4212.3,54cc1913-60ef-4b7c-a5c6-ee48ff098da5
GTOP-BC041,RNA-seq,Illumina NovaSeq X,Adipose,fastq,GTOP-BC041-0160_1.fq.gz,4731.8,09bc96a7-66d4-448d-acb3-de56a098c17e
GTOP-BC041,RNA-seq,Illumina NovaSeq X,Adipose,fastq,GTOP-BC041-0160_2.fq.gz,4767.3,ac7e15d9-ac88-43bb-a39e-e45b002c2649
GTOP-BC041,RNA-seq,Illumina NovaSeq X,Skin,fastq,GTOP-BC041-0262_1.fq.gz,6491,d321a5f9-6e79-499b-9024-c654c0c9a7f1
GTOP-BC041,RNA-seq,Illumina NovaSeq X,Skin,fastq,GTOP-BC041-0262_2.fq.gz,6687.8,d343e48b-a4e8-4431-9626-9d3ae4852f03
GTOP-BC041,RNA-seq,Illumina NovaSeq X,Liver,fastq,GTOP-BC041-1053_1.fq.gz,3819.3,39ef4a2f-e0e0-4539-b16f-92e9c561883f
GTOP-BC041,RNA-seq,Illumina NovaSeq X,Liver,fastq,GTOP-BC041-1053_2.fq.gz,3849.1,9ae7b956-7964-4263-8358-7677762f88d8
GTOP-BC041,RNA-seq,Illumina NovaSeq X,Pancreas_Head,fastq,GTOP-BC041-1108_1.fq.gz,3667,6cab4c56-80bc-4470-93eb-b9ca4b4bda79
GTOP-BC041,RNA-seq,Illumina NovaSeq X,Pancreas_Head,fastq,GTOP-BC041-1108_2.fq.gz,3690.3,1b8dc2d1-5077-4ef6-9f17-e69df411f25c
GTOP-BC041,RNA-seq,Illumina NovaSeq X,Pancreas_Body,fastq,GTOP-BC041-1236_1.fq.gz,3994.3,5b0274cf-322f-4848-88d0-56b08d71b23d
GTOP-BC041,RNA-seq,Illumina NovaSeq X,Pancreas_Body,fastq,GTOP-BC041-1236_2.fq.gz,4043.2,11d8bd69-f13f-4c2e-ad2e-f22698f42d9d
GTOP-BC041,RNA-seq,Illumina NovaSeq X,Pancreas_Tail,fastq,GTOP-BC041-1392_1.fq.gz,4197.1,d413d10c-c194-48b2-87dd-5e559179cd2b
GTOP-BC041,RNA-seq,Illumina NovaSeq X,Pancreas_Tail,fastq,GTOP-BC041-1392_2.fq.gz,4224.6,459761ab-a2bb-4681-a661-9fa438723eb8
GTOP-BC041,RNA-seq,Illumina NovaSeq X,Gallbladder,fastq,GTOP-BC041-1856_1.fq.gz,4482.6,72322732-1945-4f32-acae-621f974a3127
GTOP-BC041,RNA-seq,Illumina NovaSeq X,Gallbladder,fastq,GTOP-BC041-1856_2.fq.gz,4500.4,8a8af12b-5e3b-4a74-888e-6294da1929fe
GTOP-BC041,RNA-seq,Illumina NovaSeq X,Adrenal_Gland,fastq,GTOP-BC041-2099_1.fq.gz,4604.4,221e3078-9241-448c-9b66-7da520a17ac1
GTOP-BC041,RNA-seq,Illumina NovaSeq X,Adrenal_Gland,fastq,GTOP-BC041-2099_2.fq.gz,4627.7,55b71923-a755-4363-906d-9128c15dc97a
GTOP-BC041,RNA-seq,Illumina NovaSeq X,Spleen,fastq,GTOP-BC041-3082_1.fq.gz,5445.2,64b005bc-1419-4ad2-b97b-b0c67783ded9
GTOP-BC041,RNA-seq,Illumina NovaSeq X,Spleen,fastq,GTOP-BC041-3082_2.fq.gz,5455.9,854f6e34-16ac-474b-9862-f24183aa9b95
GTOP-BC061,RNA-seq,Illumina NovaSeq X,Muscle,fastq,GTOP-BC061-0087_1.fq.gz,4059.3,504da3d6-f5fa-4dcb-ad6d-08dd0eb8b444
GTOP-BC061,RNA-seq,Illumina NovaSeq X,Muscle,fastq,GTOP-BC061-0087_2.fq.gz,4074.6,74fcad57-c31a-4094-bfda-070b466066f7
GTOP-BC061,RNA-seq,Illumina NovaSeq X,Adipose,fastq,GTOP-BC061-0160_1.fq.gz,3687,925d330b-2822-4800-abba-121ca697a1d3
GTOP-BC061,RNA-seq,Illumina NovaSeq X,Adipose,fastq,GTOP-BC061-0160_2.fq.gz,3688.6,62e9a9aa-6f16-49cc-8a2a-503529f1844a
GTOP-BC061,RNA-seq,Illumina NovaSeq X,Whole_Blood,fastq,GTOP-BC061-0378_1.fq.gz,3639.8,4d2cbc3a-b154-4c85-894f-2fc118021c6e
GTOP-BC061,RNA-seq,Illumina NovaSeq X,Whole_Blood,fastq,GTOP-BC061-0378_2.fq.gz,3634.2,0e2fd6dd-3a67-4458-bf73-c27fdffc1b96
GTOP-BC061,RNA-seq,Illumina NovaSeq X,Liver,fastq,GTOP-BC061-1053_1.fq.gz,3421.4,831a02c7-67ae-4d19-a37b-5e45cc468e03
GTOP-BC061,RNA-seq,Illumina NovaSeq X,Liver,fastq,GTOP-BC061-1053_2.fq.gz,3438.6,f8ec911b-78d7-478b-8bc2-b012d5b61516
GTOP-BC061,RNA-seq,Illumina NovaSeq X,Pancreas_Head,fastq,GTOP-BC061-1108_1.fq.gz,3629.7,0bd7c714-9955-4506-a159-048477cc1637
GTOP-BC061,RNA-seq,Illumina NovaSeq X,Pancreas_Head,fastq,GTOP-BC061-1108_2.fq.gz,3644.6,1ebd0890-5a54-480a-bead-1a3871d879c0
GTOP-BC061,RNA-seq,Illumina NovaSeq X,Pancreas_Body,fastq,GTOP-BC061-1236_1.fq.gz,3679.1,2930fd00-ab04-45de-8da5-d226304648ae
GTOP-BC061,RNA-seq,Illumina NovaSeq X,Pancreas_Body,fastq,GTOP-BC061-1236_2.fq.gz,3721.9,cfd07906-1ece-4251-b2c2-65d1a5432c95
GTOP-BC061,RNA-seq,Illumina NovaSeq X,Pancreas_Tail,fastq,GTOP-BC061-1392_1.fq.gz,3454.1,b65bf8e9-cd08-4489-af0b-593335081a3e
GTOP-BC061,RNA-seq,Illumina NovaSeq X,Pancreas_Tail,fastq,GTOP-BC061-1392_2.fq.gz,3470.1,77aaa657-ea47-4ee3-9944-a01c220a1a5c
GTOP-BC061,RNA-seq,Illumina NovaSeq X,Gallbladder,fastq,GTOP-BC061-1856_1.fq.gz,3433.2,8d84f561-c4d8-4dc6-95e2-6f480f0ccd6e
GTOP-BC061,RNA-seq,Illumina NovaSeq X,Gallbladder,fastq,GTOP-BC061-1856_2.fq.gz,3470.2,491e1d22-aaf4-4533-86dc-4d9938c081d5
GTOP-BC061,RNA-seq,Illumina NovaSeq X,Adrenal_Gland,fastq,GTOP-BC061-2099_1.fq.gz,3445.6,3a5ec94b-9ce1-422e-970b-aa5a0184b6f4
GTOP-BC061,RNA-seq,Illumina NovaSeq X,Adrenal_Gland,fastq,GTOP-BC061-2099_2.fq.gz,3466.2,35c8d48c-47f6-463f-822a-96b017029063
GTOP-BC161,RNA-seq,Illumina NovaSeq X,Muscle,fastq,GTOP-BC161-0087_1.fq.gz,3579.4,902559fd-057f-43fc-9ed3-5cc14c8cfc4a
GTOP-BC161,RNA-seq,Illumina NovaSeq X,Muscle,fastq,GTOP-BC161-0087_2.fq.gz,3593.6,df133d6e-08ab-4b09-86ff-61a0de054780
GTOP-BC161,RNA-seq,Illumina NovaSeq X,Adipose,fastq,GTOP-BC161-0160_1.fq.gz,3717.3,048fb001-717c-452a-9775-27d768142ef5
GTOP-BC161,RNA-seq,Illumina NovaSeq X,Adipose,fastq,GTOP-BC161-0160_2.fq.gz,3746,2ba59018-ab67-4a90-b5df-610757bb7b9e
GTOP-BC161,RNA-seq,Illumina NovaSeq X,Whole_Blood,fastq,GTOP-BC161-0378_1.fq.gz,3392.3,bb1999a7-7087-43d2-957d-c66300a2dccd
GTOP-BC161,RNA-seq,Illumina NovaSeq X,Whole_Blood,fastq,GTOP-BC161-0378_2.fq.gz,3399.3,502682d3-8221-44bb-b908-66f75b4829ff
GTOP-BC161,RNA-seq,Illumina NovaSeq X,Liver,fastq,GTOP-BC161-1053_1.fq.gz,3800.9,fcc96023-93c2-4c2c-92d2-ecd603609caa
GTOP-BC161,RNA-seq,Illumina NovaSeq X,Liver,fastq,GTOP-BC161-1053_2.fq.gz,3811.8,1ebcdfc5-d5c2-4401-8b60-b3ef61ae1a50
GTOP-BC161,RNA-seq,Illumina NovaSeq X,Pancreas_Head,fastq,GTOP-BC161-1108_1.fq.gz,3291.4,a930670f-6a1d-478f-bdb7-8ea4c216b3dd
GTOP-BC161,RNA-seq,Illumina NovaSeq X,Pancreas_Head,fastq,GTOP-BC161-1108_2.fq.gz,3314.5,4a9eb9e5-0686-4ef7-9d40-be53229768bf
GTOP-BC161,RNA-seq,Illumina NovaSeq X,Pancreas_Body,fastq,GTOP-BC161-1236_1.fq.gz,3610,3b9b96b1-c55d-41bc-a960-5a2deb5c56c3
GTOP-BC161,RNA-seq,Illumina NovaSeq X,Pancreas_Body,fastq,GTOP-BC161-1236_2.fq.gz,3637.8,c6aa2547-2d75-4632-b782-4efd4d018eee
GTOP-BC161,RNA-seq,Illumina NovaSeq X,Pancreas_Tail,fastq,GTOP-BC161-1392_1.fq.gz,3322.4,eb760cef-9615-4fc4-a55d-9d680db0eeca
GTOP-BC161,RNA-seq,Illumina NovaSeq X,Pancreas_Tail,fastq,GTOP-BC161-1392_2.fq.gz,3348.8,7b211a6f-e643-4579-83b8-c9cf33765e1c
GTOP-BC161,RNA-seq,Illumina NovaSeq X,Gallbladder,fastq,GTOP-BC161-1856_1.fq.gz,3563.9,e16e1237-ea11-4bd6-9e4b-057e99158345
GTOP-BC161,RNA-seq,Illumina NovaSeq X,Gallbladder,fastq,GTOP-BC161-1856_2.fq.gz,3567.2,6a8ed901-74e8-47cc-b602-ea6484416b4e
GTOP-BC161,RNA-seq,Illumina NovaSeq X,Adrenal_Gland,fastq,GTOP-BC161-2099_1.fq.gz,3361.9,3f71b895-7bc5-4350-9973-28ff725a5300
GTOP-BC161,RNA-seq,Illumina NovaSeq X,Adrenal_Gland,fastq,GTOP-BC161-2099_2.fq.gz,3374,6ee38db6-a419-462f-afb7-a0060ed6f883
GTOP-BC171,RNA-seq,Illumina NovaSeq X,Whole_Blood,fastq,GTOP-BC171-0378_1.fq.gz,3398.3,f4ee80cc-2c18-46bd-af41-09034f906267
GTOP-BC171,RNA-seq,Illumina NovaSeq X,Whole_Blood,fastq,GTOP-BC171-0378_2.fq.gz,3381.3,51d0b229-1d72-4768-99d4-388e5dcdf4bb
GTOP-BC171,RNA-seq,Illumina NovaSeq X,Liver,fastq,GTOP-BC171-1053_1.fq.gz,3555.5,16a077d2-17ab-4b8b-9c32-c22da188a3d9
GTOP-BC171,RNA-seq,Illumina NovaSeq X,Liver,fastq,GTOP-BC171-1053_2.fq.gz,3546.9,104f9033-13ff-4e8d-9cef-0591e88bb575
GTOP-BC171,RNA-seq,Illumina NovaSeq X,Pancreas_Head,fastq,GTOP-BC171-1108_1.fq.gz,3555.5,0d4fe534-0ef7-4c63-87c2-29fd184d9c8f
GTOP-BC171,RNA-seq,Illumina NovaSeq X,Pancreas_Head,fastq,GTOP-BC171-1108_2.fq.gz,3561.1,363097ce-a580-48eb-b097-85adadf378d8
GTOP-BC171,RNA-seq,Illumina NovaSeq X,Gallbladder,fastq,GTOP-BC171-1856_1.fq.gz,3400.3,b75f4d6d-8890-4ac2-abb0-05ac28bbea50
GTOP-BC171,RNA-seq,Illumina NovaSeq X,Gallbladder,fastq,GTOP-BC171-1856_2.fq.gz,3425,35b27c9e-9a38-4cb5-92b0-141f9e8156fb
GTOP-BC171,RNA-seq,Illumina NovaSeq X,Adrenal_Gland,fastq,GTOP-BC171-2099_1.fq.gz,3395,1d1367e8-9520-4a4b-8a50-67f7d8e80ff5
GTOP-BC171,RNA-seq,Illumina NovaSeq X,Adrenal_Gland,fastq,GTOP-BC171-2099_2.fq.gz,3394.6,55d13d6e-84c3-4f29-981a-10cedf3fc492
GTOP-BC181,RNA-seq,Illumina NovaSeq X,Muscle,fastq,GTOP-BC181-0087_1.fq.gz,3383.9,83a71196-2499-448d-bc2b-89e290236dac
GTOP-BC181,RNA-seq,Illumina NovaSeq X,Muscle,fastq,GTOP-BC181-0087_2.fq.gz,3390.2,f775a759-09f7-4227-b0f4-2e9ad025aca9
GTOP-BC181,RNA-seq,Illumina NovaSeq X,Adipose,fastq,GTOP-BC181-0160_1.fq.gz,3581.3,2c359c2d-068e-42ea-9ced-5b76ca2180d3
GTOP-BC181,RNA-seq,Illumina NovaSeq X,Adipose,fastq,GTOP-BC181-0160_2.fq.gz,3587.6,9d221121-41c9-4b17-a28f-f46a92747dad
GTOP-BC181,RNA-seq,Illumina NovaSeq X,Whole_Blood,fastq,GTOP-BC181-0378_1.fq.gz,3477.2,42328794-246b-4eb1-b575-764e29e501c8
GTOP-BC181,RNA-seq,Illumina NovaSeq X,Whole_Blood,fastq,GTOP-BC181-0378_2.fq.gz,3476.8,91f94bb5-4042-4cb9-b6d4-7666b5c78140
GTOP-BC181,RNA-seq,Illumina NovaSeq X,Liver,fastq,GTOP-BC181-1053_1.fq.gz,3394,3ab3fe9e-f98b-4e8d-97d8-c2d5c226b168
GTOP-BC181,RNA-seq,Illumina NovaSeq X,Liver,fastq,GTOP-BC181-1053_2.fq.gz,3401.7,af83e9a5-7a3c-477f-a27e-14a6f933d11b
GTOP-BC181,RNA-seq,Illumina NovaSeq X,Pancreas_Head,fastq,GTOP-BC181-1108_1.fq.gz,3564.3,0fa810d1-e92d-4149-93e3-c69b6d3c6c00
GTOP-BC181,RNA-seq,Illumina NovaSeq X,Pancreas_Head,fastq,GTOP-BC181-1108_2.fq.gz,3559.8,4f6ef717-2123-4386-b009-f135e0bbf6c7
GTOP-BC181,RNA-seq,Illumina NovaSeq X,Pancreas_Body,fastq,GTOP-BC181-1236_1.fq.gz,3599,3f54878a-b71f-4419-9311-b3a6625b58ac
GTOP-BC181,RNA-seq,Illumina NovaSeq X,Pancreas_Body,fastq,GTOP-BC181-1236_2.fq.gz,3602,3e4d75c5-8177-45ec-8e94-592673acf851
GTOP-BC181,RNA-seq,Illumina NovaSeq X,Pancreas_Tail,fastq,GTOP-BC181-1392_1.fq.gz,3693.2,ae028bd7-3f4c-44a5-8a66-8989397de4aa
GTOP-BC181,RNA-seq,Illumina NovaSeq X,Pancreas_Tail,fastq,GTOP-BC181-1392_2.fq.gz,3685.3,f97d79b5-2109-4849-9be7-c82f8409ea66
GTOP-BC181,RNA-seq,Illumina NovaSeq X,Adrenal_Gland,fastq,GTOP-BC181-2099_1.fq.gz,3919.4,8df06a87-e54b-4107-a683-7e2c82444118
GTOP-BC181,RNA-seq,Illumina NovaSeq X,Adrenal_Gland,fastq,GTOP-BC181-2099_2.fq.gz,3925.1,a83c3e93-8b48-48bc-bb93-a348ac2bbe44
GTOP-BC181,RNA-seq,Illumina NovaSeq X,Spleen,fastq,GTOP-BC181-3082_1.fq.gz,3555.1,f8c42867-d530-4c23-a194-aadd275a1de3
GTOP-BC181,RNA-seq,Illumina NovaSeq X,Spleen,fastq,GTOP-BC181-3082_2.fq.gz,3560,1650711b-b30b-421c-94af-d08291f95f6b
GTOP-BC181,RNA-seq,Illumina NovaSeq X,Skin,fastq,GTOP-BC181-0262_1.fq.gz,6394.4,436c254b-cc9c-4ae5-82a1-c4c44b59a67d
GTOP-BC181,RNA-seq,Illumina NovaSeq X,Skin,fastq,GTOP-BC181-0262_2.fq.gz,6490.7,c1fc405a-dbec-428c-b3ec-84e52d291cb8
GTOP-BC191,RNA-seq,Illumina NovaSeq X,Whole_Blood,fastq,GTOP-BC191-0378_1.fq.gz,3409.5,18ee2c04-47d1-466d-a617-b12a342a18b1
GTOP-BC191,RNA-seq,Illumina NovaSeq X,Whole_Blood,fastq,GTOP-BC191-0378_2.fq.gz,3405.8,9a283856-0850-47bb-bc03-f2aa9ac97bf8
GTOP-BC191,RNA-seq,Illumina NovaSeq X,Liver,fastq,GTOP-BC191-1053_1.fq.gz,3526.9,9d5e47b1-75d7-4e61-925e-82a5a1d8fee2
GTOP-BC191,RNA-seq,Illumina NovaSeq X,Liver,fastq,GTOP-BC191-1053_2.fq.gz,3522.5,7e5e374f-b328-46d1-b0da-0aea0e97462a
GTOP-BC191,RNA-seq,Illumina NovaSeq X,Pancreas_Head,fastq,GTOP-BC191-1108_1.fq.gz,3662.6,bfe023fd-e8c8-478e-a44f-c93119f19ddf
GTOP-BC191,RNA-seq,Illumina NovaSeq X,Pancreas_Head,fastq,GTOP-BC191-1108_2.fq.gz,3669.2,ff5fa2d0-beaf-492b-838e-e68b9b1fd3e5
GTOP-BC191,RNA-seq,Illumina NovaSeq X,Pancreas_Body,fastq,GTOP-BC191-1236_1.fq.gz,4031.4,6e0e15b9-e710-423e-a1a2-6831ab38d8a5
GTOP-BC191,RNA-seq,Illumina NovaSeq X,Pancreas_Body,fastq,GTOP-BC191-1236_2.fq.gz,4042.8,0f0177c7-34ab-437d-9d8e-503d50b0f31b
GTOP-BC191,RNA-seq,Illumina NovaSeq X,Pancreas_Tail,fastq,GTOP-BC191-1392_1.fq.gz,3512.5,3ec237a4-84c8-4e19-9715-17c5018895e5
GTOP-BC191,RNA-seq,Illumina NovaSeq X,Pancreas_Tail,fastq,GTOP-BC191-1392_2.fq.gz,3516.8,4338379e-f9fe-41a1-be02-e78e8747ef7a
GTOP-BC191,RNA-seq,Illumina NovaSeq X,Gallbladder,fastq,GTOP-BC191-1856_1.fq.gz,3610.3,f884ff8a-fc8b-4f79-b142-a835bd6962fd
GTOP-BC191,RNA-seq,Illumina NovaSeq X,Gallbladder,fastq,GTOP-BC191-1856_2.fq.gz,3648.6,a08e0d67-4136-4f2a-9f78-6825ad0cf50b
GTOP-BC191,RNA-seq,Illumina NovaSeq X,Adrenal_Gland,fastq,GTOP-BC191-2099_1.fq.gz,3493.7,60a3af78-3982-4c70-a81b-c443174f0dfd
GTOP-BC191,RNA-seq,Illumina NovaSeq X,Adrenal_Gland,fastq,GTOP-BC191-2099_2.fq.gz,3506.7,bf9fde5b-d713-403b-8e2d-a2ed0d38b494
GTOP-BD011,RNA-seq,Illumina NovaSeq X,Muscle,fastq,GTOP-BD011-0087_1.fq.gz,3537.4,bb42fac4-a6d7-4510-aaaa-83080f3a4342
GTOP-BD011,RNA-seq,Illumina NovaSeq X,Muscle,fastq,GTOP-BD011-0087_2.fq.gz,3535.7,023e2fd3-5a07-4fc6-825d-94f2baafd213
GTOP-BD011,RNA-seq,Illumina NovaSeq X,Adipose,fastq,GTOP-BD011-0160_1.fq.gz,3652.9,bfff4682-c99d-4731-ab2d-1d74a6a0f704
GTOP-BD011,RNA-seq,Illumina NovaSeq X,Adipose,fastq,GTOP-BD011-0160_2.fq.gz,3655.2,24b6ca75-915f-46dd-9963-83b7cb32c568
GTOP-BD011,RNA-seq,Illumina NovaSeq X,Whole_Blood,fastq,GTOP-BD011-0378_1.fq.gz,3469,cdff8614-bccf-416a-9871-f17b4d8170e9
GTOP-BD011,RNA-seq,Illumina NovaSeq X,Whole_Blood,fastq,GTOP-BD011-0378_2.fq.gz,3465,cc95679d-0ca6-4f58-854a-4ed7045791d1
GTOP-BD011,RNA-seq,Illumina NovaSeq X,Liver,fastq,GTOP-BD011-1053_1.fq.gz,3572.2,0b9aa6e2-dc98-474f-8845-e55f5a71aedc
GTOP-BD011,RNA-seq,Illumina NovaSeq X,Liver,fastq,GTOP-BD011-1053_2.fq.gz,3599.9,2e1597b6-25ac-49b6-b6ee-862e15c6efff
GTOP-BD011,RNA-seq,Illumina NovaSeq X,Pancreas_Head,fastq,GTOP-BD011-1108_1.fq.gz,3496.8,f4696a41-a4eb-4038-aeec-a193af1060d8
GTOP-BD011,RNA-seq,Illumina NovaSeq X,Pancreas_Head,fastq,GTOP-BD011-1108_2.fq.gz,3513.4,deb34b2a-ae5d-4361-8dde-e80f35695b2b
GTOP-BD011,RNA-seq,Illumina NovaSeq X,Pancreas_Body,fastq,GTOP-BD011-1236_1.fq.gz,3634.7,a49d42d1-acb2-4976-82c1-6fd50e109763
GTOP-BD011,RNA-seq,Illumina NovaSeq X,Pancreas_Body,fastq,GTOP-BD011-1236_2.fq.gz,3642.5,65948d85-0a34-4e6b-83f0-381c2ae8182f
GTOP-BD011,RNA-seq,Illumina NovaSeq X,Pancreas_Tail,fastq,GTOP-BD011-1392_1.fq.gz,3952.9,85438316-adba-4617-9a0d-f913cce35ebd
GTOP-BD011,RNA-seq,Illumina NovaSeq X,Pancreas_Tail,fastq,GTOP-BD011-1392_2.fq.gz,3947.9,d810a1e0-42e3-49c8-ba55-892ba123ca71
GTOP-BD011,RNA-seq,Illumina NovaSeq X,Gallbladder,fastq,GTOP-BD011-1856_1.fq.gz,6830.2,f3c1f0c1-a848-4d1a-b25b-cd5688255c14
GTOP-BD011,RNA-seq,Illumina NovaSeq X,Gallbladder,fastq,GTOP-BD011-1856_2.fq.gz,6795.5,666d30ef-0f04-47e2-81b1-071809404176
GTOP-BD011,RNA-seq,Illumina NovaSeq X,Adrenal_Gland,fastq,GTOP-BD011-2099_1.fq.gz,3501.2,5b53b0f5-dfe6-4dd8-98f8-3c878fd07f9d
GTOP-BD011,RNA-seq,Illumina NovaSeq X,Adrenal_Gland,fastq,GTOP-BD011-2099_2.fq.gz,3528.7,eeede076-7b40-433c-925f-21e24c4d4501
GTOP-BD201,RNA-seq,Illumina NovaSeq X,Muscle,fastq,GTOP-BD201-0087_1.fq.gz,4449.9,a14c07ff-6901-41c4-8596-0a6005919893
GTOP-BD201,RNA-seq,Illumina NovaSeq X,Muscle,fastq,GTOP-BD201-0087_2.fq.gz,4445.8,4de33c1d-ea02-4b5e-9eb6-49c1af75b223
GTOP-BD201,RNA-seq,Illumina NovaSeq X,Adipose,fastq,GTOP-BD201-0160_1.fq.gz,3493,2ccfb079-c9c6-4571-9266-31bf97ad6906
GTOP-BD201,RNA-seq,Illumina NovaSeq X,Adipose,fastq,GTOP-BD201-0160_2.fq.gz,3498.2,74c292c0-0a77-490e-ae9a-2db1e34ca245
GTOP-BD201,RNA-seq,Illumina NovaSeq X,Whole_Blood,fastq,GTOP-BD201-0378_1.fq.gz,3406.6,ea2cd8a9-b266-416b-a2d3-d913054079eb
GTOP-BD201,RNA-seq,Illumina NovaSeq X,Whole_Blood,fastq,GTOP-BD201-0378_2.fq.gz,3410.9,d2d31430-5454-4ec4-a082-3c4fda11a4a6
GTOP-BD201,RNA-seq,Illumina NovaSeq X,Liver,fastq,GTOP-BD201-1053_1.fq.gz,3503,f2f30df8-13df-4c61-9334-7c685a84b790
GTOP-BD201,RNA-seq,Illumina NovaSeq X,Liver,fastq,GTOP-BD201-1053_2.fq.gz,3518.1,37bbb0ee-fc9f-4eea-9f33-d07e96a28051
GTOP-BD201,RNA-seq,Illumina NovaSeq X,Pancreas_Head,fastq,GTOP-BD201-1108_1.fq.gz,3724.9,19f499d3-2f8d-4ea2-b158-c140d0ee613d
GTOP-BD201,RNA-seq,Illumina NovaSeq X,Pancreas_Head,fastq,GTOP-BD201-1108_2.fq.gz,3755.4,9f5bb149-df38-494d-a052-3e9a21d6948a
GTOP-BD201,RNA-seq,Illumina NovaSeq X,Pancreas_Body,fastq,GTOP-BD201-1236_1.fq.gz,3311.9,7ed7e692-dd43-44ef-8b68-1ca7cf9a1614
GTOP-BD201,RNA-seq,Illumina NovaSeq X,Pancreas_Body,fastq,GTOP-BD201-1236_2.fq.gz,3323.7,f043369e-1065-438a-baa0-c288ee79c2d3
GTOP-BD201,RNA-seq,Illumina NovaSeq X,Pancreas_Tail,fastq,GTOP-BD201-1392_1.fq.gz,3423.3,4adf0826-bc0b-40b0-a3cc-19493fbf340a
GTOP-BD201,RNA-seq,Illumina NovaSeq X,Pancreas_Tail,fastq,GTOP-BD201-1392_2.fq.gz,3436.2,cc0d19c9-cfc2-4abd-9713-ac5e0d29183b
GTOP-BD201,RNA-seq,Illumina NovaSeq X,Gallbladder,fastq,GTOP-BD201-1856_1.fq.gz,3477.3,81e6a5ab-f241-42c5-bc11-95cf42740c1f
GTOP-BD201,RNA-seq,Illumina NovaSeq X,Gallbladder,fastq,GTOP-BD201-1856_2.fq.gz,3498.5,caa730e4-fe9c-47bd-a606-3d46a8b159b3
GTOP-BD201,RNA-seq,Illumina NovaSeq X,Adrenal_Gland,fastq,GTOP-BD201-2099_1.fq.gz,3530.6,993746db-8edc-47ca-a2cd-744f4232cafe
GTOP-BD201,RNA-seq,Illumina NovaSeq X,Adrenal_Gland,fastq,GTOP-BD201-2099_2.fq.gz,3542.8,a23524dc-0e12-4833-b56a-1978b542c8ce
GTOP-BD201,RNA-seq,Illumina NovaSeq X,Spleen,fastq,GTOP-BD201-3082_1.fq.gz,3573,3a64ac1c-caf9-455c-8bb1-fe7bbae4b10e
GTOP-BD201,RNA-seq,Illumina NovaSeq X,Spleen,fastq,GTOP-BD201-3082_2.fq.gz,3566.3,c283b337-7e51-44b4-8186-425265630f05
GTOP-BD201,RNA-seq,Illumina NovaSeq X,Skin,fastq,GTOP-BD201-0262_1.fq.gz,6676.7,718aaf1d-9b29-417a-9a61-bbdcf936a46a
GTOP-BD201,RNA-seq,Illumina NovaSeq X,Skin,fastq,GTOP-BD201-0262_2.fq.gz,6777.1,111b478c-f8e8-4c66-8995-54d8e4dbe333
GTOP-BE141,RNA-seq,Illumina NovaSeq X,Muscle,fastq,GTOP-BE141-0087_1.fq.gz,3540.1,8b51ccfa-b9ba-4955-b5a8-61b1e8dfff50
GTOP-BE141,RNA-seq,Illumina NovaSeq X,Muscle,fastq,GTOP-BE141-0087_2.fq.gz,3523.7,8a67320b-de8b-4915-a326-312af2ba4039
GTOP-BE141,RNA-seq,Illumina NovaSeq X,Adipose,fastq,GTOP-BE141-0160_1.fq.gz,3366.9,0335b562-4886-45e6-9bb1-7bf12ad3e3b3
GTOP-BE141,RNA-seq,Illumina NovaSeq X,Adipose,fastq,GTOP-BE141-0160_2.fq.gz,3385.6,48a8eb1d-f1ae-4b9d-8dee-7eebfe28c01e
GTOP-BE141,RNA-seq,Illumina NovaSeq X,Whole_Blood,fastq,GTOP-BE141-0378_1.fq.gz,3568.3,d7c8c7c2-b975-4893-b26b-d87f196e919e
GTOP-BE141,RNA-seq,Illumina NovaSeq X,Whole_Blood,fastq,GTOP-BE141-0378_2.fq.gz,3564.1,2d8a6eab-4137-4135-9e3f-8bed736a6a27
GTOP-BE141,RNA-seq,Illumina NovaSeq X,Liver,fastq,GTOP-BE141-1053_1.fq.gz,3489.7,95ab16f7-cb02-4899-9cc4-18221d492d82
GTOP-BE141,RNA-seq,Illumina NovaSeq X,Liver,fastq,GTOP-BE141-1053_2.fq.gz,3468.3,6996fd4e-d4be-455d-938c-ff45eb8c3482
GTOP-BE141,RNA-seq,Illumina NovaSeq X,Pancreas_Head,fastq,GTOP-BE141-1108_1.fq.gz,3431.1,289e51f6-7edd-4369-a37d-20d19a7ef72b
GTOP-BE141,RNA-seq,Illumina NovaSeq X,Pancreas_Head,fastq,GTOP-BE141-1108_2.fq.gz,3463.2,38d02557-8f4f-4964-8aff-cd71a0fc6b19
GTOP-BE141,RNA-seq,Illumina NovaSeq X,Pancreas_Body,fastq,GTOP-BE141-1236_1.fq.gz,3479.7,fdfbac8c-d2b2-4312-8862-05ff21f038bb
GTOP-BE141,RNA-seq,Illumina NovaSeq X,Pancreas_Body,fastq,GTOP-BE141-1236_2.fq.gz,3520.7,3f8a86e7-c241-4550-b6df-5958e71956a1
GTOP-BE141,RNA-seq,Illumina NovaSeq X,Pancreas_Tail,fastq,GTOP-BE141-1392_1.fq.gz,3535.1,865ddc0b-ee35-4df1-9ef6-6f3772fe5506
GTOP-BE141,RNA-seq,Illumina NovaSeq X,Pancreas_Tail,fastq,GTOP-BE141-1392_2.fq.gz,3550.9,7c482082-20b4-4ea7-b94d-dbdb65e187cd
GTOP-BE141,RNA-seq,Illumina NovaSeq X,Gallbladder,fastq,GTOP-BE141-1856_1.fq.gz,3367.4,7139d613-fa43-43aa-83a2-438754520def
GTOP-BE141,RNA-seq,Illumina NovaSeq X,Gallbladder,fastq,GTOP-BE141-1856_2.fq.gz,3382.2,e85a6343-9792-49e6-8ad8-e6a02a7d71dc
GTOP-BE141,RNA-seq,Illumina NovaSeq X,Adrenal_Gland,fastq,GTOP-BE141-2099_1.fq.gz,3494.6,5506c481-aadf-453a-ab98-7d3fd3f5283f
GTOP-BE141,RNA-seq,Illumina NovaSeq X,Adrenal_Gland,fastq,GTOP-BE141-2099_2.fq.gz,3494.5,57fcdbf2-d0bf-4dc5-9c0b-746170636184
GTOP-BE141,RNA-seq,Illumina NovaSeq X,Spleen,fastq,GTOP-BE141-3082_1.fq.gz,3505,b2af1005-4b0b-403e-9495-4feb94b86e8f
GTOP-BE141,RNA-seq,Illumina NovaSeq X,Spleen,fastq,GTOP-BE141-3082_2.fq.gz,3525.3,45518fc0-dff4-4ddc-8e72-c6e7a55202e1
GTOP-BE141,RNA-seq,Illumina NovaSeq X,Skin,fastq,GTOP-BE141-0262_1.fq.gz,6988.8,4bfb4f00-22cc-4a10-93d3-7b0eb8dde89b
GTOP-BE141,RNA-seq,Illumina NovaSeq X,Skin,fastq,GTOP-BE141-0262_2.fq.gz,7081.1,ccd20362-2d5a-4a66-a6c7-4616a5af5cf8
GTOP-BE161,RNA-seq,Illumina NovaSeq X,Adipose,fastq,GTOP-BE161-0160_1.fq.gz,3748.8,11204c55-a30c-4733-924f-ce156adfd154
GTOP-BE161,RNA-seq,Illumina NovaSeq X,Adipose,fastq,GTOP-BE161-0160_2.fq.gz,3752,a902c8a3-b54f-4d6f-bb04-93ae75703e74
GTOP-BE161,RNA-seq,Illumina NovaSeq X,Whole_Blood,fastq,GTOP-BE161-0378_1.fq.gz,3408.5,342cc540-6c09-420f-a9e8-59f3ee16e3dc
GTOP-BE161,RNA-seq,Illumina NovaSeq X,Whole_Blood,fastq,GTOP-BE161-0378_2.fq.gz,3415.4,431e2440-2082-4502-ba4b-11042714e51f
GTOP-BE161,RNA-seq,Illumina NovaSeq X,Liver,fastq,GTOP-BE161-1053_1.fq.gz,3555.4,53c73c48-f8b0-4bf6-8461-b0c240dd5dff
GTOP-BE161,RNA-seq,Illumina NovaSeq X,Liver,fastq,GTOP-BE161-1053_2.fq.gz,3554.4,d28f01e8-401a-4547-98b4-da39a3de6c53
GTOP-BE161,RNA-seq,Illumina NovaSeq X,Pancreas_Head,fastq,GTOP-BE161-1108_1.fq.gz,3902.4,06024de8-a799-4c9a-adee-2ce9a067d24e
GTOP-BE161,RNA-seq,Illumina NovaSeq X,Pancreas_Head,fastq,GTOP-BE161-1108_2.fq.gz,3937.9,705f0065-6f66-4736-beb3-05ef871c3d85
GTOP-BE161,RNA-seq,Illumina NovaSeq X,Pancreas_Body,fastq,GTOP-BE161-1236_1.fq.gz,3399,724ac154-6ef3-42a7-83ab-076844c8ec68
GTOP-BE161,RNA-seq,Illumina NovaSeq X,Pancreas_Body,fastq,GTOP-BE161-1236_2.fq.gz,3449.6,8448fb3f-5ed1-4486-ad49-e84d1e552668
GTOP-BE161,RNA-seq,Illumina NovaSeq X,Pancreas_Tail,fastq,GTOP-BE161-1392_1.fq.gz,3518.5,3d613d5c-77ab-4d25-836d-55e8c67e65e6
GTOP-BE161,RNA-seq,Illumina NovaSeq X,Pancreas_Tail,fastq,GTOP-BE161-1392_2.fq.gz,3521.5,019c6b7f-6817-4907-8672-3a9aa1703201
GTOP-BE161,RNA-seq,Illumina NovaSeq X,Esophagus,fastq,GTOP-BE161-1710_1.fq.gz,3368,87fe7fdc-429e-4d05-938a-663e620353f9
GTOP-BE161,RNA-seq,Illumina NovaSeq X,Esophagus,fastq,GTOP-BE161-1710_2.fq.gz,3383.6,8432af61-9d71-4125-995c-fec8438b5a7a
GTOP-BE161,RNA-seq,Illumina NovaSeq X,Gallbladder,fastq,GTOP-BE161-1856_1.fq.gz,3515.6,0fbef525-698d-4c28-ad68-4256e68d59fd
GTOP-BE161,RNA-seq,Illumina NovaSeq X,Gallbladder,fastq,GTOP-BE161-1856_2.fq.gz,3504.7,c48476b4-4ad6-4ab1-90bf-fef766b971d8
GTOP-BE161,RNA-seq,Illumina NovaSeq X,Adrenal_Gland,fastq,GTOP-BE161-2099_1.fq.gz,3641.6,8a0d499e-c7be-44f7-8a33-be173500e1bd
GTOP-BE161,RNA-seq,Illumina NovaSeq X,Adrenal_Gland,fastq,GTOP-BE161-2099_2.fq.gz,3630.9,65677a0e-dfbb-42c9-9392-9acadffa92d0
GTOP-BE161,RNA-seq,Illumina NovaSeq X,Trachea,fastq,GTOP-BE161-5302_1.fq.gz,3898.2,12469f6c-4434-4683-a96f-aa8d52b6e680
GTOP-BE161,RNA-seq,Illumina NovaSeq X,Trachea,fastq,GTOP-BE161-5302_2.fq.gz,3922.4,e0177eb2-d909-4bf7-a259-95baea6d29ef
GTOP-BE181,RNA-seq,Illumina NovaSeq X,Adipose,fastq,GTOP-BE181-0160_1.fq.gz,3485,ab277b30-b080-45e2-bf07-06e534d0dd2b
GTOP-BE181,RNA-seq,Illumina NovaSeq X,Adipose,fastq,GTOP-BE181-0160_2.fq.gz,3485.6,552d415a-68ab-416e-8806-f822cfd4d81b
GTOP-BE181,RNA-seq,Illumina NovaSeq X,Whole_Blood,fastq,GTOP-BE181-0378_1.fq.gz,3787.8,f050a81a-7ad2-49a3-b1bd-3e6ce5c060d0
GTOP-BE181,RNA-seq,Illumina NovaSeq X,Whole_Blood,fastq,GTOP-BE181-0378_2.fq.gz,3772.9,588636f8-984d-4734-8d8a-7be941e648ca
GTOP-BE181,RNA-seq,Illumina NovaSeq X,Pancreas_Head,fastq,GTOP-BE181-1108_1.fq.gz,3773.4,2a0c226d-f78e-4ac1-b87f-c0acf8ec50b4
GTOP-BE181,RNA-seq,Illumina NovaSeq X,Pancreas_Head,fastq,GTOP-BE181-1108_2.fq.gz,3781.1,52f597f7-5e61-488c-89ad-11a3bf14df2f
GTOP-BE181,RNA-seq,Illumina NovaSeq X,Pancreas_Body,fastq,GTOP-BE181-1236_1.fq.gz,3298.6,2eff5aef-b868-43e3-9554-494e2dd8d32e
GTOP-BE181,RNA-seq,Illumina NovaSeq X,Pancreas_Body,fastq,GTOP-BE181-1236_2.fq.gz,3307,c0f642bf-03b4-471c-9c2a-b7f1e95de2a7
GTOP-BE181,RNA-seq,Illumina NovaSeq X,Pancreas_Tail,fastq,GTOP-BE181-1392_1.fq.gz,3855,b066abde-c174-4a34-9c17-53592c0160df
GTOP-BE181,RNA-seq,Illumina NovaSeq X,Pancreas_Tail,fastq,GTOP-BE181-1392_2.fq.gz,3892.6,37b617b5-da20-49a3-9eca-6a4ed3516350
GTOP-BE181,RNA-seq,Illumina NovaSeq X,Gallbladder,fastq,GTOP-BE181-1856_1.fq.gz,6475.9,b698c62a-3d64-4030-a56d-f3c25539d4bf
GTOP-BE181,RNA-seq,Illumina NovaSeq X,Gallbladder,fastq,GTOP-BE181-1856_2.fq.gz,6623.6,f30abb00-7b2b-4f2d-8532-119abb428213
GTOP-BE181,RNA-seq,Illumina NovaSeq X,Adrenal_Gland,fastq,GTOP-BE181-2099_1.fq.gz,3388.7,b2981927-09ea-4dfa-8f6e-74f800da37de
GTOP-BE181,RNA-seq,Illumina NovaSeq X,Adrenal_Gland,fastq,GTOP-BE181-2099_2.fq.gz,3401.6,80e9189c-f638-421f-9ac7-b9b1a6f36c6f
GTOP-BE221,RNA-seq,Illumina NovaSeq X,Muscle,fastq,GTOP-BE221-0087_1.fq.gz,3557.9,7195cc9b-dc51-4e23-8488-64dd4e65f014
GTOP-BE221,RNA-seq,Illumina NovaSeq X,Muscle,fastq,GTOP-BE221-0087_2.fq.gz,3562.6,63ff178a-394a-425f-970c-d10c5cc7a0c4
GTOP-BE221,RNA-seq,Illumina NovaSeq X,Adipose,fastq,GTOP-BE221-0160_1.fq.gz,3550.2,e7c2af24-7716-45bb-9952-64b66560c667
GTOP-BE221,RNA-seq,Illumina NovaSeq X,Adipose,fastq,GTOP-BE221-0160_2.fq.gz,3555.2,b3ef61a3-a1c4-4a46-a8ca-5bbe87036240
GTOP-BE221,RNA-seq,Illumina NovaSeq X,Skin,fastq,GTOP-BE221-0262_1.fq.gz,3627.8,e9da585e-b757-401c-83c1-1c45b166030b
GTOP-BE221,RNA-seq,Illumina NovaSeq X,Skin,fastq,GTOP-BE221-0262_2.fq.gz,3641.3,15708e48-1d81-4317-9fd5-92729b58aae9
GTOP-BE221,RNA-seq,Illumina NovaSeq X,Whole_Blood,fastq,GTOP-BE221-0378_1.fq.gz,3498.5,b5bfc361-d2da-4b11-868c-f0f02e667cd1
GTOP-BE221,RNA-seq,Illumina NovaSeq X,Whole_Blood,fastq,GTOP-BE221-0378_2.fq.gz,3501.2,d6030615-fd51-4892-9c02-8e7df768a098
GTOP-BE221,RNA-seq,Illumina NovaSeq X,Liver,fastq,GTOP-BE221-1053_1.fq.gz,3491.3,b48b24dd-f6a4-4382-87ca-d63f2d0232f4
GTOP-BE221,RNA-seq,Illumina NovaSeq X,Liver,fastq,GTOP-BE221-1053_2.fq.gz,3484.3,c837535e-ed13-402b-a04c-da271052e962
GTOP-BE221,RNA-seq,Illumina NovaSeq X,Pancreas_Head,fastq,GTOP-BE221-1108_1.fq.gz,3618.9,76b49e01-4117-494b-a7d0-ddfa7f8b64cc
GTOP-BE221,RNA-seq,Illumina NovaSeq X,Pancreas_Head,fastq,GTOP-BE221-1108_2.fq.gz,3626.7,e9554130-5533-4156-9a32-5acc1a50e205
GTOP-BE221,RNA-seq,Illumina NovaSeq X,Pancreas_Body,fastq,GTOP-BE221-1236_1.fq.gz,3491.2,04cb66ad-61da-4dcd-8229-8d26d800e63c
GTOP-BE221,RNA-seq,Illumina NovaSeq X,Pancreas_Body,fastq,GTOP-BE221-1236_2.fq.gz,3515.8,f4465100-8e69-4d76-8adf-882e1fcd14b6
GTOP-BE221,RNA-seq,Illumina NovaSeq X,Pancreas_Tail,fastq,GTOP-BE221-1392_1.fq.gz,3515.2,d0d0830d-b99e-42a3-936d-0e3d73eebb0b
GTOP-BE221,RNA-seq,Illumina NovaSeq X,Pancreas_Tail,fastq,GTOP-BE221-1392_2.fq.gz,3518,49c5512b-0875-48a4-a0a1-b1ed41d8d02c
GTOP-BE221,RNA-seq,Illumina NovaSeq X,Gallbladder,fastq,GTOP-BE221-1856_1.fq.gz,3516.7,c1747877-81a9-4a22-8c88-11844d5ec9b3
GTOP-BE221,RNA-seq,Illumina NovaSeq X,Gallbladder,fastq,GTOP-BE221-1856_2.fq.gz,3514.2,fbb44197-8142-4ff7-b48f-c0f2d575479f
GTOP-BE221,RNA-seq,Illumina NovaSeq X,Adrenal_Gland,fastq,GTOP-BE221-2099_1.fq.gz,3472,da8185ab-cc5d-47e6-9e1d-a3ab2fe99837
GTOP-BE221,RNA-seq,Illumina NovaSeq X,Adrenal_Gland,fastq,GTOP-BE221-2099_2.fq.gz,3477.6,f2944738-7916-4ee3-a5a9-0b6d20eaad43
GTOP-BE221,RNA-seq,Illumina NovaSeq X,Spleen,fastq,GTOP-BE221-3082_1.fq.gz,3500.9,ada8fe53-86c5-447d-b3f3-5872922df91f
GTOP-BE221,RNA-seq,Illumina NovaSeq X,Spleen,fastq,GTOP-BE221-3082_2.fq.gz,3497.8,503fd3e0-6b83-4f8f-9df7-a32a6b58b5db
GTOP-BF221,RNA-seq,Illumina NovaSeq X,Muscle,fastq,GTOP-BF221-0087_1.fq.gz,3590.8,c30b8cf1-dd9f-4b83-8bca-53c4b810255f
GTOP-BF221,RNA-seq,Illumina NovaSeq X,Muscle,fastq,GTOP-BF221-0087_2.fq.gz,3592.3,e799f5d1-60d6-43bf-881a-e13f359d7a8c
GTOP-BF221,RNA-seq,Illumina NovaSeq X,Adipose,fastq,GTOP-BF221-0160_1.fq.gz,3495.4,fcaae613-7c1e-467a-ba94-663fa481bce2
GTOP-BF221,RNA-seq,Illumina NovaSeq X,Adipose,fastq,GTOP-BF221-0160_2.fq.gz,3485.8,430c587b-9127-4bd5-bf8b-b9e80797bbd8
GTOP-BF221,RNA-seq,Illumina NovaSeq X,Whole_Blood,fastq,GTOP-BF221-0378_1.fq.gz,3795,6b1ed177-020c-47ec-9ccd-757921859560
GTOP-BF221,RNA-seq,Illumina NovaSeq X,Whole_Blood,fastq,GTOP-BF221-0378_2.fq.gz,3783.6,35099626-d6ea-4825-ba49-a5f72a5e34c2
GTOP-BF221,RNA-seq,Illumina NovaSeq X,Liver,fastq,GTOP-BF221-1053_1.fq.gz,3483.6,095e86b2-4a28-459c-945c-f403bf2f189d
GTOP-BF221,RNA-seq,Illumina NovaSeq X,Liver,fastq,GTOP-BF221-1053_2.fq.gz,3473.8,8e4bd203-c5d1-48d8-8d4f-063d1973095e
GTOP-BF221,RNA-seq,Illumina NovaSeq X,Pancreas_Head,fastq,GTOP-BF221-1108_1.fq.gz,3427.7,6778b10a-ba91-43b2-96e9-50cc40033f4a
GTOP-BF221,RNA-seq,Illumina NovaSeq X,Pancreas_Head,fastq,GTOP-BF221-1108_2.fq.gz,3417.3,c85c723e-102b-40d6-8f25-76c5f5c34177
GTOP-BF221,RNA-seq,Illumina NovaSeq X,Pancreas_Body,fastq,GTOP-BF221-1236_1.fq.gz,6006.2,ffe75603-8b78-40a8-98c6-4ab85920d2b2
GTOP-BF221,RNA-seq,Illumina NovaSeq X,Pancreas_Body,fastq,GTOP-BF221-1236_2.fq.gz,6039.7,0b55b09e-d0ee-49e4-a487-db853af84381
GTOP-BF221,RNA-seq,Illumina NovaSeq X,Pancreas_Tail,fastq,GTOP-BF221-1392_1.fq.gz,4569.6,c092906f-012b-404d-97cd-2f5e1c9a2f70
GTOP-BF221,RNA-seq,Illumina NovaSeq X,Pancreas_Tail,fastq,GTOP-BF221-1392_2.fq.gz,4586.3,b2aa4f00-a852-4d57-8941-2ca8c808b62b
GTOP-BF221,RNA-seq,Illumina NovaSeq X,Gallbladder,fastq,GTOP-BF221-1856_1.fq.gz,5531.5,a6ba9354-c306-4a6f-935f-2b13bc8cbc1f
GTOP-BF221,RNA-seq,Illumina NovaSeq X,Gallbladder,fastq,GTOP-BF221-1856_2.fq.gz,5551.4,2268e145-22fc-43de-ab65-bf73c207e560
GTOP-BF221,RNA-seq,Illumina NovaSeq X,Adrenal_Gland,fastq,GTOP-BF221-2099_1.fq.gz,3740.3,d51613df-cc8c-4efb-ac5e-f93bddb1c24c
GTOP-BF221,RNA-seq,Illumina NovaSeq X,Adrenal_Gland,fastq,GTOP-BF221-2099_2.fq.gz,3763.5,75830e87-6f31-469a-b39b-51d89635c532
GTOP-BF221,RNA-seq,Illumina NovaSeq X,Spleen,fastq,GTOP-BF221-3082_1.fq.gz,3868.1,0a58254a-e2c4-4ef4-88d0-97a4cd5dfacb
GTOP-BF221,RNA-seq,Illumina NovaSeq X,Spleen,fastq,GTOP-BF221-3082_2.fq.gz,3880.9,1e407d45-71e9-4795-afbf-edd6545bae59
GTOP-BF221,RNA-seq,Illumina NovaSeq X,Skin,fastq,GTOP-BF221-0262_1.fq.gz,5794.6,4772dbd3-d550-4a30-97bb-e58d9704bf34
GTOP-BF221,RNA-seq,Illumina NovaSeq X,Skin,fastq,GTOP-BF221-0262_2.fq.gz,5877.2,ed6cb187-6a90-4b2e-8cc5-a7fc027d90b4
GTOP-BF251,RNA-seq,Illumina NovaSeq X,Adipose,fastq,GTOP-BF251-0160_1.fq.gz,3441.8,4f04f2fe-a8d4-4ac0-8f47-db89ffa3ec4b
GTOP-BF251,RNA-seq,Illumina NovaSeq X,Adipose,fastq,GTOP-BF251-0160_2.fq.gz,3482.5,0eb93295-49b7-41b9-aaae-16407fdc26ef
GTOP-BF251,RNA-seq,Illumina NovaSeq X,Whole_Blood,fastq,GTOP-BF251-0378_1.fq.gz,3798.6,07c793e5-7492-4739-871f-c7535a2910e7
GTOP-BF251,RNA-seq,Illumina NovaSeq X,Whole_Blood,fastq,GTOP-BF251-0378_2.fq.gz,3842.3,aba921e6-57b8-405f-9c35-15309e5672d2
GTOP-BF251,RNA-seq,Illumina NovaSeq X,Liver,fastq,GTOP-BF251-1053_1.fq.gz,3469.3,e9e43321-f260-4546-b1a4-542a15d31361
GTOP-BF251,RNA-seq,Illumina NovaSeq X,Liver,fastq,GTOP-BF251-1053_2.fq.gz,3496.3,85327014-5dd3-46d7-a822-d20e8251c02a
GTOP-BF251,RNA-seq,Illumina NovaSeq X,Pancreas_Head,fastq,GTOP-BF251-1108_1.fq.gz,3447.4,c5a95b38-f462-427a-9a91-5086ec12e605
GTOP-BF251,RNA-seq,Illumina NovaSeq X,Pancreas_Head,fastq,GTOP-BF251-1108_2.fq.gz,3490.8,3db73558-b07a-47d3-9daa-55a0048d971c
GTOP-BF251,RNA-seq,Illumina NovaSeq X,Pancreas_Body,fastq,GTOP-BF251-1236_1.fq.gz,3632.5,366f8f79-b103-4b5c-99a9-b16e5ede4e6f
GTOP-BF251,RNA-seq,Illumina NovaSeq X,Pancreas_Body,fastq,GTOP-BF251-1236_2.fq.gz,3687.4,cb489f62-49a3-48cd-a014-bc7895684c8a
GTOP-BF251,RNA-seq,Illumina NovaSeq X,Pancreas_Tail,fastq,GTOP-BF251-1392_1.fq.gz,3752.9,16c4f859-2092-4db5-aeb9-3bfce5df4bef
GTOP-BF251,RNA-seq,Illumina NovaSeq X,Pancreas_Tail,fastq,GTOP-BF251-1392_2.fq.gz,3784.8,ccc262b2-93c1-4a9d-8675-0e7f791f8a88
GTOP-BF251,RNA-seq,Illumina NovaSeq X,Gallbladder,fastq,GTOP-BF251-1856_1.fq.gz,3712.7,294e0f35-95ea-4960-b71a-721f16c7f883
GTOP-BF251,RNA-seq,Illumina NovaSeq X,Gallbladder,fastq,GTOP-BF251-1856_2.fq.gz,3749.4,855bb02a-19f9-47e6-b176-77efaf2510ec
GTOP-BF251,RNA-seq,Illumina NovaSeq X,Adrenal_Gland,fastq,GTOP-BF251-2099_1.fq.gz,4168.7,3079bdae-925a-4faf-971c-1def1043eb00
GTOP-BF251,RNA-seq,Illumina NovaSeq X,Adrenal_Gland,fastq,GTOP-BF251-2099_2.fq.gz,4189.8,db9784a3-947a-4f8a-a655-6696ddcb9a95
GTOP-BF251,RNA-seq,Illumina NovaSeq X,Spleen,fastq,GTOP-BF251-3082_1.fq.gz,4451.4,1ad93895-08b7-4ed9-b030-cc171f0acebd
GTOP-BF251,RNA-seq,Illumina NovaSeq X,Spleen,fastq,GTOP-BF251-3082_2.fq.gz,4477.4,1a542cbf-d280-464f-bae8-f478ab99ee4d
GTOP-BF251,RNA-seq,Illumina NovaSeq X,Aortic_Arch,fastq,GTOP-BF251-4155_1.fq.gz,3653.9,960dad19-c8da-474e-afa4-f31d8a83571e
GTOP-BF251,RNA-seq,Illumina NovaSeq X,Aortic_Arch,fastq,GTOP-BF251-4155_2.fq.gz,3667.6,ef1697a1-82c5-48d5-985b-b5689522f3d5
GTOP-BF251,RNA-seq,Illumina NovaSeq X,Lung_Base,fastq,GTOP-BF251-5032_1.fq.gz,3579.5,4e4a81b5-b160-4e93-8aeb-7fadcb901c28
GTOP-BF251,RNA-seq,Illumina NovaSeq X,Lung_Base,fastq,GTOP-BF251-5032_2.fq.gz,3588.4,f82ad4ba-bdff-486d-801f-9ec96f22ccc2
GTOP-BF271,RNA-seq,Illumina NovaSeq X,Muscle,fastq,GTOP-BF271-0087_1.fq.gz,3659.4,046df5b5-3ac5-4c81-b304-28a213d00955
GTOP-BF271,RNA-seq,Illumina NovaSeq X,Muscle,fastq,GTOP-BF271-0087_2.fq.gz,3668.8,3271dfe0-56db-4403-ad53-a2a9100c58b3
GTOP-BF271,RNA-seq,Illumina NovaSeq X,Adipose,fastq,GTOP-BF271-0160_1.fq.gz,3675.2,30db97c6-14f7-4544-ba1e-19b0c400f40c
GTOP-BF271,RNA-seq,Illumina NovaSeq X,Adipose,fastq,GTOP-BF271-0160_2.fq.gz,3687.1,e8c79dc4-6f81-4e64-beeb-5f4dc9b52b2e
GTOP-BF271,RNA-seq,Illumina NovaSeq X,Whole_Blood,fastq,GTOP-BF271-0378_1.fq.gz,3374.2,bb2468da-5f01-464a-9f58-1b2af5c0d0c7
GTOP-BF271,RNA-seq,Illumina NovaSeq X,Whole_Blood,fastq,GTOP-BF271-0378_2.fq.gz,3374.7,f74c8478-62a6-45dd-a0ce-8799f8d1ead4
GTOP-BF271,RNA-seq,Illumina NovaSeq X,Liver,fastq,GTOP-BF271-1053_1.fq.gz,3777,6b7928d8-1aa7-4d44-8717-7e6383f0afbb
GTOP-BF271,RNA-seq,Illumina NovaSeq X,Liver,fastq,GTOP-BF271-1053_2.fq.gz,3856.7,6b5d412b-5f77-4d3d-83a6-aa211e02759c
GTOP-BF271,RNA-seq,Illumina NovaSeq X,Pancreas_Head,fastq,GTOP-BF271-1108_1.fq.gz,3540.1,ac3cadc6-498a-43c1-8d1d-53729d701da1
GTOP-BF271,RNA-seq,Illumina NovaSeq X,Pancreas_Head,fastq,GTOP-BF271-1108_2.fq.gz,3581,5bf8ced2-0281-4a3b-af65-dfb8c07ccd86
GTOP-BF271,RNA-seq,Illumina NovaSeq X,Pancreas_Body,fastq,GTOP-BF271-1236_1.fq.gz,3615.8,056642d1-e897-4ab7-bd6d-b4478aedcff3
GTOP-BF271,RNA-seq,Illumina NovaSeq X,Pancreas_Body,fastq,GTOP-BF271-1236_2.fq.gz,3635.2,4f9cd934-ab13-4849-ae4d-7d88bfc851ae
GTOP-BF271,RNA-seq,Illumina NovaSeq X,Pancreas_Tail,fastq,GTOP-BF271-1392_1.fq.gz,3688.1,1d140f29-d6b1-461e-a44b-01b46472cff4
GTOP-BF271,RNA-seq,Illumina NovaSeq X,Pancreas_Tail,fastq,GTOP-BF271-1392_2.fq.gz,3726.3,cf880cd2-9e4e-426b-ad8f-8f4ab4f74b7e
GTOP-BF271,RNA-seq,Illumina NovaSeq X,Gallbladder,fastq,GTOP-BF271-1856_1.fq.gz,3616.5,7d494456-3a41-41ed-81fa-08cb388c33ef
GTOP-BF271,RNA-seq,Illumina NovaSeq X,Gallbladder,fastq,GTOP-BF271-1856_2.fq.gz,3671.4,0fc832d2-ff5e-49d0-bbe3-7825e106bb31
GTOP-BF271,RNA-seq,Illumina NovaSeq X,Adrenal_Gland,fastq,GTOP-BF271-2099_1.fq.gz,3781.4,aefef5b5-472d-4128-87a4-8f20adf119d1
GTOP-BF271,RNA-seq,Illumina NovaSeq X,Adrenal_Gland,fastq,GTOP-BF271-2099_2.fq.gz,3793.9,df506c7b-7608-4f29-a612-13094536cd88
GTOP-BF271,RNA-seq,Illumina NovaSeq X,Spleen,fastq,GTOP-BF271-3082_1.fq.gz,4031.8,fd77e8f6-b8dd-4253-bb68-d63fe36f3179
GTOP-BF271,RNA-seq,Illumina NovaSeq X,Spleen,fastq,GTOP-BF271-3082_2.fq.gz,4057.7,61c581c5-6a22-4ed5-8b64-e9f346c521e8
GTOP-BF271,RNA-seq,Illumina NovaSeq X,Skin,fastq,GTOP-BF271-0262_1.fq.gz,6833,39c9c581-8331-4759-a73d-a9247233d842
GTOP-BF271,RNA-seq,Illumina NovaSeq X,Skin,fastq,GTOP-BF271-0262_2.fq.gz,6914.8,5cc6b316-6861-4df9-b029-24219a2917c3
GTOP-BG091,RNA-seq,Illumina NovaSeq X,Adipose,fastq,GTOP-BG091-0160_1.fq.gz,3896.5,d9897358-de49-4a6b-8030-3106f8dd7b36
GTOP-BG091,RNA-seq,Illumina NovaSeq X,Adipose,fastq,GTOP-BG091-0160_2.fq.gz,3928.5,665e162d-7ac9-43b8-812f-ca9ba58c4e44
GTOP-BG091,RNA-seq,Illumina NovaSeq X,Whole_Blood,fastq,GTOP-BG091-0378_1.fq.gz,4045.5,af1ca1bc-acfc-41a4-b280-c95da49e8975
GTOP-BG091,RNA-seq,Illumina NovaSeq X,Whole_Blood,fastq,GTOP-BG091-0378_2.fq.gz,4058.7,c375e593-6c5f-4869-8b9e-e87fd74bebd8
GTOP-BG091,RNA-seq,Illumina NovaSeq X,Liver,fastq,GTOP-BG091-1053_1.fq.gz,3704.9,01a672b5-01e6-4ef2-afd3-d70d145e5e1d
GTOP-BG091,RNA-seq,Illumina NovaSeq X,Liver,fastq,GTOP-BG091-1053_2.fq.gz,3716.4,69ccf340-6739-4164-bf5f-0a743b822e60
GTOP-BG091,RNA-seq,Illumina NovaSeq X,Pancreas_Head,fastq,GTOP-BG091-1108_1.fq.gz,3784.8,5dad6d7c-2d54-4acf-9b78-42ca01bfebf8
GTOP-BG091,RNA-seq,Illumina NovaSeq X,Pancreas_Head,fastq,GTOP-BG091-1108_2.fq.gz,3799.3,d14fbce8-0639-4e0f-9e1c-12b32d1a9320
GTOP-BG091,RNA-seq,Illumina NovaSeq X,Pancreas_Body,fastq,GTOP-BG091-1236_1.fq.gz,3739.4,0dadc864-0553-49ab-8768-be057fe8a955
GTOP-BG091,RNA-seq,Illumina NovaSeq X,Pancreas_Body,fastq,GTOP-BG091-1236_2.fq.gz,3754.1,6c75e4e9-03a2-4e99-af4a-fccc2f4bfba4
GTOP-BG091,RNA-seq,Illumina NovaSeq X,Pancreas_Tail,fastq,GTOP-BG091-1392_1.fq.gz,3618.5,bb512cb5-51a1-4f60-b1f8-e07fb4c93652
GTOP-BG091,RNA-seq,Illumina NovaSeq X,Pancreas_Tail,fastq,GTOP-BG091-1392_2.fq.gz,3645.1,84c9a8a1-4769-449c-9564-02ac11698a42
GTOP-BG091,RNA-seq,Illumina NovaSeq X,Gallbladder,fastq,GTOP-BG091-1856_1.fq.gz,3768.1,133ea777-7cbb-4422-898e-900a1bbc24c4
GTOP-BG091,RNA-seq,Illumina NovaSeq X,Gallbladder,fastq,GTOP-BG091-1856_2.fq.gz,3784.2,97ddea60-707c-4cbd-b010-504f20f5e9a9
GTOP-BG091,RNA-seq,Illumina NovaSeq X,Adrenal_Gland,fastq,GTOP-BG091-2099_1.fq.gz,3810.5,4781f58e-1468-4c48-a3ca-4e1dd6ec1a78
GTOP-BG091,RNA-seq,Illumina NovaSeq X,Adrenal_Gland,fastq,GTOP-BG091-2099_2.fq.gz,3833.9,3dba910d-4ad6-46d1-b611-ed2c64ebaa1f
GTOP-BG171,RNA-seq,Illumina NovaSeq X,Adipose,fastq,GTOP-BG171-0160_1.fq.gz,3716.5,71a6da1f-7b77-4355-a830-cfe19c7071bd
GTOP-BG171,RNA-seq,Illumina NovaSeq X,Adipose,fastq,GTOP-BG171-0160_2.fq.gz,3741.2,53cc22fb-2318-4d39-abf6-2e142295683e
GTOP-BG171,RNA-seq,Illumina NovaSeq X,Whole_Blood,fastq,GTOP-BG171-0378_1.fq.gz,3486.1,13546d20-99d4-4c60-837e-ebdd5921991f
GTOP-BG171,RNA-seq,Illumina NovaSeq X,Whole_Blood,fastq,GTOP-BG171-0378_2.fq.gz,3491,82621097-cfb0-4e5e-8730-098c18b76993
GTOP-BG171,RNA-seq,Illumina NovaSeq X,Liver,fastq,GTOP-BG171-1053_1.fq.gz,3786.9,98a0e5df-7e23-4b28-8271-5086c198e4bd
GTOP-BG171,RNA-seq,Illumina NovaSeq X,Liver,fastq,GTOP-BG171-1053_2.fq.gz,3806.9,a7590e0c-d3a6-486f-b22d-43f9f9decc5a
GTOP-BG171,RNA-seq,Illumina NovaSeq X,Pancreas_Head,fastq,GTOP-BG171-1108_1.fq.gz,3589.2,9d1ef223-19d5-4158-973b-7f29418493ab
GTOP-BG171,RNA-seq,Illumina NovaSeq X,Pancreas_Head,fastq,GTOP-BG171-1108_2.fq.gz,3620.2,f606f9ac-21e9-4075-8ca8-9c3510a6ef76
GTOP-BG171,RNA-seq,Illumina NovaSeq X,Pancreas_Body,fastq,GTOP-BG171-1236_1.fq.gz,3659.1,f1f73020-ae1f-49bc-8e24-48507d7fb659
GTOP-BG171,RNA-seq,Illumina NovaSeq X,Pancreas_Body,fastq,GTOP-BG171-1236_2.fq.gz,3674.7,5a9e47e1-fcc2-41f7-aa5d-8f5bb71a7a5d
GTOP-BG171,RNA-seq,Illumina NovaSeq X,Pancreas_Tail,fastq,GTOP-BG171-1392_1.fq.gz,3696.4,93aeb197-83a7-444e-a57f-3ab7783dcc5f
GTOP-BG171,RNA-seq,Illumina NovaSeq X,Pancreas_Tail,fastq,GTOP-BG171-1392_2.fq.gz,3812.3,c30448bb-3ec1-44b2-8f72-f8045c45a5fa
GTOP-BG171,RNA-seq,Illumina NovaSeq X,Gallbladder,fastq,GTOP-BG171-1856_1.fq.gz,3720.8,bb67d156-5d1e-4eed-9d92-3c88ecbd4df6
GTOP-BG171,RNA-seq,Illumina NovaSeq X,Gallbladder,fastq,GTOP-BG171-1856_2.fq.gz,3738.3,2603bb97-6f07-43ab-b80e-2a5d06b117ad
GTOP-BG171,RNA-seq,Illumina NovaSeq X,Adrenal_Gland,fastq,GTOP-BG171-2099_1.fq.gz,3640.4,2ccfcc51-d4a0-4264-9dad-5c47226a2e88
GTOP-BG171,RNA-seq,Illumina NovaSeq X,Adrenal_Gland,fastq,GTOP-BG171-2099_2.fq.gz,3671,db9c37bb-8e99-4c61-af81-b333f1e92133
GTOP-BG291,RNA-seq,Illumina NovaSeq X,Adipose,fastq,GTOP-BG291-0160_1.fq.gz,3725.9,b38c0074-bbd0-4901-9292-67e08b3460fc
GTOP-BG291,RNA-seq,Illumina NovaSeq X,Adipose,fastq,GTOP-BG291-0160_2.fq.gz,3762.7,b9c97825-28c4-474d-9f00-0b89664b70f2
GTOP-BG291,RNA-seq,Illumina NovaSeq X,Whole_Blood,fastq,GTOP-BG291-0378_1.fq.gz,3395.2,de474c1d-4270-48ae-8121-d4337d4ef6c5
GTOP-BG291,RNA-seq,Illumina NovaSeq X,Whole_Blood,fastq,GTOP-BG291-0378_2.fq.gz,3402.5,489f2b3c-5d26-4890-9e9e-c858098c6f7a
GTOP-BG291,RNA-seq,Illumina NovaSeq X,Liver,fastq,GTOP-BG291-1053_1.fq.gz,3780.4,e05f8174-0fce-42c9-b609-3e41f2454156
GTOP-BG291,RNA-seq,Illumina NovaSeq X,Liver,fastq,GTOP-BG291-1053_2.fq.gz,3808.6,d33dadc4-c8bf-47b5-aca7-489a88d81684
GTOP-BG291,RNA-seq,Illumina NovaSeq X,Pancreas_Head,fastq,GTOP-BG291-1108_1.fq.gz,3543.3,06a67ebd-55cf-446b-ad01-4242a79a4448
GTOP-BG291,RNA-seq,Illumina NovaSeq X,Pancreas_Head,fastq,GTOP-BG291-1108_2.fq.gz,3555.8,1640ab04-2611-4007-9ea2-7d686e7c2396
GTOP-BG291,RNA-seq,Illumina NovaSeq X,Pancreas_Body,fastq,GTOP-BG291-1236_1.fq.gz,3709.2,c0d651e7-2347-40b2-b051-efa9a2010644
GTOP-BG291,RNA-seq,Illumina NovaSeq X,Pancreas_Body,fastq,GTOP-BG291-1236_2.fq.gz,3735,3092a4d1-b693-45a7-878d-dc1f81eec661
GTOP-BG291,RNA-seq,Illumina NovaSeq X,Pancreas_Tail,fastq,GTOP-BG291-1392_1.fq.gz,3602.4,6120f117-f086-4c63-83ce-00dfc73d3e1f
GTOP-BG291,RNA-seq,Illumina NovaSeq X,Pancreas_Tail,fastq,GTOP-BG291-1392_2.fq.gz,3631.9,e5a09b2b-93a1-40bc-b5d9-0199f2b7ab05
GTOP-BG291,RNA-seq,Illumina NovaSeq X,Gallbladder,fastq,GTOP-BG291-1856_1.fq.gz,3719.8,9d903c74-2ba8-4910-adc9-e281057fafb1
GTOP-BG291,RNA-seq,Illumina NovaSeq X,Gallbladder,fastq,GTOP-BG291-1856_2.fq.gz,3731.5,d4e66c0e-ea94-42e6-b4fd-a4dc9db86e35
GTOP-BG291,RNA-seq,Illumina NovaSeq X,Adrenal_Gland,fastq,GTOP-BG291-2099_1.fq.gz,3627.9,1408e4d4-07c2-4208-bbbc-9af96fa6f50e
GTOP-BG291,RNA-seq,Illumina NovaSeq X,Adrenal_Gland,fastq,GTOP-BG291-2099_2.fq.gz,3649.3,7971ed2e-2f26-4c5f-9fe3-48cc84fe5e55
GTOP-BG291,RNA-seq,Illumina NovaSeq X,Spleen,fastq,GTOP-BG291-3082_1.fq.gz,3568.3,22ae38c4-5aa7-4141-9860-04f1531932b9
GTOP-BG291,RNA-seq,Illumina NovaSeq X,Spleen,fastq,GTOP-BG291-3082_2.fq.gz,3610.5,8d1e038d-a524-460e-9812-00a425c1166a
GTOP-BG311,RNA-seq,Illumina NovaSeq X,Muscle,fastq,GTOP-BG311-0087_1.fq.gz,3627.6,fde38825-4abd-4c0b-a531-aa6ac835a7a2
GTOP-BG311,RNA-seq,Illumina NovaSeq X,Muscle,fastq,GTOP-BG311-0087_2.fq.gz,3647,424dcb9a-6a19-4d92-b2d9-da0b21460a30
GTOP-BG311,RNA-seq,Illumina NovaSeq X,Adipose,fastq,GTOP-BG311-0160_1.fq.gz,3713.3,d448a3dc-5ef2-47c0-aa5d-6f531aa69b39
GTOP-BG311,RNA-seq,Illumina NovaSeq X,Adipose,fastq,GTOP-BG311-0160_2.fq.gz,3720.5,8859fc8e-7311-49b9-8ae1-83d562849572
GTOP-BG311,RNA-seq,Illumina NovaSeq X,Skin,fastq,GTOP-BG311-0262_1.fq.gz,3934.7,381ae0ea-3aba-4a82-bfb3-e8a48dea90bf
GTOP-BG311,RNA-seq,Illumina NovaSeq X,Skin,fastq,GTOP-BG311-0262_2.fq.gz,3983.5,e00acc01-74b6-4929-a976-6b442893ce9e
GTOP-BG311,RNA-seq,Illumina NovaSeq X,Whole_Blood,fastq,GTOP-BG311-0378_1.fq.gz,3694.3,0081011d-d420-47a4-94cf-61c8e87d167c
GTOP-BG311,RNA-seq,Illumina NovaSeq X,Whole_Blood,fastq,GTOP-BG311-0378_2.fq.gz,3695.1,17dd2fc0-9ba2-4dd1-8346-e2151ca5ecbf
GTOP-BG311,RNA-seq,Illumina NovaSeq X,Liver,fastq,GTOP-BG311-1053_1.fq.gz,3562.5,079a4cee-06a3-4202-bf7a-c7bcd354b3e4
GTOP-BG311,RNA-seq,Illumina NovaSeq X,Liver,fastq,GTOP-BG311-1053_2.fq.gz,3586,6fd2fd03-9907-412c-9f13-12e8a5e21e11
GTOP-BG311,RNA-seq,Illumina NovaSeq X,Pancreas_Head,fastq,GTOP-BG311-1108_1.fq.gz,3448.4,12a71762-7ce9-4c69-b561-59e0e7e66329
GTOP-BG311,RNA-seq,Illumina NovaSeq X,Pancreas_Head,fastq,GTOP-BG311-1108_2.fq.gz,3476.6,226c58b0-334f-4f27-bb8d-a84f07e31276
GTOP-BG311,RNA-seq,Illumina NovaSeq X,Pancreas_Body,fastq,GTOP-BG311-1236_1.fq.gz,5761.3,cad7149d-9c88-4bb3-ba44-4774903c3b2d
GTOP-BG311,RNA-seq,Illumina NovaSeq X,Pancreas_Body,fastq,GTOP-BG311-1236_2.fq.gz,5970.3,fe6f591c-7242-4ab8-93da-b853aa43a72a
GTOP-BG311,RNA-seq,Illumina NovaSeq X,Pancreas_Tail,fastq,GTOP-BG311-1392_1.fq.gz,3717.4,0ecc9146-6e5d-443f-9706-6e40189a63f4
GTOP-BG311,RNA-seq,Illumina NovaSeq X,Pancreas_Tail,fastq,GTOP-BG311-1392_2.fq.gz,3788,365e3400-039b-4c1c-ae7c-82f11377c904
GTOP-BG311,RNA-seq,Illumina NovaSeq X,Gallbladder,fastq,GTOP-BG311-1856_1.fq.gz,3679.5,ad58f85f-a492-4be7-9fc7-aa8a959b6106
GTOP-BG311,RNA-seq,Illumina NovaSeq X,Gallbladder,fastq,GTOP-BG311-1856_2.fq.gz,3700.1,26d25f58-2d74-44bc-b7e6-f577e3b82219
GTOP-BG311,RNA-seq,Illumina NovaSeq X,Adrenal_Gland,fastq,GTOP-BG311-2099_1.fq.gz,3546.9,c258fbe6-147a-44fb-8bba-8ecac06c68a7
GTOP-BG311,RNA-seq,Illumina NovaSeq X,Adrenal_Gland,fastq,GTOP-BG311-2099_2.fq.gz,3573.9,d43d226d-5668-41e0-b55c-02fe333d3895
GTOP-BG311,RNA-seq,Illumina NovaSeq X,Spleen,fastq,GTOP-BG311-3082_1.fq.gz,3496.3,46dfc134-4c2c-40bc-bd9f-3aa0572a51bd
GTOP-BG311,RNA-seq,Illumina NovaSeq X,Spleen,fastq,GTOP-BG311-3082_2.fq.gz,3503.5,e5f43e34-9f0d-4aec-9cc0-eff7df9c3509
GTOP-BH071,RNA-seq,Illumina NovaSeq X,Whole_Blood,fastq,GTOP-BH071-0378_1.fq.gz,3336.4,613bf788-83af-4cad-8e67-6b404e883b3b
GTOP-BH071,RNA-seq,Illumina NovaSeq X,Whole_Blood,fastq,GTOP-BH071-0378_2.fq.gz,3350.4,7daf9e17-e4b7-4e08-b379-1bf09eec6e5f
GTOP-BH071,RNA-seq,Illumina NovaSeq X,Liver,fastq,GTOP-BH071-1053_1.fq.gz,3640.4,4d57d388-2212-4635-b355-e5c7feaa704b
GTOP-BH071,RNA-seq,Illumina NovaSeq X,Liver,fastq,GTOP-BH071-1053_2.fq.gz,3667.9,4e93099e-68df-4b43-aa06-fa2dd11be967
GTOP-BH071,RNA-seq,Illumina NovaSeq X,Pancreas_Head,fastq,GTOP-BH071-1108_1.fq.gz,3433.9,58ba71a9-382e-42af-aeb1-6e5ee0ec10a8
GTOP-BH071,RNA-seq,Illumina NovaSeq X,Pancreas_Head,fastq,GTOP-BH071-1108_2.fq.gz,3482.5,29f817b3-fdc3-43bc-871a-c4819df2a9bb
GTOP-BH071,RNA-seq,Illumina NovaSeq X,Pancreas_Body,fastq,GTOP-BH071-1236_1.fq.gz,3626.5,ddb5d0c6-8111-4bf1-b081-eb1f30605e1d
GTOP-BH071,RNA-seq,Illumina NovaSeq X,Pancreas_Body,fastq,GTOP-BH071-1236_2.fq.gz,3659.3,fc44cb8d-bfa6-406d-adcf-fb3b94f1dd03
GTOP-BH071,RNA-seq,Illumina NovaSeq X,Pancreas_Tail,fastq,GTOP-BH071-1392_1.fq.gz,3597.6,b062997e-0d2e-4966-b34c-a1a6d407938d
GTOP-BH071,RNA-seq,Illumina NovaSeq X,Pancreas_Tail,fastq,GTOP-BH071-1392_2.fq.gz,3638.6,8b7e91bd-002d-4ed9-bb29-d8f3e46c7348
GTOP-BH071,RNA-seq,Illumina NovaSeq X,Gallbladder,fastq,GTOP-BH071-1856_1.fq.gz,4296,bf7db47b-9407-4f0e-b58c-6b2a00a688bb
GTOP-BH071,RNA-seq,Illumina NovaSeq X,Gallbladder,fastq,GTOP-BH071-1856_2.fq.gz,4319,0f2c1e70-3fc3-4f12-b59d-7da3990e4f03
GTOP-BH071,RNA-seq,Illumina NovaSeq X,Adrenal_Gland,fastq,GTOP-BH071-2099_1.fq.gz,3659.7,56daef64-4bfc-464e-906a-5c0c222f824f
GTOP-BH071,RNA-seq,Illumina NovaSeq X,Adrenal_Gland,fastq,GTOP-BH071-2099_2.fq.gz,3670.5,a915ad7a-b09d-4146-a014-f507c2edd0e8
GTOP-BH101,RNA-seq,Illumina NovaSeq X,Muscle,fastq,GTOP-BH101-0087_1.fq.gz,3767.5,70490a76-c957-405d-8999-1efbf1a4d3e4
GTOP-BH101,RNA-seq,Illumina NovaSeq X,Muscle,fastq,GTOP-BH101-0087_2.fq.gz,3794,6a933e7f-ada6-48ba-9d9f-c9fd94e6ddc8
GTOP-BH101,RNA-seq,Illumina NovaSeq X,Adipose,fastq,GTOP-BH101-0160_1.fq.gz,3668.7,2131baa0-7e2d-42d9-991e-f2025c575b7b
GTOP-BH101,RNA-seq,Illumina NovaSeq X,Adipose,fastq,GTOP-BH101-0160_2.fq.gz,3689.3,d350fd43-3ddb-4530-ace2-b77f78df852f
GTOP-BH101,RNA-seq,Illumina NovaSeq X,Whole_Blood,fastq,GTOP-BH101-0378_1.fq.gz,3337.7,8a9b0798-a498-49a2-a640-50bd6715bcdb
GTOP-BH101,RNA-seq,Illumina NovaSeq X,Whole_Blood,fastq,GTOP-BH101-0378_2.fq.gz,3341.9,c526a857-3183-43e9-a993-a2433a80ff82
GTOP-BH101,RNA-seq,Illumina NovaSeq X,Liver,fastq,GTOP-BH101-1053_1.fq.gz,3714.2,c0fec6a8-1f93-4134-8588-5c5d654c5b5b
GTOP-BH101,RNA-seq,Illumina NovaSeq X,Liver,fastq,GTOP-BH101-1053_2.fq.gz,3724.5,675db2bb-0d8a-4de0-b8a8-680e2c9f02dc
GTOP-BH101,RNA-seq,Illumina NovaSeq X,Pancreas_Head,fastq,GTOP-BH101-1108_1.fq.gz,3833.5,651059ac-e818-4bfb-8b0c-d1f0f71b9e5a
GTOP-BH101,RNA-seq,Illumina NovaSeq X,Pancreas_Head,fastq,GTOP-BH101-1108_2.fq.gz,3874.4,5bd41d1b-ece8-45b9-af62-2b9cb3b932bf
GTOP-BH101,RNA-seq,Illumina NovaSeq X,Pancreas_Body,fastq,GTOP-BH101-1236_1.fq.gz,3787.9,6c8ae34f-45aa-4b54-aa85-35cb87d05495
GTOP-BH101,RNA-seq,Illumina NovaSeq X,Pancreas_Body,fastq,GTOP-BH101-1236_2.fq.gz,3822.5,d2847743-648a-418a-9126-f5902b9f25d0
GTOP-BH101,RNA-seq,Illumina NovaSeq X,Pancreas_Tail,fastq,GTOP-BH101-1392_1.fq.gz,3570,eeee6596-5375-4267-8217-b05a625d91aa
GTOP-BH101,RNA-seq,Illumina NovaSeq X,Pancreas_Tail,fastq,GTOP-BH101-1392_2.fq.gz,3595.7,801cb967-24d0-4695-bc55-d6a354b0e6f3
GTOP-BH101,RNA-seq,Illumina NovaSeq X,Gallbladder,fastq,GTOP-BH101-1856_1.fq.gz,5516.5,6f7363ee-41b0-4661-a6ba-4ad4c8b1a2bd
GTOP-BH101,RNA-seq,Illumina NovaSeq X,Gallbladder,fastq,GTOP-BH101-1856_2.fq.gz,5542.4,51e6b65c-7bcb-474f-ad84-b7f3c41505e8
GTOP-BH101,RNA-seq,Illumina NovaSeq X,Adrenal_Gland,fastq,GTOP-BH101-2099_1.fq.gz,3671.2,5699dc3b-d2fa-4a4f-8ca8-54672a9bb0ec
GTOP-BH101,RNA-seq,Illumina NovaSeq X,Adrenal_Gland,fastq,GTOP-BH101-2099_2.fq.gz,3687.6,08c8cd3d-02d4-4024-95c2-644ba6eee3cb
GTOP-BH101,RNA-seq,Illumina NovaSeq X,Spleen,fastq,GTOP-BH101-3082_1.fq.gz,3654.2,4ecdc1d6-a5ed-41b3-8104-f19fea3fba4f
GTOP-BH101,RNA-seq,Illumina NovaSeq X,Spleen,fastq,GTOP-BH101-3082_2.fq.gz,3677.8,7a1e5371-459a-4b91-8f17-732c8386a48f
GTOP-BH101,RNA-seq,Illumina NovaSeq X,Skin,fastq,GTOP-BH101-0262_1.fq.gz,6473.6,5731d446-36bc-4b3d-9efc-a9f03da52a2a
GTOP-BH101,RNA-seq,Illumina NovaSeq X,Skin,fastq,GTOP-BH101-0262_2.fq.gz,6596.9,8239341f-4a4f-4dd1-b21d-babc74752507
GTOP-BH131,RNA-seq,Illumina NovaSeq X,Muscle,fastq,GTOP-BH131-0087_1.fq.gz,3827.7,45e7fd63-af9b-4b88-9924-cf40cc03e68e
GTOP-BH131,RNA-seq,Illumina NovaSeq X,Muscle,fastq,GTOP-BH131-0087_2.fq.gz,3836.3,e9e214b2-ae4e-42c7-b3d1-78be75ec1a65
GTOP-BH131,RNA-seq,Illumina NovaSeq X,Adipose,fastq,GTOP-BH131-0160_1.fq.gz,3907,7415f365-d506-44c9-9364-5fbaf6c0770f
GTOP-BH131,RNA-seq,Illumina NovaSeq X,Adipose,fastq,GTOP-BH131-0160_2.fq.gz,3945.9,82a53da7-7a8b-4cb1-91ee-f283b2af0eaa
GTOP-BH131,RNA-seq,Illumina NovaSeq X,Whole_Blood,fastq,GTOP-BH131-0378_1.fq.gz,3584.7,88226e72-8eb1-41fc-8299-3b355501ab9c
GTOP-BH131,RNA-seq,Illumina NovaSeq X,Whole_Blood,fastq,GTOP-BH131-0378_2.fq.gz,3598.7,f6562296-67c1-46f2-aa12-421b53e5d65c
GTOP-BH131,RNA-seq,Illumina NovaSeq X,Liver,fastq,GTOP-BH131-1053_1.fq.gz,3469.5,83ab44e0-54f0-4a35-a62e-f6f05001085e
GTOP-BH131,RNA-seq,Illumina NovaSeq X,Liver,fastq,GTOP-BH131-1053_2.fq.gz,3509,0edf5832-a6fc-498c-9da2-c03bf8323cce
GTOP-BH131,RNA-seq,Illumina NovaSeq X,Pancreas_Head,fastq,GTOP-BH131-1108_1.fq.gz,3837,9f524a14-d2d6-4062-9767-a20ca0492d39
GTOP-BH131,RNA-seq,Illumina NovaSeq X,Pancreas_Head,fastq,GTOP-BH131-1108_2.fq.gz,3850,5b81583d-37eb-4858-b589-e5abe56b7abd
GTOP-BH131,RNA-seq,Illumina NovaSeq X,Pancreas_Body,fastq,GTOP-BH131-1236_1.fq.gz,3669.4,56fa4c8b-0235-457b-b9a5-1c8a8b569f91
GTOP-BH131,RNA-seq,Illumina NovaSeq X,Pancreas_Body,fastq,GTOP-BH131-1236_2.fq.gz,3686.1,a2d854e3-f7d2-4d16-829f-17e9b33f0314
GTOP-BH131,RNA-seq,Illumina NovaSeq X,Pancreas_Tail,fastq,GTOP-BH131-1392_1.fq.gz,3593.5,4e35a47b-71c0-4814-bdb7-283ffc31a81f
GTOP-BH131,RNA-seq,Illumina NovaSeq X,Pancreas_Tail,fastq,GTOP-BH131-1392_2.fq.gz,3602.4,83b96ebd-fc0f-495f-9792-681ba24b3d25
GTOP-BH131,RNA-seq,Illumina NovaSeq X,Stomach,fastq,GTOP-BH131-1601_1.fq.gz,3709.2,010fccf4-0b7e-421a-8d08-13473f2f8f05
GTOP-BH131,RNA-seq,Illumina NovaSeq X,Stomach,fastq,GTOP-BH131-1601_2.fq.gz,3728.7,152018e8-1f9f-4fae-9e57-6c942afef4f8
GTOP-BH131,RNA-seq,Illumina NovaSeq X,Esophagus,fastq,GTOP-BH131-1710_1.fq.gz,3705.4,4720d4a9-28dd-477c-a9e5-685d6b78df89
GTOP-BH131,RNA-seq,Illumina NovaSeq X,Esophagus,fastq,GTOP-BH131-1710_2.fq.gz,3713.6,ff41208e-c82d-4e90-8689-4d05cfbb4eac
GTOP-BH131,RNA-seq,Illumina NovaSeq X,Gallbladder,fastq,GTOP-BH131-1856_1.fq.gz,3737,1892939f-5565-427b-a284-41016a8a1a3b
GTOP-BH131,RNA-seq,Illumina NovaSeq X,Gallbladder,fastq,GTOP-BH131-1856_2.fq.gz,3755.2,71e51022-90c2-4059-833e-da899f9fbbbd
GTOP-BH131,RNA-seq,Illumina NovaSeq X,Adrenal_Gland,fastq,GTOP-BH131-2099_1.fq.gz,3821,f719fb9e-0fbe-472c-b9be-7a97d0479770
GTOP-BH131,RNA-seq,Illumina NovaSeq X,Adrenal_Gland,fastq,GTOP-BH131-2099_2.fq.gz,3836,6b97ffa8-5724-4c66-b0e8-2f13a9e26026
GTOP-BH131,RNA-seq,Illumina NovaSeq X,Spleen,fastq,GTOP-BH131-3082_1.fq.gz,3685.5,b7641f31-c575-4c58-b9ce-af6c7e2bc21f
GTOP-BH131,RNA-seq,Illumina NovaSeq X,Spleen,fastq,GTOP-BH131-3082_2.fq.gz,3695.8,799f7ee6-01d9-4553-8604-083b4d2b7de6
GTOP-BH131,RNA-seq,Illumina NovaSeq X,Heart_Left_Ventricle,fastq,GTOP-BH131-4002_1.fq.gz,3867.8,6953be43-c586-4b85-ba24-f6d2c105ca1b
GTOP-BH131,RNA-seq,Illumina NovaSeq X,Heart_Left_Ventricle,fastq,GTOP-BH131-4002_2.fq.gz,3884.4,d81aea9f-3c88-4129-bf79-d90f5d814ffb
GTOP-BH131,RNA-seq,Illumina NovaSeq X,Heart_Right_Ventricle,fastq,GTOP-BH131-4003_1.fq.gz,3702.5,77a9858f-06dc-4cd6-84b0-37ddcac541f0
GTOP-BH131,RNA-seq,Illumina NovaSeq X,Heart_Right_Ventricle,fastq,GTOP-BH131-4003_2.fq.gz,3691.8,9b6e7630-e00d-487d-aff0-0282b3ca753f
GTOP-BH131,RNA-seq,Illumina NovaSeq X,Heart_Right_Atrium,fastq,GTOP-BH131-4018_1.fq.gz,4393.2,36e8dde8-5776-4951-ab41-119365031365
GTOP-BH131,RNA-seq,Illumina NovaSeq X,Heart_Right_Atrium,fastq,GTOP-BH131-4018_2.fq.gz,4397.6,c15ba859-4b2c-46e3-9d9b-2989ba750be5
GTOP-BH131,RNA-seq,Illumina NovaSeq X,Heart_Left_Atrium,fastq,GTOP-BH131-4019_1.fq.gz,4484.1,c9e3bf71-9e5f-48c3-973d-c802f45aa41b
GTOP-BH131,RNA-seq,Illumina NovaSeq X,Heart_Left_Atrium,fastq,GTOP-BH131-4019_2.fq.gz,4491.3,d5c4923a-9bd1-49d8-9b22-604023c0be6d
GTOP-BH131,RNA-seq,Illumina NovaSeq X,Heart_Mitral_Valve,fastq,GTOP-BH131-4022_1.fq.gz,4594.4,c924f17e-da22-4f11-9df1-17026a873b69
GTOP-BH131,RNA-seq,Illumina NovaSeq X,Heart_Mitral_Valve,fastq,GTOP-BH131-4022_2.fq.gz,4583.9,575231fb-0a6b-4de4-95ef-a86ab89a005f
GTOP-BH131,RNA-seq,Illumina NovaSeq X,Heart_Tricuspid_Valve,fastq,GTOP-BH131-4023_1.fq.gz,5182.6,aa156a83-a133-4efc-b8c4-b3b12932cb88
GTOP-BH131,RNA-seq,Illumina NovaSeq X,Heart_Tricuspid_Valve,fastq,GTOP-BH131-4023_2.fq.gz,5198.2,7e19847f-9ea7-4526-b2a2-2089a4b080e4
GTOP-BH131,RNA-seq,Illumina NovaSeq X,Lung_Base,fastq,GTOP-BH131-5032_1.fq.gz,3451.3,32e239e6-9ac1-4b85-bd24-41c9fd02ca71
GTOP-BH131,RNA-seq,Illumina NovaSeq X,Lung_Base,fastq,GTOP-BH131-5032_2.fq.gz,3446.9,4706dc15-cb1f-42dc-b006-3a3e229c3377
GTOP-BH131,RNA-seq,Illumina NovaSeq X,Lung_Apex,fastq,GTOP-BH131-5156_1.fq.gz,4202.8,0080d31c-4bde-46f5-959c-b76b802f3dc6
GTOP-BH131,RNA-seq,Illumina NovaSeq X,Lung_Apex,fastq,GTOP-BH131-5156_2.fq.gz,4199,dae03d62-51c4-4561-9f81-a5fe92e5e323
GTOP-BH131,RNA-seq,Illumina NovaSeq X,Skin,fastq,GTOP-BH131-0262_1.fq.gz,6010.1,4c39d013-8ad3-428a-ad24-085305ee3b6e
GTOP-BH131,RNA-seq,Illumina NovaSeq X,Skin,fastq,GTOP-BH131-0262_2.fq.gz,6099.9,3685ff72-05ce-4ba7-bdee-cadf985d8a1d
GTOP-BH171,RNA-seq,Illumina NovaSeq X,Muscle,fastq,GTOP-BH171-0087_1.fq.gz,3755.1,0cb215b2-4e19-4198-bda5-0b86660a7a19
GTOP-BH171,RNA-seq,Illumina NovaSeq X,Muscle,fastq,GTOP-BH171-0087_2.fq.gz,3740.3,ba3ea9de-8260-4653-a051-4e46cc5e290a
GTOP-BH171,RNA-seq,Illumina NovaSeq X,Adipose,fastq,GTOP-BH171-0160_1.fq.gz,3825,9c824652-7272-458b-8245-970d69150820
GTOP-BH171,RNA-seq,Illumina NovaSeq X,Adipose,fastq,GTOP-BH171-0160_2.fq.gz,3834.3,aecfc4a2-74a1-4ef6-a422-16cc732bf49f
GTOP-BH171,RNA-seq,Illumina NovaSeq X,Whole_Blood,fastq,GTOP-BH171-0378_1.fq.gz,3899.7,020b9466-48b2-4fd3-89bd-4573641b37ad
GTOP-BH171,RNA-seq,Illumina NovaSeq X,Whole_Blood,fastq,GTOP-BH171-0378_2.fq.gz,3904.7,5dead0e7-e9b2-4ba4-9195-85d15b214518
GTOP-BH171,RNA-seq,Illumina NovaSeq X,Liver,fastq,GTOP-BH171-1053_1.fq.gz,3604,dcff0bd1-e8ad-40e1-89f0-989ff01313d7
GTOP-BH171,RNA-seq,Illumina NovaSeq X,Liver,fastq,GTOP-BH171-1053_2.fq.gz,3615.4,0a9d5c7a-0540-4772-9d9d-f1b98d5047c7
GTOP-BH171,RNA-seq,Illumina NovaSeq X,Pancreas_Head,fastq,GTOP-BH171-1108_1.fq.gz,4139.9,0ae2a5ca-795e-4e6f-b4e6-7a3aae40fbb6
GTOP-BH171,RNA-seq,Illumina NovaSeq X,Pancreas_Head,fastq,GTOP-BH171-1108_2.fq.gz,4172.7,543e63b3-410b-4f33-88e5-f643e34bbe01
GTOP-BH171,RNA-seq,Illumina NovaSeq X,Pancreas_Body,fastq,GTOP-BH171-1236_1.fq.gz,3711,603132d8-a1c2-4b77-ae87-73ffa9481dcf
GTOP-BH171,RNA-seq,Illumina NovaSeq X,Pancreas_Body,fastq,GTOP-BH171-1236_2.fq.gz,3719.6,bd5c960d-b939-4f3f-82c9-cda0bc919407
GTOP-BH171,RNA-seq,Illumina NovaSeq X,Pancreas_Tail,fastq,GTOP-BH171-1392_1.fq.gz,3384.8,907d0900-a6f1-4fb1-b952-10653eca9fcf
GTOP-BH171,RNA-seq,Illumina NovaSeq X,Pancreas_Tail,fastq,GTOP-BH171-1392_2.fq.gz,3393.8,bb29890f-48ea-4902-8e11-a479789d2377
GTOP-BH171,RNA-seq,Illumina NovaSeq X,Gallbladder,fastq,GTOP-BH171-1856_1.fq.gz,3489.1,065e3f05-b141-4fc2-aa4d-6b641e64c5fd
GTOP-BH171,RNA-seq,Illumina NovaSeq X,Gallbladder,fastq,GTOP-BH171-1856_2.fq.gz,3489.8,b2c7f56b-d726-4060-ac81-fda5345dba08
GTOP-BH171,RNA-seq,Illumina NovaSeq X,Adrenal_Gland,fastq,GTOP-BH171-2099_1.fq.gz,3472.4,e3e019a9-dd80-460e-a844-a1590525baae
GTOP-BH171,RNA-seq,Illumina NovaSeq X,Adrenal_Gland,fastq,GTOP-BH171-2099_2.fq.gz,3481.9,ab5cdc27-50e6-4d7c-9dda-1cd8008e077b
GTOP-BH171,RNA-seq,Illumina NovaSeq X,Skin,fastq,GTOP-BH171-0262_1.fq.gz,6385,fc220b27-2044-4740-bf47-08ad22779aa0
GTOP-BH171,RNA-seq,Illumina NovaSeq X,Skin,fastq,GTOP-BH171-0262_2.fq.gz,6488.6,1ff22dfc-0e57-4b3a-b15d-8c8e19a8d604
GTOP-BH271,RNA-seq,Illumina NovaSeq X,Adipose,fastq,GTOP-BH271-0160_1.fq.gz,3663.9,e8244635-2410-4b56-9cde-00b6a33e0e58
GTOP-BH271,RNA-seq,Illumina NovaSeq X,Adipose,fastq,GTOP-BH271-0160_2.fq.gz,3682.4,6e9400a4-7c5a-4ed3-9b49-52edc2f118e3
GTOP-BH271,RNA-seq,Illumina NovaSeq X,Whole_Blood,fastq,GTOP-BH271-0378_1.fq.gz,3727.4,53005800-5611-4659-94bf-17f8388fba64
GTOP-BH271,RNA-seq,Illumina NovaSeq X,Whole_Blood,fastq,GTOP-BH271-0378_2.fq.gz,3729.5,e82c7efb-4152-4062-accf-ebae025a07d7
GTOP-BH271,RNA-seq,Illumina NovaSeq X,Liver,fastq,GTOP-BH271-1053_1.fq.gz,3550.2,2cfec173-2fc7-4774-8005-36d2b8c89e0c
GTOP-BH271,RNA-seq,Illumina NovaSeq X,Liver,fastq,GTOP-BH271-1053_2.fq.gz,3560.8,35fd8638-bde9-42d3-a01c-916de1bf9dd3
GTOP-BH271,RNA-seq,Illumina NovaSeq X,Pancreas_Head,fastq,GTOP-BH271-1108_1.fq.gz,3462.3,51be73d3-35d3-4836-ae29-f26d2fdcb279
GTOP-BH271,RNA-seq,Illumina NovaSeq X,Pancreas_Head,fastq,GTOP-BH271-1108_2.fq.gz,3490.9,6d1c730a-ed1a-4c2d-b2e7-09138f20bcd4
GTOP-BH271,RNA-seq,Illumina NovaSeq X,Pancreas_Body,fastq,GTOP-BH271-1236_1.fq.gz,4009.3,e144f2d2-819a-4001-bb49-bde7747a0ce0
GTOP-BH271,RNA-seq,Illumina NovaSeq X,Pancreas_Body,fastq,GTOP-BH271-1236_2.fq.gz,4020.9,31b83fc5-fcfa-4f37-a3ef-9cd8962c1f19
GTOP-BH271,RNA-seq,Illumina NovaSeq X,Pancreas_Tail,fastq,GTOP-BH271-1392_1.fq.gz,4161.1,59b23f99-4866-4f4b-861f-c6801a9564c9
GTOP-BH271,RNA-seq,Illumina NovaSeq X,Pancreas_Tail,fastq,GTOP-BH271-1392_2.fq.gz,4160.6,f799ed3c-c286-469b-b3f6-69be61c1e500
GTOP-BH271,RNA-seq,Illumina NovaSeq X,Gallbladder,fastq,GTOP-BH271-1856_1.fq.gz,3874.2,946fda3e-8dcd-4f0a-a1b2-d3836d1839a4
GTOP-BH271,RNA-seq,Illumina NovaSeq X,Gallbladder,fastq,GTOP-BH271-1856_2.fq.gz,3884.4,23485e85-f116-4237-bfb5-a386b426f4a8
GTOP-BH271,RNA-seq,Illumina NovaSeq X,Adrenal_Gland,fastq,GTOP-BH271-2099_1.fq.gz,3936.6,e1801c79-4460-4897-a397-e7f4be549ba7
GTOP-BH271,RNA-seq,Illumina NovaSeq X,Adrenal_Gland,fastq,GTOP-BH271-2099_2.fq.gz,3934,de9cbc1d-8c3f-4e2e-b5e5-0419ac86c1ed
GTOP-BI071,RNA-seq,Illumina NovaSeq X,Muscle,fastq,GTOP-BI071-0087_1.fq.gz,3919.1,5116b000-da9e-4241-9cb9-526c3250295d
GTOP-BI071,RNA-seq,Illumina NovaSeq X,Muscle,fastq,GTOP-BI071-0087_2.fq.gz,3908.3,1b9c9239-e59e-48bd-ac0f-44d57383766d
GTOP-BI071,RNA-seq,Illumina NovaSeq X,Adipose,fastq,GTOP-BI071-0160_1.fq.gz,4224.1,11a4b263-4363-4c81-a0e5-c79012d3c695
GTOP-BI071,RNA-seq,Illumina NovaSeq X,Adipose,fastq,GTOP-BI071-0160_2.fq.gz,4261.2,ee2e75f8-cfe1-4958-9cbb-66d0fd463e6c
GTOP-BI071,RNA-seq,Illumina NovaSeq X,Whole_Blood,fastq,GTOP-BI071-0378_1.fq.gz,3732.6,8d513184-86d6-4f9f-88bc-79f28a2e37b4
GTOP-BI071,RNA-seq,Illumina NovaSeq X,Whole_Blood,fastq,GTOP-BI071-0378_2.fq.gz,3735.9,4e26b2b8-4c72-44fa-9ac1-cfabd1584aae
GTOP-BI071,RNA-seq,Illumina NovaSeq X,Liver,fastq,GTOP-BI071-1053_1.fq.gz,3507.1,d48ce6fa-77c4-484a-b81b-0c57006dfc9b
GTOP-BI071,RNA-seq,Illumina NovaSeq X,Liver,fastq,GTOP-BI071-1053_2.fq.gz,3506.9,65b21d05-5b55-420d-b596-fd3e009133ae
GTOP-BI071,RNA-seq,Illumina NovaSeq X,Pancreas_Head,fastq,GTOP-BI071-1108_1.fq.gz,3750.5,92fef9b3-4851-41d2-a138-f773796cd061
GTOP-BI071,RNA-seq,Illumina NovaSeq X,Pancreas_Head,fastq,GTOP-BI071-1108_2.fq.gz,3793.4,f36ebd56-d3f9-43b2-9eb0-436486a40e2c
GTOP-BI071,RNA-seq,Illumina NovaSeq X,Pancreas_Body,fastq,GTOP-BI071-1236_1.fq.gz,3528.9,df1c2ed1-a3ea-46e1-bcaa-4c3e00323739
GTOP-BI071,RNA-seq,Illumina NovaSeq X,Pancreas_Body,fastq,GTOP-BI071-1236_2.fq.gz,3525.4,35a29e11-9b53-4025-ab97-87f61923574a
GTOP-BI071,RNA-seq,Illumina NovaSeq X,Gallbladder,fastq,GTOP-BI071-1856_1.fq.gz,4201.6,effef9ff-b462-4cd3-9492-d4033549b545
GTOP-BI071,RNA-seq,Illumina NovaSeq X,Gallbladder,fastq,GTOP-BI071-1856_2.fq.gz,4202.6,11d89d03-9792-4ea8-a838-9e2e2921954a
GTOP-BI071,RNA-seq,Illumina NovaSeq X,Spleen,fastq,GTOP-BI071-3082_1.fq.gz,3902.7,bf60a143-01bb-41fe-9851-43f1ccb0016c
GTOP-BI071,RNA-seq,Illumina NovaSeq X,Spleen,fastq,GTOP-BI071-3082_2.fq.gz,3903.8,ed4f51f2-793e-41a7-83ee-382c92249b8a
GTOP-BI071,RNA-seq,Illumina NovaSeq X,Skin,fastq,GTOP-BI071-0262_1.fq.gz,5640.6,8b4c602b-bc7e-41e5-9f41-703410832c14
GTOP-BI071,RNA-seq,Illumina NovaSeq X,Skin,fastq,GTOP-BI071-0262_2.fq.gz,5731,4b1dfa8b-d7d0-4acc-92ab-4d961c12d9c4
GTOP-BI281,RNA-seq,Illumina NovaSeq X,Muscle,fastq,GTOP-BI281-0087_1.fq.gz,6993.1,cc733374-62dc-4b75-a7a0-a3403280116f
GTOP-BI281,RNA-seq,Illumina NovaSeq X,Muscle,fastq,GTOP-BI281-0087_2.fq.gz,7150.8,20a3fd4e-0046-4875-a942-f9ecb65e75ce
GTOP-BI281,RNA-seq,Illumina NovaSeq X,Adipose,fastq,GTOP-BI281-0160_1.fq.gz,7359.9,c1095f6a-9e69-4010-853d-5cfcce1efc2e
GTOP-BI281,RNA-seq,Illumina NovaSeq X,Adipose,fastq,GTOP-BI281-0160_2.fq.gz,7534.4,878a678a-56b7-4c47-b9f1-d4d104c18537
GTOP-BI281,RNA-seq,Illumina NovaSeq X,Whole_Blood,fastq,GTOP-BI281-0378_1.fq.gz,5794,038d3f0a-dbee-4d7c-b11c-4e9ed9a2de0d
GTOP-BI281,RNA-seq,Illumina NovaSeq X,Whole_Blood,fastq,GTOP-BI281-0378_2.fq.gz,5898.7,1e08c08f-f4d0-4c4f-842a-0468113bfa55
GTOP-BI281,RNA-seq,Illumina NovaSeq X,Liver,fastq,GTOP-BI281-1053_1.fq.gz,6787.1,7c0cc321-ba48-45e3-8e88-f93b1227459f
GTOP-BI281,RNA-seq,Illumina NovaSeq X,Liver,fastq,GTOP-BI281-1053_2.fq.gz,6967.2,fb4ae3d3-9405-47aa-96d9-ede7c59b9f49
GTOP-BI281,RNA-seq,Illumina NovaSeq X,Pancreas_Head,fastq,GTOP-BI281-1108_1.fq.gz,6945.2,3a7154b0-b9a5-441f-913d-cd9b2f27c261
GTOP-BI281,RNA-seq,Illumina NovaSeq X,Pancreas_Head,fastq,GTOP-BI281-1108_2.fq.gz,7214.5,7c4990d0-1415-488d-a704-2a69134b2df8
GTOP-BI281,RNA-seq,Illumina NovaSeq X,Pancreas_Body,fastq,GTOP-BI281-1236_1.fq.gz,6420.1,b7bfd15d-4ac1-4072-b594-afccbaf9512b
GTOP-BI281,RNA-seq,Illumina NovaSeq X,Pancreas_Body,fastq,GTOP-BI281-1236_2.fq.gz,6633.5,f3eead93-42e9-49b5-a40d-55a2d7fe8e21
GTOP-BI281,RNA-seq,Illumina NovaSeq X,Pancreas_Tail,fastq,GTOP-BI281-1392_1.fq.gz,6133.6,0c24d6e7-2b86-4f3c-be66-286e02fce7c1
GTOP-BI281,RNA-seq,Illumina NovaSeq X,Pancreas_Tail,fastq,GTOP-BI281-1392_2.fq.gz,6322.9,8940d18e-8ad9-4857-87e3-53775ffb9293
GTOP-BI281,RNA-seq,Illumina NovaSeq X,Gallbladder,fastq,GTOP-BI281-1856_1.fq.gz,5932.8,30747a43-ca29-4021-aa6a-202673436cd3
GTOP-BI281,RNA-seq,Illumina NovaSeq X,Gallbladder,fastq,GTOP-BI281-1856_2.fq.gz,6086.7,6ad55c99-6d2d-4b45-b7ff-c9660266cb6e
GTOP-BI281,RNA-seq,Illumina NovaSeq X,Adrenal_Gland,fastq,GTOP-BI281-2099_1.fq.gz,7574.9,c89f0525-3d21-4d30-937e-cd01a381d0f5
GTOP-BI281,RNA-seq,Illumina NovaSeq X,Adrenal_Gland,fastq,GTOP-BI281-2099_2.fq.gz,7741.3,dffe35bc-c5eb-40f3-a1d1-348871f9b0fd
GTOP-BI281,RNA-seq,Illumina NovaSeq X,Spleen,fastq,GTOP-BI281-3082_1.fq.gz,6940,e1a91197-db54-409b-af26-55211fbb82d8
GTOP-BI281,RNA-seq,Illumina NovaSeq X,Spleen,fastq,GTOP-BI281-3082_2.fq.gz,7113.3,7873e50a-0b88-46ce-b1f2-a696977ceda7
GTOP-BI281,RNA-seq,Illumina NovaSeq X,Skin,fastq,GTOP-BI281-0262_1.fq.gz,6690.7,744e60a1-efa4-4050-869a-4162da4ec3d8
GTOP-BI281,RNA-seq,Illumina NovaSeq X,Skin,fastq,GTOP-BI281-0262_2.fq.gz,6775.1,933442bd-d6e0-4f61-8a6b-ea6f56209406
GTOP-BJ111,RNA-seq,Illumina NovaSeq X,Adipose,fastq,GTOP-BJ111-0160_1.fq.gz,5698,66a69542-d141-4b38-b7e4-80c8957b1cea
GTOP-BJ111,RNA-seq,Illumina NovaSeq X,Adipose,fastq,GTOP-BJ111-0160_2.fq.gz,5845.3,ba2b005b-db99-4b61-99d9-0a769c32e601
GTOP-BJ111,RNA-seq,Illumina NovaSeq X,Whole_Blood,fastq,GTOP-BJ111-0378_1.fq.gz,5871.8,3a014a0c-fa44-4f5a-b0be-de38fa952c14
GTOP-BJ111,RNA-seq,Illumina NovaSeq X,Whole_Blood,fastq,GTOP-BJ111-0378_2.fq.gz,5991.6,e2e0b83f-aac4-4b95-a6d2-0660112037ee
GTOP-BJ111,RNA-seq,Illumina NovaSeq X,Liver,fastq,GTOP-BJ111-1053_1.fq.gz,6878.2,40ead06c-60bf-4a4e-b002-8b174c68797e
GTOP-BJ111,RNA-seq,Illumina NovaSeq X,Liver,fastq,GTOP-BJ111-1053_2.fq.gz,7029.8,0dfc70b4-d4a2-46ce-8e04-e9ee44cec47b
GTOP-BJ111,RNA-seq,Illumina NovaSeq X,Pancreas_Head,fastq,GTOP-BJ111-1108_1.fq.gz,6020.9,cb2e9179-97a3-4ec9-a4c9-30bdaebfe307
GTOP-BJ111,RNA-seq,Illumina NovaSeq X,Pancreas_Head,fastq,GTOP-BJ111-1108_2.fq.gz,6188.5,823863d2-97fc-45ce-a91b-96936678a7a3
GTOP-BJ111,RNA-seq,Illumina NovaSeq X,Pancreas_Body,fastq,GTOP-BJ111-1236_1.fq.gz,7636.3,a2ec9fd5-26be-4e2b-a25a-1f473015b6fd
GTOP-BJ111,RNA-seq,Illumina NovaSeq X,Pancreas_Body,fastq,GTOP-BJ111-1236_2.fq.gz,7878.6,6a6fb1bd-96ab-492e-85f6-c9374a4bffaa
GTOP-BJ111,RNA-seq,Illumina NovaSeq X,Pancreas_Tail,fastq,GTOP-BJ111-1392_1.fq.gz,6285.4,43469b96-d7dc-41fa-9be7-93c2f2d8fc51
GTOP-BJ111,RNA-seq,Illumina NovaSeq X,Pancreas_Tail,fastq,GTOP-BJ111-1392_2.fq.gz,6486.1,2272613f-8c15-4e10-928e-e0bda72c1056
GTOP-BJ111,RNA-seq,Illumina NovaSeq X,Gallbladder,fastq,GTOP-BJ111-1856_1.fq.gz,6352.7,23ee7e10-937a-425b-81fb-5175f733ef47
GTOP-BJ111,RNA-seq,Illumina NovaSeq X,Gallbladder,fastq,GTOP-BJ111-1856_2.fq.gz,6501.1,f03afc70-f16b-4061-8d22-d7b104fb8b4a
GTOP-BJ111,RNA-seq,Illumina NovaSeq X,Adrenal_Gland,fastq,GTOP-BJ111-2099_1.fq.gz,6140.6,26e65e48-f0c0-4213-a9d7-02fd52b6f956
GTOP-BJ111,RNA-seq,Illumina NovaSeq X,Adrenal_Gland,fastq,GTOP-BJ111-2099_2.fq.gz,6278.7,3c7d6a8c-29f1-4a81-902d-76f0986b52e9
GTOP-BJ131,RNA-seq,Illumina NovaSeq X,Muscle,fastq,GTOP-BJ131-0087_1.fq.gz,6190.9,87f3a8cf-87e0-4466-9e1e-4fa976aa8374
GTOP-BJ131,RNA-seq,Illumina NovaSeq X,Muscle,fastq,GTOP-BJ131-0087_2.fq.gz,6310,6ca0d78f-4646-4189-b51f-719b06671103
GTOP-BJ131,RNA-seq,Illumina NovaSeq X,Adipose,fastq,GTOP-BJ131-0160_1.fq.gz,5861.3,546e52cd-416b-4577-9bde-a2dc0266c37e
GTOP-BJ131,RNA-seq,Illumina NovaSeq X,Adipose,fastq,GTOP-BJ131-0160_2.fq.gz,5992.4,b141fe63-f8a6-4313-89d7-8b7a32091d58
GTOP-BJ131,RNA-seq,Illumina NovaSeq X,Skin,fastq,GTOP-BJ131-0262_1.fq.gz,6934.2,5d179b03-4d57-4503-b7ba-f46a266bcf13
GTOP-BJ131,RNA-seq,Illumina NovaSeq X,Skin,fastq,GTOP-BJ131-0262_2.fq.gz,7039.3,b257f87d-39f6-4376-9d32-5de280d0c5de
GTOP-BJ131,RNA-seq,Illumina NovaSeq X,Whole_Blood,fastq,GTOP-BJ131-0378_1.fq.gz,5512.6,bb01fd6b-0dbf-465b-ac43-dffed308922c
GTOP-BJ131,RNA-seq,Illumina NovaSeq X,Whole_Blood,fastq,GTOP-BJ131-0378_2.fq.gz,5666.9,6409c6e2-bed0-4ec4-826b-03dd1af85626
GTOP-BJ131,RNA-seq,Illumina NovaSeq X,Liver,fastq,GTOP-BJ131-1053_1.fq.gz,6623.1,7fd7c001-8900-4f3e-a4ff-825eea07505c
GTOP-BJ131,RNA-seq,Illumina NovaSeq X,Liver,fastq,GTOP-BJ131-1053_2.fq.gz,6765.8,bd126a2a-5a1d-4b1e-88d0-a1cb95748d74
GTOP-BJ131,RNA-seq,Illumina NovaSeq X,Pancreas_Head,fastq,GTOP-BJ131-1108_1.fq.gz,6553.4,2f5320c2-9c11-46b2-932c-69cc0204755c
GTOP-BJ131,RNA-seq,Illumina NovaSeq X,Pancreas_Head,fastq,GTOP-BJ131-1108_2.fq.gz,6719.7,0afe007f-7086-463a-8685-aa6723180d7b
GTOP-BJ131,RNA-seq,Illumina NovaSeq X,Pancreas_Body,fastq,GTOP-BJ131-1236_1.fq.gz,5077.9,efa48478-df48-4a70-a7fc-bb9234e3a6e7
GTOP-BJ131,RNA-seq,Illumina NovaSeq X,Pancreas_Body,fastq,GTOP-BJ131-1236_2.fq.gz,5154.1,3ecca020-a2be-452a-a162-737c6f498cb7
GTOP-BJ131,RNA-seq,Illumina NovaSeq X,Pancreas_Tail,fastq,GTOP-BJ131-1392_1.fq.gz,6389.3,24ff19ea-148d-4b7d-9bc9-68230bd318a8
GTOP-BJ131,RNA-seq,Illumina NovaSeq X,Pancreas_Tail,fastq,GTOP-BJ131-1392_2.fq.gz,6540.1,4a7e81e7-aec0-49e7-98db-945899342d0a
GTOP-BJ131,RNA-seq,Illumina NovaSeq X,Gallbladder,fastq,GTOP-BJ131-1856_1.fq.gz,7843.8,12c646b6-ca49-4d91-9619-3ca282dafbff
GTOP-BJ131,RNA-seq,Illumina NovaSeq X,Gallbladder,fastq,GTOP-BJ131-1856_2.fq.gz,8010,0eada452-5fbe-4360-a9eb-d3d46c7c4f55
GTOP-BJ131,RNA-seq,Illumina NovaSeq X,Adrenal_Gland,fastq,GTOP-BJ131-2099_1.fq.gz,7219.7,d82395ea-e463-47ac-bfed-0e7437ebc09f
GTOP-BJ131,RNA-seq,Illumina NovaSeq X,Adrenal_Gland,fastq,GTOP-BJ131-2099_2.fq.gz,7380.8,42a217b8-867b-4b99-b708-d7e588219d6a
GTOP-BJ131,RNA-seq,Illumina NovaSeq X,Spleen,fastq,GTOP-BJ131-3082_1.fq.gz,7026,a989d257-0aaf-4196-8fff-291fcbd82258
GTOP-BJ131,RNA-seq,Illumina NovaSeq X,Spleen,fastq,GTOP-BJ131-3082_2.fq.gz,7202,4d22aff2-5fae-4723-b73f-1d607980004b
GTOP-BJ141,RNA-seq,Illumina NovaSeq X,Muscle,fastq,GTOP-BJ141-0087_1.fq.gz,6572.2,70695207-840d-4289-b4e4-2cdaa7f1e5f6
GTOP-BJ141,RNA-seq,Illumina NovaSeq X,Muscle,fastq,GTOP-BJ141-0087_2.fq.gz,6709.8,e91e0273-4151-4149-8a2b-0f9f204d5a18
GTOP-BJ141,RNA-seq,Illumina NovaSeq X,Adipose,fastq,GTOP-BJ141-0160_1.fq.gz,6616.8,bb7bb728-e78f-4f26-8af0-535a35fbd966
GTOP-BJ141,RNA-seq,Illumina NovaSeq X,Adipose,fastq,GTOP-BJ141-0160_2.fq.gz,6741.5,678f52a0-d2c1-4a37-9d0c-fb73d2006011
GTOP-BJ141,RNA-seq,Illumina NovaSeq X,Whole_Blood,fastq,GTOP-BJ141-0378_1.fq.gz,6509.2,e65dba66-1872-4f72-afc9-0ab8b63e6cda
GTOP-BJ141,RNA-seq,Illumina NovaSeq X,Whole_Blood,fastq,GTOP-BJ141-0378_2.fq.gz,6630.8,f20a239b-be2d-4620-a705-7e62518e0fa6
GTOP-BJ141,RNA-seq,Illumina NovaSeq X,Liver,fastq,GTOP-BJ141-1053_1.fq.gz,6630.4,b8c4861f-25e4-4953-86b2-8b955f244ef5
GTOP-BJ141,RNA-seq,Illumina NovaSeq X,Liver,fastq,GTOP-BJ141-1053_2.fq.gz,6730.6,a9051f96-5b0a-4f7e-b007-4997a299332f
GTOP-BJ141,RNA-seq,Illumina NovaSeq X,Pancreas_Head,fastq,GTOP-BJ141-1108_1.fq.gz,6855.4,e8f677ce-648f-48e9-ad0c-8dd3e6064b8c
GTOP-BJ141,RNA-seq,Illumina NovaSeq X,Pancreas_Head,fastq,GTOP-BJ141-1108_2.fq.gz,7017.9,70cec58e-3de0-443e-bfa3-9028705a5a52
GTOP-BJ141,RNA-seq,Illumina NovaSeq X,Pancreas_Body,fastq,GTOP-BJ141-1236_1.fq.gz,6722.2,81c42f7d-a47a-4c1d-b3cd-72d6e8447c85
GTOP-BJ141,RNA-seq,Illumina NovaSeq X,Pancreas_Body,fastq,GTOP-BJ141-1236_2.fq.gz,6932.1,91ab674c-59ae-4172-86ae-b26afd3e701e
GTOP-BJ141,RNA-seq,Illumina NovaSeq X,Pancreas_Tail,fastq,GTOP-BJ141-1392_1.fq.gz,7654,3abdd586-af0f-4b74-ac5a-3e6772965a2c
GTOP-BJ141,RNA-seq,Illumina NovaSeq X,Pancreas_Tail,fastq,GTOP-BJ141-1392_2.fq.gz,7807.1,1ef1493a-28be-4482-9427-1384d61608df
GTOP-BJ141,RNA-seq,Illumina NovaSeq X,Gallbladder,fastq,GTOP-BJ141-1856_1.fq.gz,7122.6,f8824f63-adfa-43a8-8b79-b18e8b4d2417
GTOP-BJ141,RNA-seq,Illumina NovaSeq X,Gallbladder,fastq,GTOP-BJ141-1856_2.fq.gz,7231.1,1cbbd4a6-f209-4159-92fc-a8edba8f5364
GTOP-BJ141,RNA-seq,Illumina NovaSeq X,Adrenal_Gland,fastq,GTOP-BJ141-2099_1.fq.gz,8357,c71c10d9-5e71-4917-97eb-9adc45268125
GTOP-BJ141,RNA-seq,Illumina NovaSeq X,Adrenal_Gland,fastq,GTOP-BJ141-2099_2.fq.gz,8485,f2164a88-2be3-4ff7-af25-615ce71a7916
GTOP-BJ141,RNA-seq,Illumina NovaSeq X,Spleen,fastq,GTOP-BJ141-3082_1.fq.gz,7653.2,7830fd22-791e-43c5-b101-429d028ceefc
GTOP-BJ141,RNA-seq,Illumina NovaSeq X,Spleen,fastq,GTOP-BJ141-3082_2.fq.gz,7759.6,780b5465-fc3a-4b19-a234-54e3a040e1ce
GTOP-BJ141,RNA-seq,Illumina NovaSeq X,Skin,fastq,GTOP-BJ141-0262_1.fq.gz,6981.6,877db703-9a63-447a-b3be-dad301214686
GTOP-BJ141,RNA-seq,Illumina NovaSeq X,Skin,fastq,GTOP-BJ141-0262_2.fq.gz,7039.4,8e7be4b4-4da8-4de2-b037-d9b64b6b97ac
GTOP-BJ171,RNA-seq,Illumina NovaSeq X,Muscle,fastq,GTOP-BJ171-0087_1.fq.gz,7612.9,b61115c6-71a1-4700-9527-469b8dc8a4f0
GTOP-BJ171,RNA-seq,Illumina NovaSeq X,Muscle,fastq,GTOP-BJ171-0087_2.fq.gz,7731.8,d61da9a7-9db9-4b4e-b023-47235dfffb05
GTOP-BJ171,RNA-seq,Illumina NovaSeq X,Adipose,fastq,GTOP-BJ171-0160_1.fq.gz,7365.3,d05c3b74-a79f-4a04-8331-06d1cb688b17
GTOP-BJ171,RNA-seq,Illumina NovaSeq X,Adipose,fastq,GTOP-BJ171-0160_2.fq.gz,7449.9,0d12dd2a-7758-4d7f-a995-78a9e953d829
GTOP-BJ171,RNA-seq,Illumina NovaSeq X,Whole_Blood,fastq,GTOP-BJ171-0378_1.fq.gz,5617.7,487cdd7c-4f89-4c63-a221-4e8920b9d1dd
GTOP-BJ171,RNA-seq,Illumina NovaSeq X,Whole_Blood,fastq,GTOP-BJ171-0378_2.fq.gz,5698.1,c7c7e5d9-7b87-4374-8e6e-c60026c6e0eb
GTOP-BJ171,RNA-seq,Illumina NovaSeq X,Liver,fastq,GTOP-BJ171-1053_1.fq.gz,6849.9,bc4ece9c-f260-46ea-93a5-d16084aee265
GTOP-BJ171,RNA-seq,Illumina NovaSeq X,Liver,fastq,GTOP-BJ171-1053_2.fq.gz,6946.7,1957d06b-f123-4bb6-bf33-6de0d0949cbd
GTOP-BJ171,RNA-seq,Illumina NovaSeq X,Pancreas_Head,fastq,GTOP-BJ171-1108_1.fq.gz,6767.6,5fbbd19b-b94f-412a-bc29-52f090296812
GTOP-BJ171,RNA-seq,Illumina NovaSeq X,Pancreas_Head,fastq,GTOP-BJ171-1108_2.fq.gz,6835.5,44affac5-8be5-4947-9c82-1c9d21637efc
GTOP-BJ171,RNA-seq,Illumina NovaSeq X,Pancreas_Body,fastq,GTOP-BJ171-1236_1.fq.gz,6504.4,8d5871f4-6753-4d13-ab9a-30b838c9fc91
GTOP-BJ171,RNA-seq,Illumina NovaSeq X,Pancreas_Body,fastq,GTOP-BJ171-1236_2.fq.gz,6579.6,11eb6bfd-1c3d-40c0-af22-6c64603c2f51
GTOP-BJ171,RNA-seq,Illumina NovaSeq X,Pancreas_Tail,fastq,GTOP-BJ171-1392_1.fq.gz,6827.2,f3880923-c77f-4c37-8c28-23804b658d18
GTOP-BJ171,RNA-seq,Illumina NovaSeq X,Pancreas_Tail,fastq,GTOP-BJ171-1392_2.fq.gz,6910.8,acd0fedb-56c2-49c6-b9a0-e9dda1ca2ff3
GTOP-BJ171,RNA-seq,Illumina NovaSeq X,Gallbladder,fastq,GTOP-BJ171-1856_1.fq.gz,7702.5,e508b85c-9c48-499b-a84f-189b5f74db1c
GTOP-BJ171,RNA-seq,Illumina NovaSeq X,Gallbladder,fastq,GTOP-BJ171-1856_2.fq.gz,7762.2,70204e51-f6c6-4662-91f6-8460182eb270
GTOP-BJ171,RNA-seq,Illumina NovaSeq X,Adrenal_Gland,fastq,GTOP-BJ171-2099_1.fq.gz,7057.4,ed471e65-ee45-4ec3-bc7b-b09d0e1cabb4
GTOP-BJ171,RNA-seq,Illumina NovaSeq X,Adrenal_Gland,fastq,GTOP-BJ171-2099_2.fq.gz,7148,6977f8ed-d880-49cb-a5b4-523a031b5aa0
GTOP-BJ171,RNA-seq,Illumina NovaSeq X,Spleen,fastq,GTOP-BJ171-3082_1.fq.gz,7823.8,6228a233-29e5-414f-bf58-ebcd07d47d9e
GTOP-BJ171,RNA-seq,Illumina NovaSeq X,Spleen,fastq,GTOP-BJ171-3082_2.fq.gz,7896.7,1298ff21-c2c3-47f9-b33d-3435740f4dd5
GTOP-BJ171,RNA-seq,Illumina NovaSeq X,Skin,fastq,GTOP-BJ171-0262_1.fq.gz,6034.1,2851bc22-6d65-4cca-8e5d-a961635fb085
GTOP-BJ171,RNA-seq,Illumina NovaSeq X,Skin,fastq,GTOP-BJ171-0262_2.fq.gz,6106.9,f2041942-aee6-4c47-be07-d85b582df117
GTOP-BJ191,RNA-seq,Illumina NovaSeq X,Adipose,fastq,GTOP-BJ191-0160_1.fq.gz,8134.3,ebe22d0d-e494-473f-91c8-fb042e3f9fa1
GTOP-BJ191,RNA-seq,Illumina NovaSeq X,Adipose,fastq,GTOP-BJ191-0160_2.fq.gz,8224.8,7b37b14b-1a7f-4412-88ab-db19d2b29bd0
GTOP-BJ191,RNA-seq,Illumina NovaSeq X,Whole_Blood,fastq,GTOP-BJ191-0378_1.fq.gz,5823.9,e6dc4cd9-0da1-454c-9c7b-fb7103f213f8
GTOP-BJ191,RNA-seq,Illumina NovaSeq X,Whole_Blood,fastq,GTOP-BJ191-0378_2.fq.gz,5922.7,f620146b-61ac-4b76-b5e4-4e2c9eef480d
GTOP-BJ191,RNA-seq,Illumina NovaSeq X,Liver,fastq,GTOP-BJ191-1053_1.fq.gz,8135.8,e648c064-538b-4c00-b749-351a509894cc
GTOP-BJ191,RNA-seq,Illumina NovaSeq X,Liver,fastq,GTOP-BJ191-1053_2.fq.gz,8223.7,e94e5e35-198c-427f-b792-1aac780cd635
GTOP-BJ191,RNA-seq,Illumina NovaSeq X,Pancreas_Head,fastq,GTOP-BJ191-1108_1.fq.gz,7061.2,3f0a8bf2-6beb-43b2-bab0-2c255f9690b6
GTOP-BJ191,RNA-seq,Illumina NovaSeq X,Pancreas_Head,fastq,GTOP-BJ191-1108_2.fq.gz,7147,972ba6a9-5e87-427d-9f44-4a1f166290ec
GTOP-BJ191,RNA-seq,Illumina NovaSeq X,Pancreas_Body,fastq,GTOP-BJ191-1236_1.fq.gz,7266.3,2ee2a175-30f2-4428-9e45-a427b2cd8871
GTOP-BJ191,RNA-seq,Illumina NovaSeq X,Pancreas_Body,fastq,GTOP-BJ191-1236_2.fq.gz,7376,4c78bd0d-fd3b-43f8-8251-bca988f9f3e4
GTOP-BJ191,RNA-seq,Illumina NovaSeq X,Pancreas_Tail,fastq,GTOP-BJ191-1392_1.fq.gz,7414.6,0ea7a0a7-7602-4e1e-97bb-569f1799987f
GTOP-BJ191,RNA-seq,Illumina NovaSeq X,Pancreas_Tail,fastq,GTOP-BJ191-1392_2.fq.gz,7528.4,7e9057ea-c825-4799-95b9-f8fa17c09462
GTOP-BJ191,RNA-seq,Illumina NovaSeq X,Gallbladder,fastq,GTOP-BJ191-1856_1.fq.gz,7333.7,3ac15ada-6ba3-4f2c-b7a0-ef9475d92c1a
GTOP-BJ191,RNA-seq,Illumina NovaSeq X,Gallbladder,fastq,GTOP-BJ191-1856_2.fq.gz,7437.9,e3a1e5be-af8a-4576-896b-a950cbfa08ee
GTOP-BJ201,RNA-seq,Illumina NovaSeq X,Muscle,fastq,GTOP-BJ201-0087_1.fq.gz,7456.8,a30666d6-6e1f-4bd2-899b-15dc010f5806
GTOP-BJ201,RNA-seq,Illumina NovaSeq X,Muscle,fastq,GTOP-BJ201-0087_2.fq.gz,7539,b802b9c7-3347-4834-9254-2d06653b2827
GTOP-BJ201,RNA-seq,Illumina NovaSeq X,Adipose,fastq,GTOP-BJ201-0160_1.fq.gz,7190,b0e5877b-71aa-40fd-a78d-89a98b572598
GTOP-BJ201,RNA-seq,Illumina NovaSeq X,Adipose,fastq,GTOP-BJ201-0160_2.fq.gz,7290.7,1f9c9b02-0508-4e37-bca8-8480a1694c0d
GTOP-BJ201,RNA-seq,Illumina NovaSeq X,Whole_Blood,fastq,GTOP-BJ201-0378_1.fq.gz,6910.7,754365de-8f60-43f1-b9bb-abcb948b1fb1
GTOP-BJ201,RNA-seq,Illumina NovaSeq X,Whole_Blood,fastq,GTOP-BJ201-0378_2.fq.gz,7020.2,4b799519-a811-48f6-bbd1-0ec3440edef7
GTOP-BJ201,RNA-seq,Illumina NovaSeq X,Liver,fastq,GTOP-BJ201-1053_1.fq.gz,7256.2,d3312592-99b7-4c1f-89cd-f5f7fe0a6fba
GTOP-BJ201,RNA-seq,Illumina NovaSeq X,Liver,fastq,GTOP-BJ201-1053_2.fq.gz,7343.6,21a179b4-7984-4cc5-bff8-d3b9c0714d8e
GTOP-BJ201,RNA-seq,Illumina NovaSeq X,Pancreas_Head,fastq,GTOP-BJ201-1108_1.fq.gz,7373,aac8f0d1-d0b2-4096-a0cf-a998653e3f20
GTOP-BJ201,RNA-seq,Illumina NovaSeq X,Pancreas_Head,fastq,GTOP-BJ201-1108_2.fq.gz,7463.1,86f7dced-1534-4850-b573-4e02e518f5f7
GTOP-BJ201,RNA-seq,Illumina NovaSeq X,Pancreas_Body,fastq,GTOP-BJ201-1236_1.fq.gz,8196.7,eacebbff-b061-4c9c-ac4d-932835c3b0e6
GTOP-BJ201,RNA-seq,Illumina NovaSeq X,Pancreas_Body,fastq,GTOP-BJ201-1236_2.fq.gz,8301.6,997f8b1b-6d73-460d-8433-b0cb029a293e
GTOP-BJ201,RNA-seq,Illumina NovaSeq X,Pancreas_Tail,fastq,GTOP-BJ201-1392_1.fq.gz,5927.2,65b1ba40-d3e3-42a7-82d1-46341d756523
GTOP-BJ201,RNA-seq,Illumina NovaSeq X,Pancreas_Tail,fastq,GTOP-BJ201-1392_2.fq.gz,5988.3,45965e95-4733-44f2-a6c9-20f27d910c62
GTOP-BJ201,RNA-seq,Illumina NovaSeq X,Gallbladder,fastq,GTOP-BJ201-1856_1.fq.gz,6623.2,fdf72579-d8e9-4b2e-b213-98878fa28742
GTOP-BJ201,RNA-seq,Illumina NovaSeq X,Gallbladder,fastq,GTOP-BJ201-1856_2.fq.gz,6657.2,c86d3f65-f22d-4f96-8f5b-d7e7ff12b416
GTOP-BJ201,RNA-seq,Illumina NovaSeq X,Adrenal_Gland,fastq,GTOP-BJ201-2099_1.fq.gz,6620.5,6403d0d4-f005-4ee9-8294-b527a5770b33
GTOP-BJ201,RNA-seq,Illumina NovaSeq X,Adrenal_Gland,fastq,GTOP-BJ201-2099_2.fq.gz,6640,780a119f-b2c4-456d-9317-e01231149b6d
GTOP-BJ201,RNA-seq,Illumina NovaSeq X,Spleen,fastq,GTOP-BJ201-3082_1.fq.gz,6534.8,d18cb9b8-7af1-467b-b269-9000c34532c9
GTOP-BJ201,RNA-seq,Illumina NovaSeq X,Spleen,fastq,GTOP-BJ201-3082_2.fq.gz,6574.1,709336b2-1d95-4597-8a17-c6f77225a27c
GTOP-BJ201,RNA-seq,Illumina NovaSeq X,Skin,fastq,GTOP-BJ201-0262_1.fq.gz,7051.9,583b3b99-53ad-404e-bc3e-44029a25e229
GTOP-BJ201,RNA-seq,Illumina NovaSeq X,Skin,fastq,GTOP-BJ201-0262_2.fq.gz,7160.5,587043d4-06ad-4bb7-8664-c9dcad654733
GTOP-BK021,RNA-seq,Illumina NovaSeq X,Muscle,fastq,GTOP-BK021-0087_1.fq.gz,7125.2,31309e9f-b81a-4dec-8afb-34b78b8ee95b
GTOP-BK021,RNA-seq,Illumina NovaSeq X,Muscle,fastq,GTOP-BK021-0087_2.fq.gz,7153.5,59d0da34-2b67-40f9-a775-7b5cfb6c5bd5
GTOP-BK021,RNA-seq,Illumina NovaSeq X,Adipose,fastq,GTOP-BK021-0160_1.fq.gz,5889.3,ddafe556-df00-4f86-b5b7-82b5a1ae40d0
GTOP-BK021,RNA-seq,Illumina NovaSeq X,Adipose,fastq,GTOP-BK021-0160_2.fq.gz,5948.8,8379ebcc-01bc-4b09-897f-ba4c4d2e512f
GTOP-BK021,RNA-seq,Illumina NovaSeq X,Skin,fastq,GTOP-BK021-0262_1.fq.gz,6713.1,28e69abe-1578-4c2b-a9c0-259bc8a1a404
GTOP-BK021,RNA-seq,Illumina NovaSeq X,Skin,fastq,GTOP-BK021-0262_2.fq.gz,6758.9,d911be7f-ff82-4cfe-8579-5e76413f9aae
GTOP-BK021,RNA-seq,Illumina NovaSeq X,Whole_Blood,fastq,GTOP-BK021-0378_1.fq.gz,6045,4aeff048-601d-41d6-961d-6be1a504857d
GTOP-BK021,RNA-seq,Illumina NovaSeq X,Whole_Blood,fastq,GTOP-BK021-0378_2.fq.gz,6109.5,a34773b1-9884-4faf-8029-4391f6adf96c
GTOP-BK021,RNA-seq,Illumina NovaSeq X,Liver,fastq,GTOP-BK021-1053_1.fq.gz,5885.2,684ecc05-c76c-452d-b267-5b6bcbecb46a
GTOP-BK021,RNA-seq,Illumina NovaSeq X,Liver,fastq,GTOP-BK021-1053_2.fq.gz,5946.9,dce3c0cf-e258-48b0-af74-4667c6f5b9cd
GTOP-BK021,RNA-seq,Illumina NovaSeq X,Pancreas_Head,fastq,GTOP-BK021-1108_1.fq.gz,5847.4,a0f5eb78-9fb2-43c3-b09c-210c5ff99c80
GTOP-BK021,RNA-seq,Illumina NovaSeq X,Pancreas_Head,fastq,GTOP-BK021-1108_2.fq.gz,5937.5,2d2edf1f-7408-4744-b971-eaa1b71cd37d
GTOP-BK021,RNA-seq,Illumina NovaSeq X,Pancreas_Body,fastq,GTOP-BK021-1236_1.fq.gz,6527.1,1b088aec-9649-48f5-9277-3203a6dfef65
GTOP-BK021,RNA-seq,Illumina NovaSeq X,Pancreas_Body,fastq,GTOP-BK021-1236_2.fq.gz,6615.9,fedafe19-345b-4f0e-afb4-055cbf498347
GTOP-BK021,RNA-seq,Illumina NovaSeq X,Pancreas_Tail,fastq,GTOP-BK021-1392_1.fq.gz,6047.6,2e0e6501-324e-4603-88fd-13d24472b7c0
GTOP-BK021,RNA-seq,Illumina NovaSeq X,Pancreas_Tail,fastq,GTOP-BK021-1392_2.fq.gz,6132.8,53299e6e-95af-432f-8677-b863ada58de9
GTOP-BK021,RNA-seq,Illumina NovaSeq X,Gallbladder,fastq,GTOP-BK021-1856_1.fq.gz,5985.1,fc019231-b75c-499a-bd22-050e093aecde
GTOP-BK021,RNA-seq,Illumina NovaSeq X,Gallbladder,fastq,GTOP-BK021-1856_2.fq.gz,6032.6,5d5a8994-c3c7-450d-802f-1d3986b56ae7
GTOP-BK021,RNA-seq,Illumina NovaSeq X,Adrenal_Gland,fastq,GTOP-BK021-2099_1.fq.gz,6734.5,2f6f0094-8176-4675-bb05-8488b1908a24
GTOP-BK021,RNA-seq,Illumina NovaSeq X,Adrenal_Gland,fastq,GTOP-BK021-2099_2.fq.gz,6753.9,3ebe4b3a-0e1e-426d-9e45-c466ee7d8c7e
GTOP-BK021,RNA-seq,Illumina NovaSeq X,Spleen,fastq,GTOP-BK021-3082_1.fq.gz,6391.6,0b27507c-bdf4-44c6-a627-033f7615b3f4
GTOP-BK021,RNA-seq,Illumina NovaSeq X,Spleen,fastq,GTOP-BK021-3082_2.fq.gz,6395.5,e7eebfae-f0da-400e-ac89-0d9a2cb4d2b2
GTOP-BK071,RNA-seq,Illumina NovaSeq X,Muscle,fastq,GTOP-BK071-0087_1.fq.gz,7527.8,04c82ef0-3037-486c-b347-bed19f46c8f9
GTOP-BK071,RNA-seq,Illumina NovaSeq X,Muscle,fastq,GTOP-BK071-0087_2.fq.gz,7548,242fae7d-51b8-4a22-bb25-c49cdf2ba063
GTOP-BK071,RNA-seq,Illumina NovaSeq X,Adipose,fastq,GTOP-BK071-0160_1.fq.gz,7432.6,74098c72-9ce3-4a1d-9304-ed34ec9a78b4
GTOP-BK071,RNA-seq,Illumina NovaSeq X,Adipose,fastq,GTOP-BK071-0160_2.fq.gz,7477,c82cfdcd-c1fb-44cf-afdd-1272e6781cc6
GTOP-BK071,RNA-seq,Illumina NovaSeq X,Whole_Blood,fastq,GTOP-BK071-0378_1.fq.gz,6747.8,66423f77-2ebb-47c6-9863-752639547713
GTOP-BK071,RNA-seq,Illumina NovaSeq X,Whole_Blood,fastq,GTOP-BK071-0378_2.fq.gz,6861.4,a34f292d-cd82-4edd-a47f-5e6b2a76e65b
GTOP-BK071,RNA-seq,Illumina NovaSeq X,Liver,fastq,GTOP-BK071-1053_1.fq.gz,6855.3,5c0a3bf7-2865-4180-ad67-c087ddda0b4d
GTOP-BK071,RNA-seq,Illumina NovaSeq X,Liver,fastq,GTOP-BK071-1053_2.fq.gz,6883.4,b532cc88-21bf-4ca1-bde0-540f34c71359
GTOP-BK071,RNA-seq,Illumina NovaSeq X,Pancreas_Head,fastq,GTOP-BK071-1108_1.fq.gz,6134.4,be4585e3-34ea-443b-929e-1d490814d2da
GTOP-BK071,RNA-seq,Illumina NovaSeq X,Pancreas_Head,fastq,GTOP-BK071-1108_2.fq.gz,6202.1,fc0e5025-0915-4019-ae54-0fdfe42e9ee6
GTOP-BK071,RNA-seq,Illumina NovaSeq X,Pancreas_Body,fastq,GTOP-BK071-1236_1.fq.gz,6129.9,54ab3ff9-8b09-471d-859f-b66b8c75b278
GTOP-BK071,RNA-seq,Illumina NovaSeq X,Pancreas_Body,fastq,GTOP-BK071-1236_2.fq.gz,6181.8,6a23f238-be2b-4a5f-a27f-eee79ec50b3f
GTOP-BK071,RNA-seq,Illumina NovaSeq X,Pancreas_Tail,fastq,GTOP-BK071-1392_1.fq.gz,5718.5,d3226a68-2f6a-4dd2-9e2f-85214d613d89
GTOP-BK071,RNA-seq,Illumina NovaSeq X,Pancreas_Tail,fastq,GTOP-BK071-1392_2.fq.gz,5772.3,f859967b-d624-4e5d-9d14-f8b81fc148e0
GTOP-BK071,RNA-seq,Illumina NovaSeq X,Gallbladder,fastq,GTOP-BK071-1856_1.fq.gz,8773.6,44bcb8cd-1b63-48cb-9f9c-4fadec320862
GTOP-BK071,RNA-seq,Illumina NovaSeq X,Gallbladder,fastq,GTOP-BK071-1856_2.fq.gz,8915.6,02853479-415a-4a97-bf1d-dcec5033aa78
GTOP-BK071,RNA-seq,Illumina NovaSeq X,Adrenal_Gland,fastq,GTOP-BK071-2099_1.fq.gz,9578.4,e5bfb871-769a-4ba0-850c-0da884be24dc
GTOP-BK071,RNA-seq,Illumina NovaSeq X,Adrenal_Gland,fastq,GTOP-BK071-2099_2.fq.gz,9718,2a742bbb-2a58-43af-888f-ee0690322395
GTOP-BK071,RNA-seq,Illumina NovaSeq X,Spleen,fastq,GTOP-BK071-3082_1.fq.gz,9010.4,57bff1d5-9dc4-4a1c-b6a2-a90df9a8a6bb
GTOP-BK071,RNA-seq,Illumina NovaSeq X,Spleen,fastq,GTOP-BK071-3082_2.fq.gz,9109.1,11c54781-82d2-43bf-a19b-1077f73773bc
GTOP-BK071,RNA-seq,Illumina NovaSeq X,Thoracic_Aorta,fastq,GTOP-BK071-4149_1.fq.gz,10437.8,199f738a-cdc4-46b8-87ca-0f965a8c75b0
GTOP-BK071,RNA-seq,Illumina NovaSeq X,Thoracic_Aorta,fastq,GTOP-BK071-4149_2.fq.gz,10570.4,4aef984c-12c5-49d5-a05f-4f7cb5245913
GTOP-BK071,RNA-seq,Illumina NovaSeq X,Common_Iliac_Artery,fastq,GTOP-BK071-4150_1.fq.gz,8991.9,f18038c7-616f-4289-8e10-853ede16160c
GTOP-BK071,RNA-seq,Illumina NovaSeq X,Common_Iliac_Artery,fastq,GTOP-BK071-4150_2.fq.gz,9097.5,aec27ecd-9403-4b21-ab56-50029f09b3ee
GTOP-BK071,RNA-seq,Illumina NovaSeq X,Skin,fastq,GTOP-BK071-0262_1.fq.gz,6321.2,13dd92a1-0a31-435e-9f04-3ab61dcfd436
GTOP-BK071,RNA-seq,Illumina NovaSeq X,Skin,fastq,GTOP-BK071-0262_2.fq.gz,6391.7,f17a5a9c-552e-46fa-9640-a7669d3e0bf2
GTOP-BK161,RNA-seq,Illumina NovaSeq X,Adipose,fastq,GTOP-BK161-0160_1.fq.gz,8593.9,6325ac70-603d-410b-bc7e-27ce189faab4
GTOP-BK161,RNA-seq,Illumina NovaSeq X,Adipose,fastq,GTOP-BK161-0160_2.fq.gz,8691.8,531ba669-81e1-48a1-b447-9331cd46f162
GTOP-BK161,RNA-seq,Illumina NovaSeq X,Whole_Blood,fastq,GTOP-BK161-0378_1.fq.gz,6005.5,3d8c1307-a65f-4f45-a6ad-6951d91fac9a
GTOP-BK161,RNA-seq,Illumina NovaSeq X,Whole_Blood,fastq,GTOP-BK161-0378_2.fq.gz,6081.4,43e5697b-7c7d-4cab-8ea1-19b6805067b1
GTOP-BK161,RNA-seq,Illumina NovaSeq X,Liver,fastq,GTOP-BK161-1053_1.fq.gz,8453.1,6e8f91ae-8ed7-4592-bbdc-34f283c4843e
GTOP-BK161,RNA-seq,Illumina NovaSeq X,Liver,fastq,GTOP-BK161-1053_2.fq.gz,8523.3,56048404-3640-4860-8739-324afcb57799
GTOP-BK161,RNA-seq,Illumina NovaSeq X,Pancreas_Head,fastq,GTOP-BK161-1108_1.fq.gz,6889.3,47579188-b8d7-4214-bc56-940f1399df9c
GTOP-BK161,RNA-seq,Illumina NovaSeq X,Pancreas_Head,fastq,GTOP-BK161-1108_2.fq.gz,6944.8,63ea628b-d5a3-47b3-8329-2a695b2c7847
GTOP-BK161,RNA-seq,Illumina NovaSeq X,Pancreas_Body,fastq,GTOP-BK161-1236_1.fq.gz,6643.5,7d2d7814-07a0-4664-8645-ef7be7357a5b
GTOP-BK161,RNA-seq,Illumina NovaSeq X,Pancreas_Body,fastq,GTOP-BK161-1236_2.fq.gz,6714.4,4e382bf7-1e73-4aeb-ac49-0f6ca270a36d
GTOP-BK161,RNA-seq,Illumina NovaSeq X,Pancreas_Tail,fastq,GTOP-BK161-1392_1.fq.gz,7050.9,a49cde0e-3fcd-4289-9ba2-e2dfcb7f6bb5
GTOP-BK161,RNA-seq,Illumina NovaSeq X,Pancreas_Tail,fastq,GTOP-BK161-1392_2.fq.gz,7106,b534a623-d071-4b7d-aa55-9bbef41af234
GTOP-BK161,RNA-seq,Illumina NovaSeq X,Gallbladder,fastq,GTOP-BK161-1856_1.fq.gz,7582.9,43d0e01e-8448-4495-aafb-af0929e904c2
GTOP-BK161,RNA-seq,Illumina NovaSeq X,Gallbladder,fastq,GTOP-BK161-1856_2.fq.gz,7663.6,e4947243-a481-43b1-881f-eafc35445f69
GTOP-BK161,RNA-seq,Illumina NovaSeq X,Adrenal_Gland,fastq,GTOP-BK161-2099_1.fq.gz,7069.3,c868ac3a-c435-4f67-874b-7087cd155ead
GTOP-BK161,RNA-seq,Illumina NovaSeq X,Adrenal_Gland,fastq,GTOP-BK161-2099_2.fq.gz,7118.9,36289071-29eb-4b86-8b2d-9539f9441156
GTOP-BK191,RNA-seq,Illumina NovaSeq X,Muscle,fastq,GTOP-BK191-0087_1.fq.gz,8374.7,d8c41669-b51f-4e39-9363-6182ab4f7369
GTOP-BK191,RNA-seq,Illumina NovaSeq X,Muscle,fastq,GTOP-BK191-0087_2.fq.gz,8441.5,91588b1b-3a43-4ab2-a3a5-7d6b7ca501a3
GTOP-BK191,RNA-seq,Illumina NovaSeq X,Adipose,fastq,GTOP-BK191-0160_1.fq.gz,6577.9,f9722074-70b4-4db7-9aa5-acc22703f5de
GTOP-BK191,RNA-seq,Illumina NovaSeq X,Adipose,fastq,GTOP-BK191-0160_2.fq.gz,6586.6,f3464ef5-5f7b-488d-9e8b-da52d8625cf2
GTOP-BK191,RNA-seq,Illumina NovaSeq X,Skin,fastq,GTOP-BK191-0262_1.fq.gz,7886,cb928a94-ad7a-4494-b56a-7dce89b89835
GTOP-BK191,RNA-seq,Illumina NovaSeq X,Skin,fastq,GTOP-BK191-0262_2.fq.gz,7924.5,b57cb4cd-d452-478e-936c-3f7e8e1a6650
GTOP-BK191,RNA-seq,Illumina NovaSeq X,Whole_Blood,fastq,GTOP-BK191-0378_1.fq.gz,5910.7,4ca8d2a3-7bdf-4315-95e1-616400914b44
GTOP-BK191,RNA-seq,Illumina NovaSeq X,Whole_Blood,fastq,GTOP-BK191-0378_2.fq.gz,6029.8,e7b4ab56-b868-4638-9197-2cc0a6c20549
GTOP-BK191,RNA-seq,Illumina NovaSeq X,Pancreas_Head,fastq,GTOP-BK191-1108_1.fq.gz,8609.8,ce9b8c31-c246-4e38-bf8b-9af0457b55cc
GTOP-BK191,RNA-seq,Illumina NovaSeq X,Pancreas_Head,fastq,GTOP-BK191-1108_2.fq.gz,8725.1,7dfb57f4-58e5-426c-a442-aa5f194f55ae
GTOP-BK191,RNA-seq,Illumina NovaSeq X,Pancreas_Body,fastq,GTOP-BK191-1236_1.fq.gz,7638.4,78af2ddf-803f-4dbd-be08-12eac7a96571
GTOP-BK191,RNA-seq,Illumina NovaSeq X,Pancreas_Body,fastq,GTOP-BK191-1236_2.fq.gz,7748.9,9093d568-2d94-48ca-9e0a-0e76add9110b
GTOP-BK191,RNA-seq,Illumina NovaSeq X,Pancreas_Tail,fastq,GTOP-BK191-1392_1.fq.gz,8426.7,71203274-f254-4bf2-bcab-92400b406ffe
GTOP-BK191,RNA-seq,Illumina NovaSeq X,Pancreas_Tail,fastq,GTOP-BK191-1392_2.fq.gz,8570.6,21fecd24-f4cb-455b-b96c-73b1655561d2
GTOP-BK191,RNA-seq,Illumina NovaSeq X,Adrenal_Gland,fastq,GTOP-BK191-2099_1.fq.gz,7287.6,a5a9dd9b-8424-499a-9c94-f43e7276c2ad
GTOP-BK191,RNA-seq,Illumina NovaSeq X,Adrenal_Gland,fastq,GTOP-BK191-2099_2.fq.gz,7348.3,5c919c26-c283-4bc9-a816-f51c01215561
GTOP-BK191,RNA-seq,Illumina NovaSeq X,Spleen,fastq,GTOP-BK191-3082_1.fq.gz,8156.7,3efaacad-aff5-41ff-85bb-e99dcb9719b2
GTOP-BK191,RNA-seq,Illumina NovaSeq X,Spleen,fastq,GTOP-BK191-3082_2.fq.gz,8276.2,019c32b8-eda6-4c14-96cc-6cb9e5a3c6f3
GTOP-BK251,RNA-seq,Illumina NovaSeq X,Adipose,fastq,GTOP-BK251-0160_1.fq.gz,7992.2,8ae8ba0a-ac47-493b-ac26-e60bac878533
GTOP-BK251,RNA-seq,Illumina NovaSeq X,Adipose,fastq,GTOP-BK251-0160_2.fq.gz,8091.4,2e9916d1-fe39-4ba4-86a9-d45fed0fe422
GTOP-BK251,RNA-seq,Illumina NovaSeq X,Whole_Blood,fastq,GTOP-BK251-0378_1.fq.gz,5542.4,f42a9449-a036-47ee-bd17-0e262ca4ea20
GTOP-BK251,RNA-seq,Illumina NovaSeq X,Whole_Blood,fastq,GTOP-BK251-0378_2.fq.gz,5632.7,e3fa83a9-76ac-4471-b277-0ed116614ea3
GTOP-BK251,RNA-seq,Illumina NovaSeq X,Liver,fastq,GTOP-BK251-1053_1.fq.gz,6478.5,afe7af94-2b5b-4b82-a9ca-29f3a8406d09
GTOP-BK251,RNA-seq,Illumina NovaSeq X,Liver,fastq,GTOP-BK251-1053_2.fq.gz,6572.4,8df50db8-c3af-4424-b20e-db5334830233
GTOP-BK251,RNA-seq,Illumina NovaSeq X,Pancreas_Head,fastq,GTOP-BK251-1108_1.fq.gz,6804.6,1c37a8cb-63ca-430d-911f-44d8d6f92c9c
GTOP-BK251,RNA-seq,Illumina NovaSeq X,Pancreas_Head,fastq,GTOP-BK251-1108_2.fq.gz,6870.6,af7314fb-b730-418a-a536-f9ee7f7790bb
GTOP-BK251,RNA-seq,Illumina NovaSeq X,Pancreas_Body,fastq,GTOP-BK251-1236_1.fq.gz,6325.6,c3a2b2f7-dfd9-4df2-ad6b-3ad60711a9c6
GTOP-BK251,RNA-seq,Illumina NovaSeq X,Pancreas_Body,fastq,GTOP-BK251-1236_2.fq.gz,6406.4,61c4e250-8991-479e-b2f8-403720c3645c
GTOP-BK251,RNA-seq,Illumina NovaSeq X,Pancreas_Tail,fastq,GTOP-BK251-1392_1.fq.gz,6631.8,ed6045ac-de0e-4822-bd4c-28ad64e0c08d
GTOP-BK251,RNA-seq,Illumina NovaSeq X,Pancreas_Tail,fastq,GTOP-BK251-1392_2.fq.gz,6724.7,7ec71223-8a37-4771-862b-ecb4fbc6da82
GTOP-BK251,RNA-seq,Illumina NovaSeq X,Gallbladder,fastq,GTOP-BK251-1856_1.fq.gz,7236.2,8ca25eec-1603-4be6-935e-9baf3397c509
GTOP-BK251,RNA-seq,Illumina NovaSeq X,Gallbladder,fastq,GTOP-BK251-1856_2.fq.gz,7278.1,442ee1d8-d918-45af-98d9-634acfeac684
GTOP-BK251,RNA-seq,Illumina NovaSeq X,Adrenal_Gland,fastq,GTOP-BK251-2099_1.fq.gz,7653,7663c2db-b2c2-41c3-8613-e9f98ec402e6
GTOP-BK251,RNA-seq,Illumina NovaSeq X,Adrenal_Gland,fastq,GTOP-BK251-2099_2.fq.gz,7777.4,5a0a7436-53d6-414d-9884-1b395ee8a8d5
GTOP-BK261,RNA-seq,Illumina NovaSeq X,Adipose,fastq,GTOP-BK261-0160_1.fq.gz,8153,1e2f986a-5de4-42bc-b8a9-99aa59419c64
GTOP-BK261,RNA-seq,Illumina NovaSeq X,Adipose,fastq,GTOP-BK261-0160_2.fq.gz,8236,b221ff2b-9eb6-40f0-b13a-4be48e7ff5bd
GTOP-BK261,RNA-seq,Illumina NovaSeq X,Whole_Blood,fastq,GTOP-BK261-0378_1.fq.gz,5516.5,1a2f9b3c-3d02-49d8-a5c7-9ce129f4dc3b
GTOP-BK261,RNA-seq,Illumina NovaSeq X,Whole_Blood,fastq,GTOP-BK261-0378_2.fq.gz,5672.6,2a17de39-7b80-456e-bea7-bfd213a4ba68
GTOP-BK261,RNA-seq,Illumina NovaSeq X,Pancreas_Head,fastq,GTOP-BK261-1108_1.fq.gz,7345.1,e2ef06d6-423e-425f-8028-9cb7fdb782b4
GTOP-BK261,RNA-seq,Illumina NovaSeq X,Pancreas_Head,fastq,GTOP-BK261-1108_2.fq.gz,7487.4,79f08f72-73e3-4ff4-b8bf-0158ad1af968
GTOP-BK261,RNA-seq,Illumina NovaSeq X,Pancreas_Body,fastq,GTOP-BK261-1236_1.fq.gz,6816.1,8b98529a-32e3-4134-b7f6-2d4b71c65afa
GTOP-BK261,RNA-seq,Illumina NovaSeq X,Pancreas_Body,fastq,GTOP-BK261-1236_2.fq.gz,6941.2,456abf48-38ce-4302-b897-7e15c8426ef5
GTOP-BK261,RNA-seq,Illumina NovaSeq X,Pancreas_Tail,fastq,GTOP-BK261-1392_1.fq.gz,6236.1,130f1cc9-b16d-4880-819b-b85d1ad40560
GTOP-BK261,RNA-seq,Illumina NovaSeq X,Pancreas_Tail,fastq,GTOP-BK261-1392_2.fq.gz,6313.7,98473c96-1f42-444d-a268-d45c11eb3926
GTOP-BK261,RNA-seq,Illumina NovaSeq X,Gallbladder,fastq,GTOP-BK261-1856_1.fq.gz,7380.8,d13df7dd-5167-48f8-8f6e-e670e6eb9a76
GTOP-BK261,RNA-seq,Illumina NovaSeq X,Gallbladder,fastq,GTOP-BK261-1856_2.fq.gz,7396.6,37db9de4-df3f-45b5-a67d-2de1cd2d64d5
GTOP-BK261,RNA-seq,Illumina NovaSeq X,Adrenal_Gland,fastq,GTOP-BK261-2099_1.fq.gz,6613.1,9f0c5d92-3fd9-4955-a197-fb9215b02841
GTOP-BK261,RNA-seq,Illumina NovaSeq X,Adrenal_Gland,fastq,GTOP-BK261-2099_2.fq.gz,6650.7,a26884da-42ac-4353-b2ea-f1091169da11
GTOP-BK281,RNA-seq,Illumina NovaSeq X,Muscle,fastq,GTOP-BK281-0087_1.fq.gz,6382.1,dfefb5e6-01a4-466d-93a7-58bb3c8fc8ae
GTOP-BK281,RNA-seq,Illumina NovaSeq X,Muscle,fastq,GTOP-BK281-0087_2.fq.gz,6434,a1ff9222-e374-46bc-aa33-96127af84021
GTOP-BK281,RNA-seq,Illumina NovaSeq X,Adipose,fastq,GTOP-BK281-0160_1.fq.gz,6404.1,f8ca33f7-8595-4d13-b3fb-32af9d785e2f
GTOP-BK281,RNA-seq,Illumina NovaSeq X,Adipose,fastq,GTOP-BK281-0160_2.fq.gz,6380.9,5e939183-bc22-4d0f-8eeb-4cd24bb44000
GTOP-BK281,RNA-seq,Illumina NovaSeq X,Skin,fastq,GTOP-BK281-0262_1.fq.gz,5657.5,deb56b5f-b3a9-4d59-b203-94ef9ae6f602
GTOP-BK281,RNA-seq,Illumina NovaSeq X,Skin,fastq,GTOP-BK281-0262_2.fq.gz,5751.1,fabbc5cd-4dd4-456b-985a-a59156f920d1
GTOP-BK281,RNA-seq,Illumina NovaSeq X,Whole_Blood,fastq,GTOP-BK281-0378_1.fq.gz,5461.2,793beda3-67b6-45e1-bfe2-381bba5e7fce
GTOP-BK281,RNA-seq,Illumina NovaSeq X,Whole_Blood,fastq,GTOP-BK281-0378_2.fq.gz,5583.5,589d6360-13af-4ad4-9300-6aebc54ae396
GTOP-BK281,RNA-seq,Illumina NovaSeq X,Liver,fastq,GTOP-BK281-1053_1.fq.gz,6969.4,1de549d2-69b6-4745-9373-0287a174981d
GTOP-BK281,RNA-seq,Illumina NovaSeq X,Liver,fastq,GTOP-BK281-1053_2.fq.gz,7095.5,f1b1cb34-57c3-4e99-9687-1cf06098f86e
GTOP-BK281,RNA-seq,Illumina NovaSeq X,Pancreas_Head,fastq,GTOP-BK281-1108_1.fq.gz,7833.2,251ca285-efd8-4b7a-b628-5645d227a3a7
GTOP-BK281,RNA-seq,Illumina NovaSeq X,Pancreas_Head,fastq,GTOP-BK281-1108_2.fq.gz,7953,a288c8ba-1919-48fd-b9c0-e41160c34fcd
GTOP-BK281,RNA-seq,Illumina NovaSeq X,Pancreas_Body,fastq,GTOP-BK281-1236_1.fq.gz,7008,ffda6520-49eb-446c-8717-32c2746e739d
GTOP-BK281,RNA-seq,Illumina NovaSeq X,Pancreas_Body,fastq,GTOP-BK281-1236_2.fq.gz,7161.8,58c1fa05-849d-4864-a554-e56468c26f0e
GTOP-BK281,RNA-seq,Illumina NovaSeq X,Pancreas_Tail,fastq,GTOP-BK281-1392_1.fq.gz,7478.3,11c46e55-46fd-477d-af51-d88e6c91b3d7
GTOP-BK281,RNA-seq,Illumina NovaSeq X,Pancreas_Tail,fastq,GTOP-BK281-1392_2.fq.gz,7378.2,73e3c39c-e067-4c23-9d33-5323c7b236fc
GTOP-BK281,RNA-seq,Illumina NovaSeq X,Gallbladder,fastq,GTOP-BK281-1856_1.fq.gz,5686.7,2f1a6d04-2900-42c2-b1c5-c8e844c9f795
GTOP-BK281,RNA-seq,Illumina NovaSeq X,Gallbladder,fastq,GTOP-BK281-1856_2.fq.gz,5815.3,27e268fb-a6b6-4cce-b3ea-a96090458c56
GTOP-BK281,RNA-seq,Illumina NovaSeq X,Adrenal_Gland,fastq,GTOP-BK281-2099_1.fq.gz,5605.7,a60196b6-6b92-4797-abc1-164dabc2699d
GTOP-BK281,RNA-seq,Illumina NovaSeq X,Adrenal_Gland,fastq,GTOP-BK281-2099_2.fq.gz,5713.8,e83d0015-0a4f-48ec-8e44-936eac6f3c05
GTOP-BK281,RNA-seq,Illumina NovaSeq X,Spleen,fastq,GTOP-BK281-3082_1.fq.gz,7002.5,ac5d3a1b-22d6-40b7-8731-a90da70b26be
GTOP-BK281,RNA-seq,Illumina NovaSeq X,Spleen,fastq,GTOP-BK281-3082_2.fq.gz,7102.9,c193dc4a-055f-43a6-ba95-f16ccd6b972f
GTOP-BK281,RNA-seq,Illumina NovaSeq X,Heart_Right_Atrium,fastq,GTOP-BK281-4018_1.fq.gz,5916.3,22060caa-4fe0-4ed1-b310-a9dc15dd4273
GTOP-BK281,RNA-seq,Illumina NovaSeq X,Heart_Right_Atrium,fastq,GTOP-BK281-4018_2.fq.gz,5909.9,469ad0a6-51bc-4507-8fee-2692d7f1be9b
GTOP-BK281,RNA-seq,Illumina NovaSeq X,Thoracic_Aorta,fastq,GTOP-BK281-4149_1.fq.gz,6858.7,6269396a-c1d0-478b-ad57-2481a5e53a69
GTOP-BK281,RNA-seq,Illumina NovaSeq X,Thoracic_Aorta,fastq,GTOP-BK281-4149_2.fq.gz,6933.1,92fc7830-aee3-4991-aa45-88688f43c002
GTOP-BL021,RNA-seq,Illumina NovaSeq X,Muscle,fastq,GTOP-BL021-0087_1.fq.gz,6962.4,56fe92e9-e32e-4d25-a9ef-7b962731c067
GTOP-BL021,RNA-seq,Illumina NovaSeq X,Muscle,fastq,GTOP-BL021-0087_2.fq.gz,7043.8,38e0e686-f436-4cf1-ae19-434d300c287a
GTOP-BL021,RNA-seq,Illumina NovaSeq X,Adipose,fastq,GTOP-BL021-0160_1.fq.gz,6239.8,fa94b93e-b5be-41e8-b5f7-97c3ef61623d
GTOP-BL021,RNA-seq,Illumina NovaSeq X,Adipose,fastq,GTOP-BL021-0160_2.fq.gz,6300.4,c92c3e9d-77c2-4a5f-b8eb-cba4c4c663a8
GTOP-BL021,RNA-seq,Illumina NovaSeq X,Whole_Blood,fastq,GTOP-BL021-0378_1.fq.gz,5869.1,6e8c10ac-c22a-4ce8-a2cc-69984157263b
GTOP-BL021,RNA-seq,Illumina NovaSeq X,Whole_Blood,fastq,GTOP-BL021-0378_2.fq.gz,5956,367916d6-9975-4e3a-bd28-6505c02b32bc
GTOP-BL021,RNA-seq,Illumina NovaSeq X,Pancreas_Head,fastq,GTOP-BL021-1108_1.fq.gz,7348.2,02a7bffb-a244-477b-92f5-a23d71a8e24c
GTOP-BL021,RNA-seq,Illumina NovaSeq X,Pancreas_Head,fastq,GTOP-BL021-1108_2.fq.gz,7405.2,71d5641a-faa7-4367-8884-12cc9193ee0c
GTOP-BL021,RNA-seq,Illumina NovaSeq X,Pancreas_Body,fastq,GTOP-BL021-1236_1.fq.gz,6850.4,9480b89b-457f-489f-8531-251662d31c26
GTOP-BL021,RNA-seq,Illumina NovaSeq X,Pancreas_Body,fastq,GTOP-BL021-1236_2.fq.gz,6971.5,d87ff6d6-d2fe-4643-8dff-53e422ad919a
GTOP-BL021,RNA-seq,Illumina NovaSeq X,Pancreas_Tail,fastq,GTOP-BL021-1392_1.fq.gz,7530.7,ce499021-73de-4316-94b7-5393595a46e6
GTOP-BL021,RNA-seq,Illumina NovaSeq X,Pancreas_Tail,fastq,GTOP-BL021-1392_2.fq.gz,7622.7,13c3df9d-0534-4873-877a-11b20dc458eb
GTOP-BL021,RNA-seq,Illumina NovaSeq X,Gallbladder,fastq,GTOP-BL021-1856_1.fq.gz,6243.7,c6ac5a29-a50c-4374-b3ec-cabba50717c9
GTOP-BL021,RNA-seq,Illumina NovaSeq X,Gallbladder,fastq,GTOP-BL021-1856_2.fq.gz,6243.1,408226b5-6d41-4648-a4be-709b92234d4c
GTOP-BL021,RNA-seq,Illumina NovaSeq X,Adrenal_Gland,fastq,GTOP-BL021-2099_1.fq.gz,8246.4,cbc4f919-7ac7-4f01-8345-88e559ea15da
GTOP-BL021,RNA-seq,Illumina NovaSeq X,Adrenal_Gland,fastq,GTOP-BL021-2099_2.fq.gz,8327.8,3b893a39-3fe9-44ae-b3b4-1c5fce2a3850
GTOP-BL021,RNA-seq,Illumina NovaSeq X,Spleen,fastq,GTOP-BL021-3082_1.fq.gz,9529.5,6adeb806-be13-4708-8adf-36dd6583281c
GTOP-BL021,RNA-seq,Illumina NovaSeq X,Spleen,fastq,GTOP-BL021-3082_2.fq.gz,9641.3,eebe262b-9a96-4c17-8d19-f507fc0e7b54
GTOP-BL021,RNA-seq,Illumina NovaSeq X,Lung_Base,fastq,GTOP-BL021-5032_1.fq.gz,7372,7ca670ed-1de2-4232-b4f7-09ed0e3013e4
GTOP-BL021,RNA-seq,Illumina NovaSeq X,Lung_Base,fastq,GTOP-BL021-5032_2.fq.gz,7427.8,a0989b3d-9e23-4258-968a-2774dd63f801
GTOP-BL021,RNA-seq,Illumina NovaSeq X,Lung_Apex,fastq,GTOP-BL021-5156_1.fq.gz,5431.3,90960150-e9fa-48ba-a3b9-f2d6ad561900
GTOP-BL021,RNA-seq,Illumina NovaSeq X,Lung_Apex,fastq,GTOP-BL021-5156_2.fq.gz,5524.2,6e75568c-040e-4140-9fae-41f2b198a170
GTOP-BL091,RNA-seq,Illumina NovaSeq X,Muscle,fastq,GTOP-BL091-0087_1.fq.gz,7595.3,f82eec74-a6aa-4d07-ada6-6cb29f841265
GTOP-BL091,RNA-seq,Illumina NovaSeq X,Muscle,fastq,GTOP-BL091-0087_2.fq.gz,7711.1,f187e72e-2426-49b5-ad21-32305cf6a427
GTOP-BL091,RNA-seq,Illumina NovaSeq X,Adipose,fastq,GTOP-BL091-0160_1.fq.gz,7092.8,32806c8e-38ff-415c-917c-02df48250c4b
GTOP-BL091,RNA-seq,Illumina NovaSeq X,Adipose,fastq,GTOP-BL091-0160_2.fq.gz,7162.2,31c4f423-73fe-4fd3-9256-68a749014d50
GTOP-BL091,RNA-seq,Illumina NovaSeq X,Skin,fastq,GTOP-BL091-0262_1.fq.gz,6869,3d14329a-7be8-4678-b63e-3313de0861ba
GTOP-BL091,RNA-seq,Illumina NovaSeq X,Skin,fastq,GTOP-BL091-0262_2.fq.gz,6923.2,a8cac64a-9864-44c6-a4b3-e59377bbd5f5
GTOP-BL091,RNA-seq,Illumina NovaSeq X,Whole_Blood,fastq,GTOP-BL091-0378_1.fq.gz,5411.8,00e079a6-afa4-4bd4-8571-34c4b83e76e2
GTOP-BL091,RNA-seq,Illumina NovaSeq X,Whole_Blood,fastq,GTOP-BL091-0378_2.fq.gz,5484.1,8ce979e1-b86f-4f61-9dd4-173feaa79c53
GTOP-BL091,RNA-seq,Illumina NovaSeq X,Liver,fastq,GTOP-BL091-1053_1.fq.gz,7737,410c7da2-36ab-4df7-88cf-88f35194935f
GTOP-BL091,RNA-seq,Illumina NovaSeq X,Liver,fastq,GTOP-BL091-1053_2.fq.gz,7781.9,3941e9d6-83af-4043-baf2-02f91b76f2a4
GTOP-BL091,RNA-seq,Illumina NovaSeq X,Pancreas_Head,fastq,GTOP-BL091-1108_1.fq.gz,7510.6,63988043-be4e-4e88-a43c-fd1b2e97cf1f
GTOP-BL091,RNA-seq,Illumina NovaSeq X,Pancreas_Head,fastq,GTOP-BL091-1108_2.fq.gz,7563,215f2d8f-cb7c-45f3-b8b7-bf2cc2bf3b0b
GTOP-BL091,RNA-seq,Illumina NovaSeq X,Pancreas_Body,fastq,GTOP-BL091-1236_1.fq.gz,7326.6,8d210144-49ed-4bf6-b100-e0816b27a219
GTOP-BL091,RNA-seq,Illumina NovaSeq X,Pancreas_Body,fastq,GTOP-BL091-1236_2.fq.gz,7441,72593fa8-851e-4b66-afc5-704b97189462
GTOP-BL091,RNA-seq,Illumina NovaSeq X,Pancreas_Tail,fastq,GTOP-BL091-1392_1.fq.gz,6727.3,3e6fe8b3-6092-4d85-9d5f-5c5b6e1bd1fc
GTOP-BL091,RNA-seq,Illumina NovaSeq X,Pancreas_Tail,fastq,GTOP-BL091-1392_2.fq.gz,6840.3,3ab7d798-edcb-4b4b-af7f-14817aab9187
GTOP-BL091,RNA-seq,Illumina NovaSeq X,Gallbladder,fastq,GTOP-BL091-1856_1.fq.gz,7897.2,69cf0d27-1c7a-4508-8f58-200e69048f3a
GTOP-BL091,RNA-seq,Illumina NovaSeq X,Gallbladder,fastq,GTOP-BL091-1856_2.fq.gz,8053.4,d255e5ba-b84d-4ab9-a608-d362d878c40e
GTOP-BL091,RNA-seq,Illumina NovaSeq X,Adrenal_Gland,fastq,GTOP-BL091-2099_1.fq.gz,5956.1,e32899f2-b26b-4e86-a1a0-6fb424e9d057
GTOP-BL091,RNA-seq,Illumina NovaSeq X,Adrenal_Gland,fastq,GTOP-BL091-2099_2.fq.gz,6075.5,9ee3390c-68df-4cc1-8693-31956d2b8f6c
GTOP-BL151,RNA-seq,Illumina NovaSeq X,Muscle,fastq,GTOP-BL151-0087_1.fq.gz,6284.9,389a5d63-59b5-418f-829e-a871b8fbb6a3
GTOP-BL151,RNA-seq,Illumina NovaSeq X,Muscle,fastq,GTOP-BL151-0087_2.fq.gz,6290.5,3f5e578f-0987-4ae1-8554-e232741d781d
GTOP-BL151,RNA-seq,Illumina NovaSeq X,Adipose,fastq,GTOP-BL151-0160_1.fq.gz,5840.9,bf5c6e3f-cc72-4987-9ade-aed5f9774399
GTOP-BL151,RNA-seq,Illumina NovaSeq X,Adipose,fastq,GTOP-BL151-0160_2.fq.gz,5852.5,d713edd5-b884-4cdd-8537-bf303e34c61f
GTOP-BL151,RNA-seq,Illumina NovaSeq X,Skin,fastq,GTOP-BL151-0262_1.fq.gz,7469.4,08b65356-d042-4d36-adce-49b73997f3e6
GTOP-BL151,RNA-seq,Illumina NovaSeq X,Skin,fastq,GTOP-BL151-0262_2.fq.gz,7573.7,66c14b2a-5e89-4995-a013-d8d6f8038797
GTOP-BL151,RNA-seq,Illumina NovaSeq X,Whole_Blood,fastq,GTOP-BL151-0378_1.fq.gz,5783.2,080662db-1461-4d08-a120-d48a9f471366
GTOP-BL151,RNA-seq,Illumina NovaSeq X,Whole_Blood,fastq,GTOP-BL151-0378_2.fq.gz,6000.4,2e9fc5ec-aab4-4070-8b93-c5425c8cdfeb
GTOP-BL151,RNA-seq,Illumina NovaSeq X,Liver,fastq,GTOP-BL151-1053_1.fq.gz,5969.8,33290ae4-cf51-4fcd-a818-4f79bceda572
GTOP-BL151,RNA-seq,Illumina NovaSeq X,Liver,fastq,GTOP-BL151-1053_2.fq.gz,6081.4,0946bc6e-05b0-4a64-afbb-8ed8c6aac81a
GTOP-BL151,RNA-seq,Illumina NovaSeq X,Pancreas_Head,fastq,GTOP-BL151-1108_1.fq.gz,6137,bbcd448e-2af8-4ff7-ae46-dc7ec99a73c4
GTOP-BL151,RNA-seq,Illumina NovaSeq X,Pancreas_Head,fastq,GTOP-BL151-1108_2.fq.gz,6251.1,7bedeedb-acf7-4f75-a281-ea9126e97128
GTOP-BL151,RNA-seq,Illumina NovaSeq X,Pancreas_Body,fastq,GTOP-BL151-1236_1.fq.gz,6591.9,79375b73-dd74-4ff7-a7c4-5ce4c66fa660
GTOP-BL151,RNA-seq,Illumina NovaSeq X,Pancreas_Body,fastq,GTOP-BL151-1236_2.fq.gz,6670.6,c637d37d-fd12-4041-9b14-8c8b151e5fac
GTOP-BL151,RNA-seq,Illumina NovaSeq X,Pancreas_Tail,fastq,GTOP-BL151-1392_1.fq.gz,6413.7,e495e1b9-6bae-438a-8e3d-e4fc8be11f3e
GTOP-BL151,RNA-seq,Illumina NovaSeq X,Pancreas_Tail,fastq,GTOP-BL151-1392_2.fq.gz,6498.6,043dd36c-be02-461c-9cba-563157e95e8f
GTOP-BL151,RNA-seq,Illumina NovaSeq X,Adrenal_Gland,fastq,GTOP-BL151-2099_1.fq.gz,6906.3,fadcc019-b3c8-462a-81be-4a32c91018d9
GTOP-BL151,RNA-seq,Illumina NovaSeq X,Adrenal_Gland,fastq,GTOP-BL151-2099_2.fq.gz,7079.2,eef78f0a-8cda-4b0c-81cb-a3968d39760f
GTOP-BL161,RNA-seq,Illumina NovaSeq X,Muscle,fastq,GTOP-BL161-0087_1.fq.gz,8026.8,97b97909-f22f-48cd-b744-21398cf9c0db
GTOP-BL161,RNA-seq,Illumina NovaSeq X,Muscle,fastq,GTOP-BL161-0087_2.fq.gz,8167.3,87942973-d997-4def-818b-951c9555ed5b
GTOP-BL161,RNA-seq,Illumina NovaSeq X,Adipose,fastq,GTOP-BL161-0160_1.fq.gz,7468.1,427bf1c7-0717-4d43-b3ba-f1907b06bd5b
GTOP-BL161,RNA-seq,Illumina NovaSeq X,Adipose,fastq,GTOP-BL161-0160_2.fq.gz,7612.8,8ed09d26-2636-4a16-86e6-0dc451ce25eb
GTOP-BL161,RNA-seq,Illumina NovaSeq X,Skin,fastq,GTOP-BL161-0262_1.fq.gz,6265.2,8fe809ba-a050-40a7-9ce1-87e947348ffe
GTOP-BL161,RNA-seq,Illumina NovaSeq X,Skin,fastq,GTOP-BL161-0262_2.fq.gz,6279,095cd66d-59a6-4825-a929-70ba6ecc3281
GTOP-BL161,RNA-seq,Illumina NovaSeq X,Whole_Blood,fastq,GTOP-BL161-0378_1.fq.gz,7527.1,c5d60b8a-a0a3-41cd-bfa6-a3690714862e
GTOP-BL161,RNA-seq,Illumina NovaSeq X,Whole_Blood,fastq,GTOP-BL161-0378_2.fq.gz,7663.7,4cd406be-c8c1-4ca6-8617-d7579f2fa651
GTOP-BL161,RNA-seq,Illumina NovaSeq X,Liver,fastq,GTOP-BL161-1053_1.fq.gz,8257.4,a9d70804-f121-4046-bdd8-ac9144ae7f41
GTOP-BL161,RNA-seq,Illumina NovaSeq X,Liver,fastq,GTOP-BL161-1053_2.fq.gz,8439.1,1e0eaeee-1374-4667-a716-7ff763934942
GTOP-BL161,RNA-seq,Illumina NovaSeq X,Pancreas_Head,fastq,GTOP-BL161-1108_1.fq.gz,7053.5,d72e8bb4-35e0-416b-af92-5aea7169c847
GTOP-BL161,RNA-seq,Illumina NovaSeq X,Pancreas_Head,fastq,GTOP-BL161-1108_2.fq.gz,7182.5,1d4735ea-b14b-4f49-8894-b047cd45a077
GTOP-BL161,RNA-seq,Illumina NovaSeq X,Pancreas_Body,fastq,GTOP-BL161-1236_1.fq.gz,6982.6,02f29711-f220-411f-9f7e-5a7d0470633a
GTOP-BL161,RNA-seq,Illumina NovaSeq X,Pancreas_Body,fastq,GTOP-BL161-1236_2.fq.gz,7154.4,fb7c3441-715c-412f-a740-0bcf4b889399
GTOP-BL161,RNA-seq,Illumina NovaSeq X,Pancreas_Tail,fastq,GTOP-BL161-1392_1.fq.gz,7567.8,23babe5d-93cf-449c-ab07-beca2880c6dd
GTOP-BL161,RNA-seq,Illumina NovaSeq X,Pancreas_Tail,fastq,GTOP-BL161-1392_2.fq.gz,7721.5,ae2d3efb-c3ab-43a0-b595-129f111f97bc
GTOP-BL161,RNA-seq,Illumina NovaSeq X,Gallbladder,fastq,GTOP-BL161-1856_1.fq.gz,6231.1,eae79f5c-0c05-49fd-8573-5e81a562ca98
GTOP-BL161,RNA-seq,Illumina NovaSeq X,Gallbladder,fastq,GTOP-BL161-1856_2.fq.gz,6266,ab02d7b9-7563-4233-bf19-67ef7a202668
GTOP-BL161,RNA-seq,Illumina NovaSeq X,Spleen,fastq,GTOP-BL161-3082_1.fq.gz,6559,e1060a4b-9f4c-4fd0-b711-55a6cc7cfbd3
GTOP-BL161,RNA-seq,Illumina NovaSeq X,Spleen,fastq,GTOP-BL161-3082_2.fq.gz,6672.8,4dfc58b4-ca7f-4d39-8a4b-aba5c1ffbe72
GTOP-BL161,RNA-seq,Illumina NovaSeq X,Heart_Right_Atrium,fastq,GTOP-BL161-4018_1.fq.gz,6805,0032e88d-a574-4541-ad39-b2d60b2c1a73
GTOP-BL161,RNA-seq,Illumina NovaSeq X,Heart_Right_Atrium,fastq,GTOP-BL161-4018_2.fq.gz,6915.7,46128c56-c8e5-4199-9fdb-a9538bce1dea
GTOP-BL161,RNA-seq,Illumina NovaSeq X,Thoracic_Aorta,fastq,GTOP-BL161-4149_1.fq.gz,7400.1,ccd1b46e-eb03-40ce-9498-88c876f14ff1
GTOP-BL161,RNA-seq,Illumina NovaSeq X,Thoracic_Aorta,fastq,GTOP-BL161-4149_2.fq.gz,7544.2,08ef79a4-a918-41e9-aca8-c500238197b1
GTOP-BL221,RNA-seq,Illumina NovaSeq X,Muscle,fastq,GTOP-BL221-0087_1.fq.gz,7611.9,229ae58c-3734-4b19-a3a5-5e561fd52013
GTOP-BL221,RNA-seq,Illumina NovaSeq X,Muscle,fastq,GTOP-BL221-0087_2.fq.gz,7717,54e6aef4-c546-40f5-bf27-7e96fc4eefcc
GTOP-BL221,RNA-seq,Illumina NovaSeq X,Adipose,fastq,GTOP-BL221-0160_1.fq.gz,8094.6,c508543b-b86a-47d0-946d-c516c11042cc
GTOP-BL221,RNA-seq,Illumina NovaSeq X,Adipose,fastq,GTOP-BL221-0160_2.fq.gz,8091.4,7f452675-ea7a-481a-81b5-2f0a7241e47d
GTOP-BL221,RNA-seq,Illumina NovaSeq X,Skin,fastq,GTOP-BL221-0262_1.fq.gz,6551.1,10a3e1be-4412-42b3-9ce5-df9b0fee467a
GTOP-BL221,RNA-seq,Illumina NovaSeq X,Skin,fastq,GTOP-BL221-0262_2.fq.gz,6544.3,53b597f7-a08f-4e4e-a5a1-3951b98f6e8c
GTOP-BL221,RNA-seq,Illumina NovaSeq X,Whole_Blood,fastq,GTOP-BL221-0378_1.fq.gz,6948.1,9b90bcaf-d0e6-4d54-ac5e-1020c6378c00
GTOP-BL221,RNA-seq,Illumina NovaSeq X,Whole_Blood,fastq,GTOP-BL221-0378_2.fq.gz,7213,a79352ba-4852-45a4-b8c0-4a3b343005e7
GTOP-BL221,RNA-seq,Illumina NovaSeq X,Liver,fastq,GTOP-BL221-1053_1.fq.gz,8067.4,fbb910f4-c311-43a1-b9ed-06ff654fde17
GTOP-BL221,RNA-seq,Illumina NovaSeq X,Liver,fastq,GTOP-BL221-1053_2.fq.gz,8189.8,a719e5aa-6c4e-4c3b-bd3d-f17b2e290d39
GTOP-BL221,RNA-seq,Illumina NovaSeq X,Pancreas_Head,fastq,GTOP-BL221-1108_1.fq.gz,10744.3,b7133705-3647-432e-a20d-0809127b3521
GTOP-BL221,RNA-seq,Illumina NovaSeq X,Pancreas_Head,fastq,GTOP-BL221-1108_2.fq.gz,10932.9,57f27626-b9ab-41d7-9617-0c8d761adb68
GTOP-BL221,RNA-seq,Illumina NovaSeq X,Pancreas_Body,fastq,GTOP-BL221-1236_1.fq.gz,8730.7,7a3fefb0-b734-4350-bc53-f83a9624b7fc
GTOP-BL221,RNA-seq,Illumina NovaSeq X,Pancreas_Body,fastq,GTOP-BL221-1236_2.fq.gz,8929.9,b755b5b6-ef3a-4c15-a71c-f6a7cee2e0f4
GTOP-BL221,RNA-seq,Illumina NovaSeq X,Pancreas_Tail,fastq,GTOP-BL221-1392_1.fq.gz,6068.7,17028163-2b2d-441d-ad4b-5f142549a51d
GTOP-BL221,RNA-seq,Illumina NovaSeq X,Pancreas_Tail,fastq,GTOP-BL221-1392_2.fq.gz,6156.6,d04166b5-c1d9-449a-976a-a4d07a4aeecf
GTOP-BL221,RNA-seq,Illumina NovaSeq X,Gallbladder,fastq,GTOP-BL221-1856_1.fq.gz,8589.6,5240b110-b5f3-4584-b083-ec3b1905b960
GTOP-BL221,RNA-seq,Illumina NovaSeq X,Gallbladder,fastq,GTOP-BL221-1856_2.fq.gz,8635,96ead3ba-a0a8-4217-87ff-2a16616c7f0f
GTOP-BL221,RNA-seq,Illumina NovaSeq X,Adrenal_Gland,fastq,GTOP-BL221-2099_1.fq.gz,6578.7,896b08a1-2347-4582-a1ed-6edb1ab69503
GTOP-BL221,RNA-seq,Illumina NovaSeq X,Adrenal_Gland,fastq,GTOP-BL221-2099_2.fq.gz,6704.4,99a4a57f-940b-4b35-b29e-dfa5ad5e83aa
GTOP-BL221,RNA-seq,Illumina NovaSeq X,Spleen,fastq,GTOP-BL221-3082_1.fq.gz,6227.8,4a097d67-7aac-4cde-b3da-67024d1d179e
GTOP-BL221,RNA-seq,Illumina NovaSeq X,Spleen,fastq,GTOP-BL221-3082_2.fq.gz,6349.4,85946b26-253a-44ea-9a36-e9306b9cdaac
GTOP-BL261,RNA-seq,Illumina NovaSeq X,Muscle,fastq,GTOP-BL261-0087_1.fq.gz,6587.8,8786fd72-01b8-4e28-9cac-00b9970b2084
GTOP-BL261,RNA-seq,Illumina NovaSeq X,Muscle,fastq,GTOP-BL261-0087_2.fq.gz,6583.8,96a99fa0-6441-4876-8435-cd7ff7196e88
GTOP-BL261,RNA-seq,Illumina NovaSeq X,Adipose,fastq,GTOP-BL261-0160_1.fq.gz,8479.7,c10ab9b0-c542-472f-91d5-1366a469e652
GTOP-BL261,RNA-seq,Illumina NovaSeq X,Adipose,fastq,GTOP-BL261-0160_2.fq.gz,8645.6,d2029ec1-2779-48fe-813d-aae81931d8ea
GTOP-BL261,RNA-seq,Illumina NovaSeq X,Skin,fastq,GTOP-BL261-0262_1.fq.gz,5180.3,1efb2308-355a-490a-ba4d-14e93b1eda1b
GTOP-BL261,RNA-seq,Illumina NovaSeq X,Skin,fastq,GTOP-BL261-0262_2.fq.gz,5201,57eaa1a9-c171-41d1-84ab-8284b2fd710d
GTOP-BL261,RNA-seq,Illumina NovaSeq X,Whole_Blood,fastq,GTOP-BL261-0378_1.fq.gz,6674.5,d1a3e01f-f8d5-42d1-9fee-bbf98660ca7e
GTOP-BL261,RNA-seq,Illumina NovaSeq X,Whole_Blood,fastq,GTOP-BL261-0378_2.fq.gz,6819.4,603fe01b-64aa-47aa-ae57-b8b259617c02
GTOP-BL261,RNA-seq,Illumina NovaSeq X,Liver,fastq,GTOP-BL261-1053_1.fq.gz,8598.1,0a7f6808-a99d-4a6b-bbe9-9c807d18d4a0
GTOP-BL261,RNA-seq,Illumina NovaSeq X,Liver,fastq,GTOP-BL261-1053_2.fq.gz,8751.9,44109b9b-7d7b-4888-be15-48fc021de416
GTOP-BL261,RNA-seq,Illumina NovaSeq X,Pancreas_Head,fastq,GTOP-BL261-1108_1.fq.gz,6594.5,cf3f5af1-9132-486b-a7e6-6585960579c6
GTOP-BL261,RNA-seq,Illumina NovaSeq X,Pancreas_Head,fastq,GTOP-BL261-1108_2.fq.gz,6700.4,4dee0fee-3552-4478-ae32-97d59ee35801
GTOP-BL261,RNA-seq,Illumina NovaSeq X,Pancreas_Body,fastq,GTOP-BL261-1236_1.fq.gz,5737.8,674b53e9-10ce-49b8-8b96-9026d97f3349
GTOP-BL261,RNA-seq,Illumina NovaSeq X,Pancreas_Body,fastq,GTOP-BL261-1236_2.fq.gz,5864.4,783a7a60-2ec3-4dfc-8b04-469feaac6da7
GTOP-BL261,RNA-seq,Illumina NovaSeq X,Pancreas_Tail,fastq,GTOP-BL261-1392_1.fq.gz,6085,b7d520db-c71d-436d-a4cd-1e296ca3901d
GTOP-BL261,RNA-seq,Illumina NovaSeq X,Pancreas_Tail,fastq,GTOP-BL261-1392_2.fq.gz,6188,93d92825-f486-49c2-9548-2fe2a377a213
GTOP-BL261,RNA-seq,Illumina NovaSeq X,Gallbladder,fastq,GTOP-BL261-1856_1.fq.gz,7042.2,1c2b3027-65a6-4cd1-a8f6-f7ed132323a8
GTOP-BL261,RNA-seq,Illumina NovaSeq X,Gallbladder,fastq,GTOP-BL261-1856_2.fq.gz,7044.5,fa33b58e-2fdb-43ed-9a77-44e36d65be15
GTOP-BL261,RNA-seq,Illumina NovaSeq X,Adrenal_Gland,fastq,GTOP-BL261-2099_1.fq.gz,5636.7,a1e9385f-5557-45a2-9e18-82a861babc0a
GTOP-BL261,RNA-seq,Illumina NovaSeq X,Adrenal_Gland,fastq,GTOP-BL261-2099_2.fq.gz,5766.6,2295243c-c941-4a5a-9056-9ddb1675eab9
GTOP-BL261,RNA-seq,Illumina NovaSeq X,Spleen,fastq,GTOP-BL261-3082_1.fq.gz,6169,df98eaac-8839-415b-8920-67b67c957027
GTOP-BL261,RNA-seq,Illumina NovaSeq X,Spleen,fastq,GTOP-BL261-3082_2.fq.gz,6262.1,e2a9cf68-3b72-461c-aca7-40d2562fcbae
GTOP-BL261,RNA-seq,Illumina NovaSeq X,Lymph_node,fastq,GTOP-BL261-3170_1.fq.gz,6541.8,b433ebc3-bdcc-481e-976d-faac106d20e9
GTOP-BL261,RNA-seq,Illumina NovaSeq X,Lymph_node,fastq,GTOP-BL261-3170_2.fq.gz,6652.7,bfda0298-317d-49ff-b29d-4b2dfb796d99
GTOP-BL261,RNA-seq,Illumina NovaSeq X,Heart_Right_Atrium,fastq,GTOP-BL261-4018_1.fq.gz,5932.5,28cbc491-1d08-49f1-9466-918e48b08054
GTOP-BL261,RNA-seq,Illumina NovaSeq X,Heart_Right_Atrium,fastq,GTOP-BL261-4018_2.fq.gz,6052.5,577e9f41-da1e-480a-8953-ddd6b42cc37a
GTOP-BL271,RNA-seq,Illumina NovaSeq X,Adipose,fastq,GTOP-BL271-0160_1.fq.gz,7011.6,d96e49f4-3557-427e-aae1-319590b57df1
GTOP-BL271,RNA-seq,Illumina NovaSeq X,Adipose,fastq,GTOP-BL271-0160_2.fq.gz,7026.8,3b701d96-3e35-4106-bac5-0eb6d191ef9e
GTOP-BL271,RNA-seq,Illumina NovaSeq X,Whole_Blood,fastq,GTOP-BL271-0378_1.fq.gz,6140.8,a39b9da6-6941-4c99-bda0-8e7f56313392
GTOP-BL271,RNA-seq,Illumina NovaSeq X,Whole_Blood,fastq,GTOP-BL271-0378_2.fq.gz,6228.7,dd127d76-d9da-49ef-8b65-8ac1bc62c2ad
GTOP-BL271,RNA-seq,Illumina NovaSeq X,Liver,fastq,GTOP-BL271-1053_1.fq.gz,5575.6,690ce9af-179d-42d7-a6d5-622975c9c1a4
GTOP-BL271,RNA-seq,Illumina NovaSeq X,Liver,fastq,GTOP-BL271-1053_2.fq.gz,5661.1,22ecb23b-c201-4943-a4bd-1a141ff096ca
GTOP-BL271,RNA-seq,Illumina NovaSeq X,Pancreas_Head,fastq,GTOP-BL271-1108_1.fq.gz,6152.5,e1b8daff-6460-41ed-8197-f83c86ebf3ca
GTOP-BL271,RNA-seq,Illumina NovaSeq X,Pancreas_Head,fastq,GTOP-BL271-1108_2.fq.gz,6268,c63aca9a-151c-4f04-9fc8-60ba4a391255
GTOP-BL271,RNA-seq,Illumina NovaSeq X,Pancreas_Body,fastq,GTOP-BL271-1236_1.fq.gz,5989.6,0ab400fb-c7d2-4e2c-beb5-507bf41cba43
GTOP-BL271,RNA-seq,Illumina NovaSeq X,Pancreas_Body,fastq,GTOP-BL271-1236_2.fq.gz,6149,12c13124-fb33-45e1-aac9-fd06ec14863f
GTOP-BL271,RNA-seq,Illumina NovaSeq X,Pancreas_Tail,fastq,GTOP-BL271-1392_1.fq.gz,5420.6,8011b3fe-b428-4dae-888d-6d3bba32e124
GTOP-BL271,RNA-seq,Illumina NovaSeq X,Pancreas_Tail,fastq,GTOP-BL271-1392_2.fq.gz,5521.9,7507e26f-9ccd-4190-986e-fb00ea4ad1ea
GTOP-BL271,RNA-seq,Illumina NovaSeq X,Gallbladder,fastq,GTOP-BL271-1856_1.fq.gz,5902.9,20e3c1cc-5ce3-4418-a050-709c86386f9c
GTOP-BL271,RNA-seq,Illumina NovaSeq X,Gallbladder,fastq,GTOP-BL271-1856_2.fq.gz,5810.4,f4add396-a6c0-472c-a349-0a8aeb11f378
GTOP-BL271,RNA-seq,Illumina NovaSeq X,Adrenal_Gland,fastq,GTOP-BL271-2099_1.fq.gz,7675.7,d51c41e7-fd36-4a9a-87d1-9645b25a5253
GTOP-BL271,RNA-seq,Illumina NovaSeq X,Adrenal_Gland,fastq,GTOP-BL271-2099_2.fq.gz,7567.4,2e786c90-2e80-49e9-bbe5-fba03b140c6d
GTOP-CA031,RNA-seq,Illumina NovaSeq X,Muscle,fastq,GTOP-CA031-0087_1.fq.gz,7232.6,3b4ec5d5-582d-4f80-bdb4-f7ac0f6efc56
GTOP-CA031,RNA-seq,Illumina NovaSeq X,Muscle,fastq,GTOP-CA031-0087_2.fq.gz,7247.8,448eab1f-6681-454e-9a63-178d14af2c78
GTOP-CA031,RNA-seq,Illumina NovaSeq X,Adipose,fastq,GTOP-CA031-0160_1.fq.gz,7830.5,c61b1456-288f-4795-b1d4-b234553d0a09
GTOP-CA031,RNA-seq,Illumina NovaSeq X,Adipose,fastq,GTOP-CA031-0160_2.fq.gz,7704.3,f6a3ab44-cd9d-4796-823a-13fbef480e42
GTOP-CA031,RNA-seq,Illumina NovaSeq X,Skin,fastq,GTOP-CA031-0262_1.fq.gz,7499,f41f9a6b-129e-49e0-b017-d54b2c76f478
GTOP-CA031,RNA-seq,Illumina NovaSeq X,Skin,fastq,GTOP-CA031-0262_2.fq.gz,7358.2,22808593-29c7-41a1-bfc0-626dddb07ddb
GTOP-CA031,RNA-seq,Illumina NovaSeq X,Whole_Blood,fastq,GTOP-CA031-0378_1.fq.gz,5817.1,b4cd5ac3-3330-4e8b-9880-072a25d412e9
GTOP-CA031,RNA-seq,Illumina NovaSeq X,Whole_Blood,fastq,GTOP-CA031-0378_2.fq.gz,6022.2,b3ae5461-a475-4ff6-97fe-137b81aa8a2b
GTOP-CA031,RNA-seq,Illumina NovaSeq X,Liver,fastq,GTOP-CA031-1053_1.fq.gz,7988.2,05850f7f-8d25-466b-90d1-7b9156cdf920
GTOP-CA031,RNA-seq,Illumina NovaSeq X,Liver,fastq,GTOP-CA031-1053_2.fq.gz,7854.8,71b5ff2e-a463-49a7-8a48-70ff8bc9082f
GTOP-CA031,RNA-seq,Illumina NovaSeq X,Pancreas_Body,fastq,GTOP-CA031-1236_1.fq.gz,6843.6,db8ff155-0758-4a1c-8858-8caaf6409c4a
GTOP-CA031,RNA-seq,Illumina NovaSeq X,Pancreas_Body,fastq,GTOP-CA031-1236_2.fq.gz,6747.1,cd2ac0f1-49e5-4cb5-abb5-1b7a0472e898
GTOP-CA031,RNA-seq,Illumina NovaSeq X,Pancreas_Tail,fastq,GTOP-CA031-1392_1.fq.gz,6199.5,ce914cc6-2bdf-492d-aaf7-cd13d9e13676
GTOP-CA031,RNA-seq,Illumina NovaSeq X,Pancreas_Tail,fastq,GTOP-CA031-1392_2.fq.gz,6129,5f56a451-9d02-4523-910c-bced870adbf7
GTOP-CA031,RNA-seq,Illumina NovaSeq X,Gallbladder,fastq,GTOP-CA031-1856_1.fq.gz,6006.3,642bb449-b0c2-42c4-8c01-1cfbdd2061d3
GTOP-CA031,RNA-seq,Illumina NovaSeq X,Gallbladder,fastq,GTOP-CA031-1856_2.fq.gz,5938.3,5c764856-2a9b-48a5-bbb5-d674a76209cf
GTOP-CA031,RNA-seq,Illumina NovaSeq X,Spleen,fastq,GTOP-CA031-3082_1.fq.gz,6122.1,b6ae2dd1-ec65-4189-8595-6d158a4a2d8b
GTOP-CA031,RNA-seq,Illumina NovaSeq X,Spleen,fastq,GTOP-CA031-3082_2.fq.gz,6048.3,40c7abee-0531-4e01-972c-441791de7410
GTOP-CA081,RNA-seq,Illumina NovaSeq X,Muscle,fastq,GTOP-CA081-0087_1.fq.gz,6239.9,26f536ce-9dec-4294-b1f2-87c37c109063
GTOP-CA081,RNA-seq,Illumina NovaSeq X,Muscle,fastq,GTOP-CA081-0087_2.fq.gz,6177.8,9feb046d-99e2-4d19-b69d-0d4d23b15be1
GTOP-CA081,RNA-seq,Illumina NovaSeq X,Adipose,fastq,GTOP-CA081-0160_1.fq.gz,6206.5,cf1be11b-ed5e-425a-bb7b-8c2a559a533a
GTOP-CA081,RNA-seq,Illumina NovaSeq X,Adipose,fastq,GTOP-CA081-0160_2.fq.gz,6181.3,13ed5318-9f08-44cb-bd8b-712b2a2b008e
GTOP-CA081,RNA-seq,Illumina NovaSeq X,Whole_Blood,fastq,GTOP-CA081-0378_1.fq.gz,5937.9,ac164631-3d86-4f6f-89ca-6149a1d00bed
GTOP-CA081,RNA-seq,Illumina NovaSeq X,Whole_Blood,fastq,GTOP-CA081-0378_2.fq.gz,6095.1,702e0b14-21b4-4c52-b125-a022e865e5d9
GTOP-CA081,RNA-seq,Illumina NovaSeq X,Liver,fastq,GTOP-CA081-1053_1.fq.gz,7589.5,5786252e-5f54-470a-b59f-d907128123f1
GTOP-CA081,RNA-seq,Illumina NovaSeq X,Liver,fastq,GTOP-CA081-1053_2.fq.gz,7646.9,0446df3f-a7cb-477a-bbf3-3057249d93c6
GTOP-CA081,RNA-seq,Illumina NovaSeq X,Pancreas_Head,fastq,GTOP-CA081-1108_1.fq.gz,7698.3,fc4b3af6-eebd-4ff4-b616-fdbf8afabdf8
GTOP-CA081,RNA-seq,Illumina NovaSeq X,Pancreas_Head,fastq,GTOP-CA081-1108_2.fq.gz,7714.9,9950894c-eb56-4c56-a130-bed6e6d6578e
GTOP-CA081,RNA-seq,Illumina NovaSeq X,Pancreas_Body,fastq,GTOP-CA081-1236_1.fq.gz,6773.2,a68a6774-6a6c-4007-9362-0b324fd52591
GTOP-CA081,RNA-seq,Illumina NovaSeq X,Pancreas_Body,fastq,GTOP-CA081-1236_2.fq.gz,6776.9,aa17dbee-1e4a-4f8a-a2f3-342e75df0af4
GTOP-CA081,RNA-seq,Illumina NovaSeq X,Pancreas_Tail,fastq,GTOP-CA081-1392_1.fq.gz,6134.7,2b158ba2-9254-4b33-8b91-e2cd617746af
GTOP-CA081,RNA-seq,Illumina NovaSeq X,Pancreas_Tail,fastq,GTOP-CA081-1392_2.fq.gz,6151,6c5a71ea-67e4-421d-a660-f60c71445898
GTOP-CA081,RNA-seq,Illumina NovaSeq X,Gallbladder,fastq,GTOP-CA081-1856_1.fq.gz,6386.9,9e8ecd7c-d4bb-40e6-b669-848f8e971547
GTOP-CA081,RNA-seq,Illumina NovaSeq X,Gallbladder,fastq,GTOP-CA081-1856_2.fq.gz,6374.8,1a06940c-a974-42bf-8b07-25158d55a9ec
GTOP-CA081,RNA-seq,Illumina NovaSeq X,Adrenal_Gland,fastq,GTOP-CA081-2099_1.fq.gz,6694.7,d457e51e-ff7c-40ab-b844-51c933c30774
GTOP-CA081,RNA-seq,Illumina NovaSeq X,Adrenal_Gland,fastq,GTOP-CA081-2099_2.fq.gz,6715.6,e62a93dd-2157-49dd-9da5-fbdbbf8b122c
GTOP-CA081,RNA-seq,Illumina NovaSeq X,Spleen,fastq,GTOP-CA081-3082_1.fq.gz,6317.2,c4629b24-3589-4db8-861e-29c4c6bd5fea
GTOP-CA081,RNA-seq,Illumina NovaSeq X,Spleen,fastq,GTOP-CA081-3082_2.fq.gz,6280.9,b9772fae-adfd-47bb-ab57-0a4a07e47b5a
GTOP-CA081,RNA-seq,Illumina NovaSeq X,Lymph_node,fastq,GTOP-CA081-3170_1.fq.gz,7346.4,d680a21d-f14d-4ff5-bca8-66c61161dc9a
GTOP-CA081,RNA-seq,Illumina NovaSeq X,Lymph_node,fastq,GTOP-CA081-3170_2.fq.gz,7369.7,e7802255-5a3b-451d-9879-8c60e4b47d1c
GTOP-CA081,RNA-seq,Illumina NovaSeq X,Heart_Right_Ventricle,fastq,GTOP-CA081-4003_1.fq.gz,5967.9,4042d34d-6d41-48ab-a34a-4f3dbb9a3d16
GTOP-CA081,RNA-seq,Illumina NovaSeq X,Heart_Right_Ventricle,fastq,GTOP-CA081-4003_2.fq.gz,5954.2,f972b33d-b04b-406f-9764-19fbdcf3c04c
GTOP-CA081,RNA-seq,Illumina NovaSeq X,Skin,fastq,GTOP-CA081-0262_1.fq.gz,5577.7,4a73d8ea-8a45-4986-8ef2-6695dcf28ede
GTOP-CA081,RNA-seq,Illumina NovaSeq X,Skin,fastq,GTOP-CA081-0262_2.fq.gz,5629.2,46e8ec4e-cb02-4102-8b69-4ce8a70e7f68
GTOP-CA121,RNA-seq,Illumina NovaSeq X,Adipose,fastq,GTOP-CA121-0160_1.fq.gz,6179.4,720ef6c7-7402-4d80-a1e0-83bb664d9881
GTOP-CA121,RNA-seq,Illumina NovaSeq X,Adipose,fastq,GTOP-CA121-0160_2.fq.gz,6210.1,38b2873b-10f8-478d-bf78-cbfadc23790b
GTOP-CA121,RNA-seq,Illumina NovaSeq X,Whole_Blood,fastq,GTOP-CA121-0378_1.fq.gz,6456.4,b42506f0-6007-47f2-b1bb-c342fa5eaf31
GTOP-CA121,RNA-seq,Illumina NovaSeq X,Whole_Blood,fastq,GTOP-CA121-0378_2.fq.gz,6536.3,39fd4f9d-5bd3-486e-9ccc-1d86e9b7c5e2
GTOP-CA121,RNA-seq,Illumina NovaSeq X,Liver,fastq,GTOP-CA121-1053_1.fq.gz,6823.5,5703a6ff-9746-4270-b3ab-8436455fe44b
GTOP-CA121,RNA-seq,Illumina NovaSeq X,Liver,fastq,GTOP-CA121-1053_2.fq.gz,6789.2,d06054ed-4f1a-4939-bf87-c428247e05db
GTOP-CA121,RNA-seq,Illumina NovaSeq X,Pancreas_Head,fastq,GTOP-CA121-1108_1.fq.gz,6547.3,827c0bc8-a726-4af0-8f76-5d9e90da82bd
GTOP-CA121,RNA-seq,Illumina NovaSeq X,Pancreas_Head,fastq,GTOP-CA121-1108_2.fq.gz,6521.2,93790068-f650-48da-8d2a-2ee57ab4abe4
GTOP-CA121,RNA-seq,Illumina NovaSeq X,Pancreas_Body,fastq,GTOP-CA121-1236_1.fq.gz,7838.2,841aed0d-8d3d-4436-a1f3-e7973968a4a2
GTOP-CA121,RNA-seq,Illumina NovaSeq X,Pancreas_Body,fastq,GTOP-CA121-1236_2.fq.gz,7923,d5ced5fc-9e34-4953-898e-8496b67576c6
GTOP-CA121,RNA-seq,Illumina NovaSeq X,Pancreas_Tail,fastq,GTOP-CA121-1392_1.fq.gz,6998.5,020d8b03-eab0-498d-be27-1e90ca1bf1e5
GTOP-CA121,RNA-seq,Illumina NovaSeq X,Pancreas_Tail,fastq,GTOP-CA121-1392_2.fq.gz,7025.7,0e0ef0b1-e382-473b-bd88-1dbcb4a39eb8
GTOP-CA121,RNA-seq,Illumina NovaSeq X,Adrenal_Gland,fastq,GTOP-CA121-2099_1.fq.gz,5643.9,2c0cb641-6d31-4293-97b1-665d89b81453
GTOP-CA121,RNA-seq,Illumina NovaSeq X,Adrenal_Gland,fastq,GTOP-CA121-2099_2.fq.gz,5643.1,a1f1e9d3-5ffc-4d5e-8454-8bbe3302b396
GTOP-CA161,RNA-seq,Illumina NovaSeq X,Muscle,fastq,GTOP-CA161-0087_1.fq.gz,6065.6,973f472d-bb6a-4f90-9218-c05d4a70f14c
GTOP-CA161,RNA-seq,Illumina NovaSeq X,Muscle,fastq,GTOP-CA161-0087_2.fq.gz,6081.6,6d9facc3-5b74-4dbc-979e-90a9b3e7ac77
GTOP-CA161,RNA-seq,Illumina NovaSeq X,Adipose,fastq,GTOP-CA161-0160_1.fq.gz,5849.1,2b729b54-c3e8-405f-b736-9719adb4deeb
GTOP-CA161,RNA-seq,Illumina NovaSeq X,Adipose,fastq,GTOP-CA161-0160_2.fq.gz,5839.9,75d5da04-7b3e-44d3-8632-a130f13f2497
GTOP-CA161,RNA-seq,Illumina NovaSeq X,Whole_Blood,fastq,GTOP-CA161-0378_1.fq.gz,5957.3,f02ba4b5-c135-4ca0-887d-279fdd6ba592
GTOP-CA161,RNA-seq,Illumina NovaSeq X,Whole_Blood,fastq,GTOP-CA161-0378_2.fq.gz,6139.7,e91f77f6-6ece-492a-9b44-253120c87060
GTOP-CA161,RNA-seq,Illumina NovaSeq X,Liver,fastq,GTOP-CA161-1053_1.fq.gz,6219.2,e545cc11-7bc0-4c97-9f30-a77bccd8228c
GTOP-CA161,RNA-seq,Illumina NovaSeq X,Liver,fastq,GTOP-CA161-1053_2.fq.gz,6176.1,99e48152-1d39-4637-8bc1-1e11555d854d
GTOP-CA161,RNA-seq,Illumina NovaSeq X,Pancreas_Head,fastq,GTOP-CA161-1108_1.fq.gz,7790.9,249e73e9-0417-471a-b497-a3ab752112ec
GTOP-CA161,RNA-seq,Illumina NovaSeq X,Pancreas_Head,fastq,GTOP-CA161-1108_2.fq.gz,7752,15dea170-4a7a-4b34-b684-c43865d9e22e
GTOP-CA161,RNA-seq,Illumina NovaSeq X,Pancreas_Body,fastq,GTOP-CA161-1236_1.fq.gz,7352.1,e5afc870-100d-4f77-9008-f33197bf56c7
GTOP-CA161,RNA-seq,Illumina NovaSeq X,Pancreas_Body,fastq,GTOP-CA161-1236_2.fq.gz,7322.6,5d9d91cc-9ecf-48f3-83e5-cd4150e62ef8
GTOP-CA161,RNA-seq,Illumina NovaSeq X,Pancreas_Tail,fastq,GTOP-CA161-1392_1.fq.gz,7560.1,4470e009-174f-4002-8312-c4cf358e0fbb
GTOP-CA161,RNA-seq,Illumina NovaSeq X,Pancreas_Tail,fastq,GTOP-CA161-1392_2.fq.gz,7525.9,02a466f7-da62-4112-a778-ee11f9dc0eab
GTOP-CA161,RNA-seq,Illumina NovaSeq X,Gallbladder,fastq,GTOP-CA161-1856_1.fq.gz,5938.3,c6526dd0-7154-4664-92c7-7b8333275220
GTOP-CA161,RNA-seq,Illumina NovaSeq X,Gallbladder,fastq,GTOP-CA161-1856_2.fq.gz,5914.4,402b5133-c0ac-4d33-8980-994bcb0eaa37
GTOP-CA161,RNA-seq,Illumina NovaSeq X,Adrenal_Gland,fastq,GTOP-CA161-2099_1.fq.gz,6768.6,dbaf0858-709a-4b12-8f45-e53b2df81bef
GTOP-CA161,RNA-seq,Illumina NovaSeq X,Adrenal_Gland,fastq,GTOP-CA161-2099_2.fq.gz,6735.4,3622be9b-8e2d-40a9-9ea7-660000be4732
GTOP-CA161,RNA-seq,Illumina NovaSeq X,Skin,fastq,GTOP-CA161-0262_1.fq.gz,7266.5,044b5f69-28e3-44a4-af4d-dfca55ca41a8
GTOP-CA161,RNA-seq,Illumina NovaSeq X,Skin,fastq,GTOP-CA161-0262_2.fq.gz,7325.4,e3f96ca7-b008-47b3-acab-c7e666864ba7
GTOP-CA171,RNA-seq,Illumina NovaSeq X,Adipose,fastq,GTOP-CA171-0160_1.fq.gz,7108.1,ecedcf2f-75cb-413b-bc94-26caa4e6aba4
GTOP-CA171,RNA-seq,Illumina NovaSeq X,Adipose,fastq,GTOP-CA171-0160_2.fq.gz,7064.5,ed3e9033-9d7d-48d8-82e2-aa0de8db934c
GTOP-CA171,RNA-seq,Illumina NovaSeq X,Whole_Blood,fastq,GTOP-CA171-0378_1.fq.gz,5607.4,2bc99310-9eb3-4f57-bb00-6d77b1d1225d
GTOP-CA171,RNA-seq,Illumina NovaSeq X,Whole_Blood,fastq,GTOP-CA171-0378_2.fq.gz,5753.2,f8707903-6d42-4489-be72-f3f8756332c6
GTOP-CA171,RNA-seq,Illumina NovaSeq X,Liver,fastq,GTOP-CA171-1053_1.fq.gz,6886.8,91dd33d9-3b28-4358-8360-b3eb9dc5ba33
GTOP-CA171,RNA-seq,Illumina NovaSeq X,Liver,fastq,GTOP-CA171-1053_2.fq.gz,6860.8,ac1ba99c-a611-4aba-9e73-a9ba86572e80
GTOP-CA171,RNA-seq,Illumina NovaSeq X,Pancreas_Head,fastq,GTOP-CA171-1108_1.fq.gz,6804.4,c6e77ee3-c5a0-48cd-9174-b0cc064a8dc7
GTOP-CA171,RNA-seq,Illumina NovaSeq X,Pancreas_Head,fastq,GTOP-CA171-1108_2.fq.gz,6776.7,a0ee576b-bb44-48e7-9602-79a73415637a
GTOP-CA171,RNA-seq,Illumina NovaSeq X,Pancreas_Body,fastq,GTOP-CA171-1236_1.fq.gz,6516.1,bb68cdf4-3314-4cf6-93d0-97e65cec872d
GTOP-CA171,RNA-seq,Illumina NovaSeq X,Pancreas_Body,fastq,GTOP-CA171-1236_2.fq.gz,6492,fd8fbb4d-69a8-404f-94c9-26af9d902eee
GTOP-CA171,RNA-seq,Illumina NovaSeq X,Pancreas_Tail,fastq,GTOP-CA171-1392_1.fq.gz,6435.2,7edc7811-818c-4b04-8af2-319dd84949a3
GTOP-CA171,RNA-seq,Illumina NovaSeq X,Pancreas_Tail,fastq,GTOP-CA171-1392_2.fq.gz,6410.5,fcb595de-2a7b-4a8e-a8cf-94a2795e29f0
GTOP-CA171,RNA-seq,Illumina NovaSeq X,Gallbladder,fastq,GTOP-CA171-1856_1.fq.gz,7536.1,cc6c9e9c-5ba6-4510-94ab-3da26ac421fd
GTOP-CA171,RNA-seq,Illumina NovaSeq X,Gallbladder,fastq,GTOP-CA171-1856_2.fq.gz,7536.3,85302da5-e7ba-4ee1-9387-8c0425830b6d
GTOP-CA171,RNA-seq,Illumina NovaSeq X,Adrenal_Gland,fastq,GTOP-CA171-2099_1.fq.gz,6091.6,5ec07897-8cb5-41af-9b7f-2269f32f28d4
GTOP-CA171,RNA-seq,Illumina NovaSeq X,Adrenal_Gland,fastq,GTOP-CA171-2099_2.fq.gz,6083,f3484e47-662a-4132-8e35-48843b5678e8
GTOP-CA171,RNA-seq,Illumina NovaSeq X,Spleen,fastq,GTOP-CA171-3082_1.fq.gz,6102.4,4a692056-4ad5-4e16-b151-64bd323a9dbd
GTOP-CA171,RNA-seq,Illumina NovaSeq X,Spleen,fastq,GTOP-CA171-3082_2.fq.gz,6088.5,2bdc8555-2b02-4fd4-b499-4647e618773e
GTOP-CA171,RNA-seq,Illumina NovaSeq X,Thoracic_Aorta,fastq,GTOP-CA171-4149_1.fq.gz,6813.9,61bfdf87-211e-4611-bcf3-16fb4d2b1f5a
GTOP-CA171,RNA-seq,Illumina NovaSeq X,Thoracic_Aorta,fastq,GTOP-CA171-4149_2.fq.gz,6795.3,43be722c-4e1b-4bae-b09e-3d4364c0018d
GTOP-CA181,RNA-seq,Illumina NovaSeq X,Adipose,fastq,GTOP-CA181-0160_1.fq.gz,6409.7,554dff35-fb58-4619-9f51-6b35ad7d8570
GTOP-CA181,RNA-seq,Illumina NovaSeq X,Adipose,fastq,GTOP-CA181-0160_2.fq.gz,6442.6,3a3832ec-462a-49ac-9a96-3068e0f7c64a
GTOP-CA181,RNA-seq,Illumina NovaSeq X,Whole_Blood,fastq,GTOP-CA181-0378_1.fq.gz,6082.4,67a9fd8e-042b-4c6e-9f34-77f94a73847e
GTOP-CA181,RNA-seq,Illumina NovaSeq X,Whole_Blood,fastq,GTOP-CA181-0378_2.fq.gz,6279,744171e7-1775-44b5-b22d-217c1a6afee8
GTOP-CA181,RNA-seq,Illumina NovaSeq X,Liver,fastq,GTOP-CA181-1053_1.fq.gz,5811.1,96139635-e325-47d9-a83f-5e970ef9bd1a
GTOP-CA181,RNA-seq,Illumina NovaSeq X,Liver,fastq,GTOP-CA181-1053_2.fq.gz,5810.2,ce1f1783-67ed-4b65-9bbd-6c2bec18dafd
GTOP-CA181,RNA-seq,Illumina NovaSeq X,Pancreas_Head,fastq,GTOP-CA181-1108_1.fq.gz,5788.5,ca574a4d-0773-4ea3-8272-611eb5908a0d
GTOP-CA181,RNA-seq,Illumina NovaSeq X,Pancreas_Head,fastq,GTOP-CA181-1108_2.fq.gz,5801.4,728dd65a-b63c-4eb4-87ce-9d62deda3303
GTOP-CA181,RNA-seq,Illumina NovaSeq X,Pancreas_Body,fastq,GTOP-CA181-1236_1.fq.gz,5835.2,3fde0515-e88a-4a0b-97ce-fbfdda3c72ff
GTOP-CA181,RNA-seq,Illumina NovaSeq X,Pancreas_Body,fastq,GTOP-CA181-1236_2.fq.gz,5835.4,2f7806a4-a6cd-4a7d-8953-37a6a4ba609a
GTOP-CA181,RNA-seq,Illumina NovaSeq X,Pancreas_Tail,fastq,GTOP-CA181-1392_1.fq.gz,7117,bf42e348-b569-4043-8c2a-f189134ee727
GTOP-CA181,RNA-seq,Illumina NovaSeq X,Pancreas_Tail,fastq,GTOP-CA181-1392_2.fq.gz,7089.8,cfae7431-a113-4e08-a967-9e66450faa13
GTOP-CA181,RNA-seq,Illumina NovaSeq X,Gallbladder,fastq,GTOP-CA181-1856_1.fq.gz,6951.7,46f22af7-d5a0-4e0f-9edd-fa39d967e334
GTOP-CA181,RNA-seq,Illumina NovaSeq X,Gallbladder,fastq,GTOP-CA181-1856_2.fq.gz,6980.5,4b0feef7-f92a-44a9-91c2-d1f30ffda814
GTOP-CA181,RNA-seq,Illumina NovaSeq X,Adrenal_Gland,fastq,GTOP-CA181-2099_1.fq.gz,6418.1,03cd05e9-c085-43c0-bb30-05332dd14ffb
GTOP-CA181,RNA-seq,Illumina NovaSeq X,Adrenal_Gland,fastq,GTOP-CA181-2099_2.fq.gz,6409,b22910c7-5e77-4f56-966e-dd7582cbbe72
GTOP-CA231,RNA-seq,Illumina NovaSeq X,Muscle,fastq,GTOP-CA231-0087_1.fq.gz,5480.5,3f0363e4-184f-4a46-888d-42ac2eea7cff
GTOP-CA231,RNA-seq,Illumina NovaSeq X,Muscle,fastq,GTOP-CA231-0087_2.fq.gz,5511.3,271c0aa9-8cda-4862-af3b-1af4fac1ec36
GTOP-CA231,RNA-seq,Illumina NovaSeq X,Adipose,fastq,GTOP-CA231-0160_1.fq.gz,5605.7,ad5204d9-2f5d-404e-a01d-7299d3c11794
GTOP-CA231,RNA-seq,Illumina NovaSeq X,Adipose,fastq,GTOP-CA231-0160_2.fq.gz,5624,16b736b8-9bdc-40a9-95a5-148e8d958ea7
GTOP-CA231,RNA-seq,Illumina NovaSeq X,Skin,fastq,GTOP-CA231-0262_1.fq.gz,6360.4,8f56d85f-1b9f-4d3f-b044-32b7b9922358
GTOP-CA231,RNA-seq,Illumina NovaSeq X,Skin,fastq,GTOP-CA231-0262_2.fq.gz,6403.8,98419c75-482f-4f7d-a5bf-9200661c20ef
GTOP-CA231,RNA-seq,Illumina NovaSeq X,Whole_Blood,fastq,GTOP-CA231-0378_1.fq.gz,6702.2,af0697d3-d2d4-47c5-bd6f-c371d1139298
GTOP-CA231,RNA-seq,Illumina NovaSeq X,Whole_Blood,fastq,GTOP-CA231-0378_2.fq.gz,6769.7,69fa831c-c181-4f1b-b8ca-0b26450acd0c
GTOP-CA231,RNA-seq,Illumina NovaSeq X,Liver,fastq,GTOP-CA231-1053_1.fq.gz,6043.8,40998125-4415-417c-aa84-dd2da54d4cd0
GTOP-CA231,RNA-seq,Illumina NovaSeq X,Liver,fastq,GTOP-CA231-1053_2.fq.gz,6089.6,32fde9ca-d289-4147-b85e-2628b5e2c179
GTOP-CA231,RNA-seq,Illumina NovaSeq X,Pancreas_Head,fastq,GTOP-CA231-1108_1.fq.gz,6605.8,bcaa1d59-49e6-4c03-a704-f80a35d66efc
GTOP-CA231,RNA-seq,Illumina NovaSeq X,Pancreas_Head,fastq,GTOP-CA231-1108_2.fq.gz,6664.5,019594bb-d63e-4af2-94cb-9b79d5996488
GTOP-CA231,RNA-seq,Illumina NovaSeq X,Pancreas_Tail,fastq,GTOP-CA231-1392_1.fq.gz,6617.5,4a1b09a7-dcc5-44f5-952e-7827c240c243
GTOP-CA231,RNA-seq,Illumina NovaSeq X,Pancreas_Tail,fastq,GTOP-CA231-1392_2.fq.gz,6657.6,09df3a77-8bf7-41ad-95f0-0c8940b11683
GTOP-CA231,RNA-seq,Illumina NovaSeq X,Gallbladder,fastq,GTOP-CA231-1856_1.fq.gz,5460.4,b87e6ecb-1452-4e74-a8a1-d0eb65801098
GTOP-CA231,RNA-seq,Illumina NovaSeq X,Gallbladder,fastq,GTOP-CA231-1856_2.fq.gz,5482.3,71b99669-0017-4533-9f53-e18a6a4a9a0d
GTOP-CA231,RNA-seq,Illumina NovaSeq X,Adrenal_Gland,fastq,GTOP-CA231-2099_1.fq.gz,6175.2,4ec51f76-e3c2-4d4a-a6bb-0d4e1195c63d
GTOP-CA231,RNA-seq,Illumina NovaSeq X,Adrenal_Gland,fastq,GTOP-CA231-2099_2.fq.gz,6205.1,33de2a7a-ea3e-4c5d-ae70-a06104a2980d
GTOP-CA241,RNA-seq,Illumina NovaSeq X,Muscle,fastq,GTOP-CA241-0087_1.fq.gz,7270.6,21bc2099-3bd5-4e52-b7ec-01178dcc9486
GTOP-CA241,RNA-seq,Illumina NovaSeq X,Muscle,fastq,GTOP-CA241-0087_2.fq.gz,7263.8,d007dfab-8bc5-4062-92ad-3ccba5e0cfca
GTOP-CA241,RNA-seq,Illumina NovaSeq X,Adipose,fastq,GTOP-CA241-0160_1.fq.gz,8881.2,fa1f8c8a-87a6-412e-8250-2dbdcd79f0ff
GTOP-CA241,RNA-seq,Illumina NovaSeq X,Adipose,fastq,GTOP-CA241-0160_2.fq.gz,8995.1,9076dffa-ddef-491d-a0c5-675cbfa5cada
GTOP-CA241,RNA-seq,Illumina NovaSeq X,Skin,fastq,GTOP-CA241-0262_1.fq.gz,7311.6,ccad3150-12b3-49ef-b944-9310892ca7f7
GTOP-CA241,RNA-seq,Illumina NovaSeq X,Skin,fastq,GTOP-CA241-0262_2.fq.gz,7344.8,ad8d1e26-d676-44e9-ae15-f1c3e33d6b14
GTOP-CA241,RNA-seq,Illumina NovaSeq X,Whole_Blood,fastq,GTOP-CA241-0378_1.fq.gz,5907.1,bc382101-f19e-436d-82c8-bc7ccb21d372
GTOP-CA241,RNA-seq,Illumina NovaSeq X,Whole_Blood,fastq,GTOP-CA241-0378_2.fq.gz,6109.3,f71ae4be-eba6-4997-adc3-af1f51d39991
GTOP-CA241,RNA-seq,Illumina NovaSeq X,Liver,fastq,GTOP-CA241-1053_1.fq.gz,7107.1,b38ee580-d631-49f5-9d71-1046355fcced
GTOP-CA241,RNA-seq,Illumina NovaSeq X,Liver,fastq,GTOP-CA241-1053_2.fq.gz,7157,e1883f46-fa2c-44aa-9fc9-beca11ba5ee8
GTOP-CA241,RNA-seq,Illumina NovaSeq X,Pancreas_Head,fastq,GTOP-CA241-1108_1.fq.gz,5787.2,e8fd8896-3f96-418e-9f46-ea560baafede
GTOP-CA241,RNA-seq,Illumina NovaSeq X,Pancreas_Head,fastq,GTOP-CA241-1108_2.fq.gz,5868.7,387569fd-df79-42b4-a261-aba2af450401
GTOP-CA241,RNA-seq,Illumina NovaSeq X,Pancreas_Body,fastq,GTOP-CA241-1236_1.fq.gz,6235.4,adfd9394-1ba7-4f4c-bcee-0953edec8664
GTOP-CA241,RNA-seq,Illumina NovaSeq X,Pancreas_Body,fastq,GTOP-CA241-1236_2.fq.gz,6365.7,843e8f92-e112-4664-8c82-dddd7f586241
GTOP-CA241,RNA-seq,Illumina NovaSeq X,Pancreas_Tail,fastq,GTOP-CA241-1392_1.fq.gz,6100.5,a46a1978-9a2e-4df2-8f39-b339c340efd6
GTOP-CA241,RNA-seq,Illumina NovaSeq X,Pancreas_Tail,fastq,GTOP-CA241-1392_2.fq.gz,6208.9,7c761176-46cb-41c2-a56d-cd0bdbd63914
GTOP-CA241,RNA-seq,Illumina NovaSeq X,Adrenal_Gland,fastq,GTOP-CA241-2099_1.fq.gz,5510.6,84025e13-7431-4d1e-b375-db60f7e2bf19
GTOP-CA241,RNA-seq,Illumina NovaSeq X,Adrenal_Gland,fastq,GTOP-CA241-2099_2.fq.gz,5615.2,e850d19d-848c-4a80-bd55-14f60258f7c8
GTOP-CA241,RNA-seq,Illumina NovaSeq X,Spleen,fastq,GTOP-CA241-3082_1.fq.gz,5798,f3040f07-449d-48b9-80cb-fb0ddda76c3c
GTOP-CA241,RNA-seq,Illumina NovaSeq X,Spleen,fastq,GTOP-CA241-3082_2.fq.gz,5842.9,32eeeddb-2794-4acf-b20d-bd5a0a7fbbbb
GTOP-CA241,RNA-seq,Illumina NovaSeq X,Lung_Base,fastq,GTOP-CA241-5032_1.fq.gz,5428,c36c0132-27b9-4c6f-b4f4-7a0db885d2ab
GTOP-CA241,RNA-seq,Illumina NovaSeq X,Lung_Base,fastq,GTOP-CA241-5032_2.fq.gz,5510.4,af1e17ae-ec9c-4a54-91d7-e0a9455f1a50
GTOP-CB051,RNA-seq,Illumina NovaSeq X,Muscle,fastq,GTOP-CB051-0087_1.fq.gz,6041.7,111d23a9-406c-4037-8b03-52e09d3a837a
GTOP-CB051,RNA-seq,Illumina NovaSeq X,Muscle,fastq,GTOP-CB051-0087_2.fq.gz,6140.7,fb88e51d-cc67-4652-a18c-dc28b9b728c5
GTOP-CB051,RNA-seq,Illumina NovaSeq X,Adipose,fastq,GTOP-CB051-0160_1.fq.gz,5813.2,36a5d549-0905-4a19-92bf-a918648b8b40
GTOP-CB051,RNA-seq,Illumina NovaSeq X,Adipose,fastq,GTOP-CB051-0160_2.fq.gz,5864.8,a27bd56b-9b44-4e3d-9bc4-fe6f20879d43
GTOP-CB051,RNA-seq,Illumina NovaSeq X,Whole_Blood,fastq,GTOP-CB051-0378_1.fq.gz,6805.1,78fe32c9-695a-476a-af88-292acc907846
GTOP-CB051,RNA-seq,Illumina NovaSeq X,Whole_Blood,fastq,GTOP-CB051-0378_2.fq.gz,6898.2,c5583b3b-1e8a-4a9d-bea7-57fd300585ec
GTOP-CB051,RNA-seq,Illumina NovaSeq X,Liver,fastq,GTOP-CB051-1053_1.fq.gz,8638.7,40da12a4-36f9-4d85-8feb-7ea966a429d8
GTOP-CB051,RNA-seq,Illumina NovaSeq X,Liver,fastq,GTOP-CB051-1053_2.fq.gz,8572,9cc6f27a-6406-4389-8794-cda9b94f252c
GTOP-CB051,RNA-seq,Illumina NovaSeq X,Pancreas_Head,fastq,GTOP-CB051-1108_1.fq.gz,5759.1,4ac103ac-cfc3-4f79-8a00-869e9a5fd689
GTOP-CB051,RNA-seq,Illumina NovaSeq X,Pancreas_Head,fastq,GTOP-CB051-1108_2.fq.gz,5806.4,44717936-1d77-4eea-8ca2-74b542a7ac81
GTOP-CB051,RNA-seq,Illumina NovaSeq X,Pancreas_Body,fastq,GTOP-CB051-1236_1.fq.gz,16218.1,98ec5195-10be-491a-bfa6-8d90af4abb1a
GTOP-CB051,RNA-seq,Illumina NovaSeq X,Pancreas_Body,fastq,GTOP-CB051-1236_2.fq.gz,16251.7,2dc0223a-6a22-4ae1-927b-39627238b7f1
GTOP-CB051,RNA-seq,Illumina NovaSeq X,Pancreas_Tail,fastq,GTOP-CB051-1392_1.fq.gz,5735.9,70c51c3f-12e9-46b2-9b9e-c40fefc1c837
GTOP-CB051,RNA-seq,Illumina NovaSeq X,Pancreas_Tail,fastq,GTOP-CB051-1392_2.fq.gz,5774.7,f233da92-20da-4910-86e3-3b4f76bb532f
GTOP-CB051,RNA-seq,Illumina NovaSeq X,Gallbladder,fastq,GTOP-CB051-1856_1.fq.gz,5442,328c2de2-94cd-411c-b315-aed5fa4520c4
GTOP-CB051,RNA-seq,Illumina NovaSeq X,Gallbladder,fastq,GTOP-CB051-1856_2.fq.gz,5514.8,4152a734-22ab-488e-b7e3-4e426613a6e0
GTOP-CB051,RNA-seq,Illumina NovaSeq X,Adrenal_Gland,fastq,GTOP-CB051-2099_1.fq.gz,5665.2,62e7392e-6cee-4c64-8d04-1b356ac27ae6
GTOP-CB051,RNA-seq,Illumina NovaSeq X,Adrenal_Gland,fastq,GTOP-CB051-2099_2.fq.gz,5670,a77cda5a-f4d6-49d4-a176-2e7fa4a5acf3
GTOP-CB051,RNA-seq,Illumina NovaSeq X,Spleen,fastq,GTOP-CB051-3082_1.fq.gz,5470.7,c49a6282-fae2-4a8f-9114-f68b699e5e05
GTOP-CB051,RNA-seq,Illumina NovaSeq X,Spleen,fastq,GTOP-CB051-3082_2.fq.gz,5542.6,aa5d508a-9502-4a77-bf99-cc8c28c56787
GTOP-CB051,RNA-seq,Illumina NovaSeq X,Heart_Right_Atrium,fastq,GTOP-CB051-4018_1.fq.gz,5702.2,1f483110-7dca-49e1-aa2d-3bb36202d8cf
GTOP-CB051,RNA-seq,Illumina NovaSeq X,Heart_Right_Atrium,fastq,GTOP-CB051-4018_2.fq.gz,5788.6,9978091e-ce0e-448c-a923-1b89b9146aab
GTOP-CB051,RNA-seq,Illumina NovaSeq X,Skin,fastq,GTOP-CB051-0262_1.fq.gz,6438.3,4474536b-bb2e-4287-9068-479d06d6750e
GTOP-CB051,RNA-seq,Illumina NovaSeq X,Skin,fastq,GTOP-CB051-0262_2.fq.gz,6556.8,93926fe5-5f0b-4f57-b4d4-1d63e661e996
GTOP-CB052,RNA-seq,Illumina NovaSeq X,Muscle,fastq,GTOP-CB052-0087_1.fq.gz,5368.1,199986a3-af02-438c-9fd8-e2135b2385c2
GTOP-CB052,RNA-seq,Illumina NovaSeq X,Muscle,fastq,GTOP-CB052-0087_2.fq.gz,5475.9,028e4b6e-7a13-4b41-8fee-dc85d64a7cfc
GTOP-CB052,RNA-seq,Illumina NovaSeq X,Adipose,fastq,GTOP-CB052-0160_1.fq.gz,5760.2,d77143cf-4ad7-4e7c-85da-a84d30b5d3ca
GTOP-CB052,RNA-seq,Illumina NovaSeq X,Adipose,fastq,GTOP-CB052-0160_2.fq.gz,5839.4,c1bf3835-1b66-47b1-8a9d-ec5f15357463
GTOP-CB052,RNA-seq,Illumina NovaSeq X,Skin,fastq,GTOP-CB052-0262_1.fq.gz,5315.2,257e8ae8-f2f8-4a97-970f-0314bf4086ed
GTOP-CB052,RNA-seq,Illumina NovaSeq X,Skin,fastq,GTOP-CB052-0262_2.fq.gz,5395.8,301897ce-508b-4db0-9921-8cdb6b40d21a
GTOP-CB052,RNA-seq,Illumina NovaSeq X,Whole_Blood,fastq,GTOP-CB052-0378_1.fq.gz,7110.6,ae06d4df-4717-45a4-90a5-8c5b7e2478d2
GTOP-CB052,RNA-seq,Illumina NovaSeq X,Whole_Blood,fastq,GTOP-CB052-0378_2.fq.gz,7221.7,ef1f5e2f-78a8-45fa-9afe-3f8e81c4c8fd
GTOP-CB052,RNA-seq,Illumina NovaSeq X,Liver,fastq,GTOP-CB052-1053_1.fq.gz,5414.8,a8170e4f-0c29-4d4b-95e9-0180fc5c8796
GTOP-CB052,RNA-seq,Illumina NovaSeq X,Liver,fastq,GTOP-CB052-1053_2.fq.gz,5483.2,b79cfa27-7846-4cd3-bcb6-db190b5b0a26
GTOP-CB052,RNA-seq,Illumina NovaSeq X,Pancreas_Head,fastq,GTOP-CB052-1108_1.fq.gz,6217.7,eaca1efe-6997-4dd2-8f68-b4743bc4f4dd
GTOP-CB052,RNA-seq,Illumina NovaSeq X,Pancreas_Head,fastq,GTOP-CB052-1108_2.fq.gz,6341.8,5694bc45-eda0-4548-b632-b6fbe71fd181
GTOP-CB052,RNA-seq,Illumina NovaSeq X,Pancreas_Body,fastq,GTOP-CB052-1236_1.fq.gz,5816.5,82ade476-d13e-46d8-bef7-0e5e33940da2
GTOP-CB052,RNA-seq,Illumina NovaSeq X,Pancreas_Body,fastq,GTOP-CB052-1236_2.fq.gz,5849.1,5efd9069-654b-4216-9a4c-f23525d2cd56
GTOP-CB052,RNA-seq,Illumina NovaSeq X,Pancreas_Tail,fastq,GTOP-CB052-1392_1.fq.gz,5423,3b2cfc30-a88a-4303-a120-9bd5ddaddeca
GTOP-CB052,RNA-seq,Illumina NovaSeq X,Pancreas_Tail,fastq,GTOP-CB052-1392_2.fq.gz,5554.9,cb454f37-a4d4-4dcf-8b0f-7d9669c33231
GTOP-CB052,RNA-seq,Illumina NovaSeq X,Gallbladder,fastq,GTOP-CB052-1856_1.fq.gz,5309.2,517ad1d0-9d1f-404a-8873-645ace3a9619
GTOP-CB052,RNA-seq,Illumina NovaSeq X,Gallbladder,fastq,GTOP-CB052-1856_2.fq.gz,5416.8,812e2f4e-2ba9-43b9-acaf-fa41318806a0
GTOP-CB052,RNA-seq,Illumina NovaSeq X,Adrenal_Gland,fastq,GTOP-CB052-2099_1.fq.gz,5237,235236be-6486-4741-8f26-dbffdba5865a
GTOP-CB052,RNA-seq,Illumina NovaSeq X,Adrenal_Gland,fastq,GTOP-CB052-2099_2.fq.gz,5327.9,ea90f649-0368-43cf-9cbe-933ae1692ac9
GTOP-CB052,RNA-seq,Illumina NovaSeq X,Spleen,fastq,GTOP-CB052-3082_1.fq.gz,5348.8,a4e31556-19db-4fa9-9831-d49aef667072
GTOP-CB052,RNA-seq,Illumina NovaSeq X,Spleen,fastq,GTOP-CB052-3082_2.fq.gz,5435.1,193574bf-b7e2-4fac-a28c-c897e33c2e63
GTOP-CB121,RNA-seq,Illumina NovaSeq X,Muscle,fastq,GTOP-CB121-0087_1.fq.gz,8320.1,2b31633e-023d-4bcd-b229-5ea6985253e5
GTOP-CB121,RNA-seq,Illumina NovaSeq X,Muscle,fastq,GTOP-CB121-0087_2.fq.gz,8305.7,38582731-e576-453f-85e3-b17abcf453e2
GTOP-CB121,RNA-seq,Illumina NovaSeq X,Adipose,fastq,GTOP-CB121-0160_1.fq.gz,5314.6,f70d78fa-88e7-41b9-b980-e0eacac003f4
GTOP-CB121,RNA-seq,Illumina NovaSeq X,Adipose,fastq,GTOP-CB121-0160_2.fq.gz,5406,60b9bb49-fb62-4be5-9eee-38ef32b2c7cb
GTOP-CB121,RNA-seq,Illumina NovaSeq X,Whole_Blood,fastq,GTOP-CB121-0378_1.fq.gz,7327.6,09e753eb-8354-4f4a-b78e-497dcc8ef3f7
GTOP-CB121,RNA-seq,Illumina NovaSeq X,Whole_Blood,fastq,GTOP-CB121-0378_2.fq.gz,7410.6,b64416a4-3997-44dd-9ff7-dd1282820749
GTOP-CB121,RNA-seq,Illumina NovaSeq X,Liver,fastq,GTOP-CB121-1053_1.fq.gz,5492.1,133c703f-457d-4b15-a17e-2b094a15fc6a
GTOP-CB121,RNA-seq,Illumina NovaSeq X,Liver,fastq,GTOP-CB121-1053_2.fq.gz,5535.8,d020e367-a4fe-44ed-88ae-e36418a930be
GTOP-CB121,RNA-seq,Illumina NovaSeq X,Pancreas_Head,fastq,GTOP-CB121-1108_1.fq.gz,5925.4,7293db58-5cdf-44d4-baa2-e4326a979eff
GTOP-CB121,RNA-seq,Illumina NovaSeq X,Pancreas_Head,fastq,GTOP-CB121-1108_2.fq.gz,6035.7,8ca7e663-987c-4203-88fc-1217893e03de
GTOP-CB121,RNA-seq,Illumina NovaSeq X,Pancreas_Body,fastq,GTOP-CB121-1236_1.fq.gz,5378.1,aae695bd-ba9f-4eab-a190-16f31728a21c
GTOP-CB121,RNA-seq,Illumina NovaSeq X,Pancreas_Body,fastq,GTOP-CB121-1236_2.fq.gz,5467,d887d397-5407-4fb8-b9d0-e8f473aa9d79
GTOP-CB121,RNA-seq,Illumina NovaSeq X,Gallbladder,fastq,GTOP-CB121-1856_1.fq.gz,5572.5,3b903579-4d02-4d80-8300-0dff90a7ae9d
GTOP-CB121,RNA-seq,Illumina NovaSeq X,Gallbladder,fastq,GTOP-CB121-1856_2.fq.gz,5644.8,dd0de1dc-ac08-4631-b38a-9bba731a8c69
GTOP-CB121,RNA-seq,Illumina NovaSeq X,Adrenal_Gland,fastq,GTOP-CB121-2099_1.fq.gz,5757.8,7eb77d70-6d29-4b53-89f7-58570fbdf3e7
GTOP-CB121,RNA-seq,Illumina NovaSeq X,Adrenal_Gland,fastq,GTOP-CB121-2099_2.fq.gz,5837.1,69660417-a31e-40af-9d46-035808ad5a2e
GTOP-CB121,RNA-seq,Illumina NovaSeq X,Spleen,fastq,GTOP-CB121-3082_1.fq.gz,5848.8,57d895ef-f0b1-4eae-ae1a-ad46b5433518
GTOP-CB121,RNA-seq,Illumina NovaSeq X,Spleen,fastq,GTOP-CB121-3082_2.fq.gz,5954.3,4db6e12c-0f59-4a78-b518-9c6f1361a107
GTOP-CB121,RNA-seq,Illumina NovaSeq X,Skin,fastq,GTOP-CB121-0262_1.fq.gz,7159.8,37360362-b7a6-4cb0-b02e-128096c69c13
GTOP-CB121,RNA-seq,Illumina NovaSeq X,Skin,fastq,GTOP-CB121-0262_2.fq.gz,7234.1,7cc7d0a2-bb9d-45cc-a971-a519238d9156
GTOP-CB151,RNA-seq,Illumina NovaSeq X,Adipose,fastq,GTOP-CB151-0160_1.fq.gz,5934.6,a5ea76bf-5eb0-4b23-96ee-df372f3cd4eb
GTOP-CB151,RNA-seq,Illumina NovaSeq X,Adipose,fastq,GTOP-CB151-0160_2.fq.gz,5938,9bcfe2a3-16dc-4cd0-9670-7642de9e73e8
GTOP-CB151,RNA-seq,Illumina NovaSeq X,Liver,fastq,GTOP-CB151-1053_1.fq.gz,6047.2,b67038be-693e-40b5-861a-01e233074430
GTOP-CB151,RNA-seq,Illumina NovaSeq X,Liver,fastq,GTOP-CB151-1053_2.fq.gz,6075.6,52ba3c51-2b0f-4c8a-bb54-2ead897ac556
GTOP-CB151,RNA-seq,Illumina NovaSeq X,Pancreas_Head,fastq,GTOP-CB151-1108_1.fq.gz,13610.6,7eefdb1d-46c5-4462-a98b-3af300b83986
GTOP-CB151,RNA-seq,Illumina NovaSeq X,Pancreas_Head,fastq,GTOP-CB151-1108_2.fq.gz,13613.4,2d38b4f6-2beb-43ba-ad8e-d395637d8141
GTOP-CB151,RNA-seq,Illumina NovaSeq X,Pancreas_Body,fastq,GTOP-CB151-1236_1.fq.gz,7486.1,030f4c47-1292-4523-a4de-a3f23325c512
GTOP-CB151,RNA-seq,Illumina NovaSeq X,Pancreas_Body,fastq,GTOP-CB151-1236_2.fq.gz,7539.1,d6e87ae8-4648-47f8-be6e-dfd1ff83f54f
GTOP-CB151,RNA-seq,Illumina NovaSeq X,Pancreas_Tail,fastq,GTOP-CB151-1392_1.fq.gz,9465.2,4ad23372-7ab0-402a-982b-0ee3e403ad50
GTOP-CB151,RNA-seq,Illumina NovaSeq X,Pancreas_Tail,fastq,GTOP-CB151-1392_2.fq.gz,9457.5,5e307fe8-8369-47cc-b596-0eb803b250d1
GTOP-CB151,RNA-seq,Illumina NovaSeq X,Gallbladder,fastq,GTOP-CB151-1856_1.fq.gz,5927.7,ef3e0f87-a93f-4b64-9cf5-f0956f162eb0
GTOP-CB151,RNA-seq,Illumina NovaSeq X,Gallbladder,fastq,GTOP-CB151-1856_2.fq.gz,5920.8,822b0d39-7052-4560-ad35-bbced6586f19
GTOP-CB151,RNA-seq,Illumina NovaSeq X,Adrenal_Gland,fastq,GTOP-CB151-2099_1.fq.gz,7062.8,74968647-e398-49f1-a578-cd2e21feddc1
GTOP-CB151,RNA-seq,Illumina NovaSeq X,Adrenal_Gland,fastq,GTOP-CB151-2099_2.fq.gz,7014.2,4af1b2cf-6c6f-4acf-aa9f-fbe3aa949424
GTOP-CB151,RNA-seq,Illumina NovaSeq X,Spleen,fastq,GTOP-CB151-3082_1.fq.gz,5811.5,fa72cef6-56fa-432e-b39c-a88f4d35ac49
GTOP-CB151,RNA-seq,Illumina NovaSeq X,Spleen,fastq,GTOP-CB151-3082_2.fq.gz,5784.7,8592f3be-57c6-401f-90ba-6aeacc7a71b6
GTOP-CB151,RNA-seq,Illumina NovaSeq X,Thoracic_Aorta,fastq,GTOP-CB151-4149_1.fq.gz,6315.9,1170f4f6-1893-49eb-9067-4ada721b0295
GTOP-CB151,RNA-seq,Illumina NovaSeq X,Thoracic_Aorta,fastq,GTOP-CB151-4149_2.fq.gz,6354.1,0a5c2be5-1b8c-4b55-9b72-9896d955211e
GTOP-CB161,RNA-seq,Illumina NovaSeq X,Muscle,fastq,GTOP-CB161-0087_1.fq.gz,5711.6,949ff860-c65f-4f7a-893c-4d7f66e69f36
GTOP-CB161,RNA-seq,Illumina NovaSeq X,Muscle,fastq,GTOP-CB161-0087_2.fq.gz,5752.1,493fcd84-ff0b-463b-bd72-40b3552c9d7e
GTOP-CB161,RNA-seq,Illumina NovaSeq X,Adipose,fastq,GTOP-CB161-0160_1.fq.gz,6080.5,9830cebb-add7-42d3-a440-73324a47593f
GTOP-CB161,RNA-seq,Illumina NovaSeq X,Adipose,fastq,GTOP-CB161-0160_2.fq.gz,6147.6,82b88e2b-547f-4f48-b47f-0a24237ca991
GTOP-CB161,RNA-seq,Illumina NovaSeq X,Whole_Blood,fastq,GTOP-CB161-0378_1.fq.gz,6567.4,b9ef975a-4b91-40fc-b7c0-01e29a304a77
GTOP-CB161,RNA-seq,Illumina NovaSeq X,Whole_Blood,fastq,GTOP-CB161-0378_2.fq.gz,6685.2,b1330a1c-0533-49a6-9dbe-b740f80912df
GTOP-CB161,RNA-seq,Illumina NovaSeq X,Pancreas_Head,fastq,GTOP-CB161-1108_1.fq.gz,6331.7,ce33cdab-e4bf-485e-9a20-ea4c9b153698
GTOP-CB161,RNA-seq,Illumina NovaSeq X,Pancreas_Head,fastq,GTOP-CB161-1108_2.fq.gz,6385.3,af5d88fc-ce98-43b0-aa41-b91c7716ade6
GTOP-CB161,RNA-seq,Illumina NovaSeq X,Pancreas_Body,fastq,GTOP-CB161-1236_1.fq.gz,5806,6fbc3455-77fa-4f3e-80d4-9a0fd2275066
GTOP-CB161,RNA-seq,Illumina NovaSeq X,Pancreas_Body,fastq,GTOP-CB161-1236_2.fq.gz,5823.4,f296ab27-b1ff-4318-809d-61c9ae3dbdd9
GTOP-CB161,RNA-seq,Illumina NovaSeq X,Pancreas_Tail,fastq,GTOP-CB161-1392_1.fq.gz,5663.2,eb9a23a1-e594-4cac-a698-be36d87a49fb
GTOP-CB161,RNA-seq,Illumina NovaSeq X,Pancreas_Tail,fastq,GTOP-CB161-1392_2.fq.gz,5691.2,fbe6b8b1-044e-42f8-ae34-d904fe45edbd
GTOP-CB161,RNA-seq,Illumina NovaSeq X,Gallbladder,fastq,GTOP-CB161-1856_1.fq.gz,7485.3,efc83594-3741-43dc-85b6-9a8c684c0d93
GTOP-CB161,RNA-seq,Illumina NovaSeq X,Gallbladder,fastq,GTOP-CB161-1856_2.fq.gz,7481.8,8675f69f-caec-474b-bbc8-120704ac4142
GTOP-CB161,RNA-seq,Illumina NovaSeq X,Adrenal_Gland,fastq,GTOP-CB161-2099_1.fq.gz,7016.7,67526f42-ed5f-40ef-8ed4-14eac9b1f86e
GTOP-CB161,RNA-seq,Illumina NovaSeq X,Adrenal_Gland,fastq,GTOP-CB161-2099_2.fq.gz,6985.4,fdea8e1a-75a4-4338-b376-5d345b272db6
GTOP-CB161,RNA-seq,Illumina NovaSeq X,Skin,fastq,GTOP-CB161-0262_1.fq.gz,6442.7,7c1d58c1-f3b9-43ab-a9a7-a99470e92a9c
GTOP-CB161,RNA-seq,Illumina NovaSeq X,Skin,fastq,GTOP-CB161-0262_2.fq.gz,6552.7,0b4e7e30-7b01-4606-a36c-191489ef87d6
GTOP-CB261,RNA-seq,Illumina NovaSeq X,Muscle,fastq,GTOP-CB261-0087_1.fq.gz,5515.7,a5cfd3c4-b0a9-4107-a8b3-fc74d964c766
GTOP-CB261,RNA-seq,Illumina NovaSeq X,Muscle,fastq,GTOP-CB261-0087_2.fq.gz,5573.2,b66844c5-1a25-4256-b1d9-0ece64650eb4
GTOP-CB261,RNA-seq,Illumina NovaSeq X,Adipose,fastq,GTOP-CB261-0160_1.fq.gz,6007.5,75b17111-9d54-4d33-94bd-6d64ce88f00d
GTOP-CB261,RNA-seq,Illumina NovaSeq X,Adipose,fastq,GTOP-CB261-0160_2.fq.gz,6053.2,08bb85ea-b8f0-4a12-a7f7-cf664fe1deaf
GTOP-CB261,RNA-seq,Illumina NovaSeq X,Skin,fastq,GTOP-CB261-0262_1.fq.gz,5596.4,e06411dc-c4e9-487e-9596-8ac23f23ae09
GTOP-CB261,RNA-seq,Illumina NovaSeq X,Skin,fastq,GTOP-CB261-0262_2.fq.gz,5632.6,c1e433e4-4602-484f-b1ef-8536f0667f13
GTOP-CB261,RNA-seq,Illumina NovaSeq X,Whole_Blood,fastq,GTOP-CB261-0378_1.fq.gz,5875.2,6f68794c-7ea7-484e-8bf6-bba4ef4d8334
GTOP-CB261,RNA-seq,Illumina NovaSeq X,Whole_Blood,fastq,GTOP-CB261-0378_2.fq.gz,5954,02fa4718-02dc-44e5-a9ce-740434360764
GTOP-CB261,RNA-seq,Illumina NovaSeq X,Liver,fastq,GTOP-CB261-1053_1.fq.gz,5826,c30e39f3-9390-4990-aea2-169e5c8c187f
GTOP-CB261,RNA-seq,Illumina NovaSeq X,Liver,fastq,GTOP-CB261-1053_2.fq.gz,5902.5,eaae38d8-47c7-4106-8da2-aa4643e0bc5c
GTOP-CB261,RNA-seq,Illumina NovaSeq X,Pancreas_Head,fastq,GTOP-CB261-1108_1.fq.gz,5711.7,f9bb00e2-5fd1-4cbf-ada2-443ddd4fce14
GTOP-CB261,RNA-seq,Illumina NovaSeq X,Pancreas_Head,fastq,GTOP-CB261-1108_2.fq.gz,5733.5,3772bbf7-ae0d-4dcf-9bbb-82b4b9f8365b
GTOP-CB261,RNA-seq,Illumina NovaSeq X,Pancreas_Body,fastq,GTOP-CB261-1236_1.fq.gz,6053.4,76305a38-6e21-4264-9568-fcbb6aea58c3
GTOP-CB261,RNA-seq,Illumina NovaSeq X,Pancreas_Body,fastq,GTOP-CB261-1236_2.fq.gz,6178.4,25fec017-f4dd-4042-95fc-177fafbfb82d
GTOP-CB261,RNA-seq,Illumina NovaSeq X,Pancreas_Tail,fastq,GTOP-CB261-1392_1.fq.gz,6577.3,f29db83d-7591-46fd-8ddf-08b43f9972df
GTOP-CB261,RNA-seq,Illumina NovaSeq X,Pancreas_Tail,fastq,GTOP-CB261-1392_2.fq.gz,6612.5,84cf45cf-b3a6-49c4-9a40-06f1561e1dbd
GTOP-CB261,RNA-seq,Illumina NovaSeq X,Gallbladder,fastq,GTOP-CB261-1856_1.fq.gz,5413,20670a32-5d56-4d30-a7d2-6b6e2b7ae231
GTOP-CB261,RNA-seq,Illumina NovaSeq X,Gallbladder,fastq,GTOP-CB261-1856_2.fq.gz,5521.4,913e2167-a0ab-42c2-b5cc-309cd541fecc
GTOP-CB261,RNA-seq,Illumina NovaSeq X,Adrenal_Gland,fastq,GTOP-CB261-2099_1.fq.gz,6415,d620a44d-1bed-4056-8b47-436d541a289c
GTOP-CB261,RNA-seq,Illumina NovaSeq X,Adrenal_Gland,fastq,GTOP-CB261-2099_2.fq.gz,6504.2,ad6451df-55ba-4653-83b0-8da1f7e276a6
GTOP-CB261,RNA-seq,Illumina NovaSeq X,Spleen,fastq,GTOP-CB261-3082_1.fq.gz,5812.7,d2cf7872-8dca-4737-8849-06ef81dfbd95
GTOP-CB261,RNA-seq,Illumina NovaSeq X,Spleen,fastq,GTOP-CB261-3082_2.fq.gz,5886.6,b94f26a3-5576-4618-b58c-7c517d134ca6
GTOP-CB271,RNA-seq,Illumina NovaSeq X,Muscle,fastq,GTOP-CB271-0087_1.fq.gz,7102.2,1d66fada-14c8-4455-9650-950de086e998
GTOP-CB271,RNA-seq,Illumina NovaSeq X,Muscle,fastq,GTOP-CB271-0087_2.fq.gz,7249,ae1520e0-d9f0-4d4e-abed-a5fe5c69a067
GTOP-CB271,RNA-seq,Illumina NovaSeq X,Adipose,fastq,GTOP-CB271-0160_1.fq.gz,6432,543d52d5-6c51-4791-a6b1-279a7b90d899
GTOP-CB271,RNA-seq,Illumina NovaSeq X,Adipose,fastq,GTOP-CB271-0160_2.fq.gz,6532.3,c1a5866f-4f56-4319-9eec-54dc2a6abfe2
GTOP-CB271,RNA-seq,Illumina NovaSeq X,Skin,fastq,GTOP-CB271-0262_1.fq.gz,6578.9,a5fbf567-8137-4cbf-8aa7-cc5151db11e8
GTOP-CB271,RNA-seq,Illumina NovaSeq X,Skin,fastq,GTOP-CB271-0262_2.fq.gz,6731.3,d35268a4-654a-447c-9ea2-d62f5a63387a
GTOP-CB271,RNA-seq,Illumina NovaSeq X,Liver,fastq,GTOP-CB271-1053_1.fq.gz,7622.6,b7518f3a-242c-4033-a9cd-6271b2f53358
GTOP-CB271,RNA-seq,Illumina NovaSeq X,Liver,fastq,GTOP-CB271-1053_2.fq.gz,7671.5,37246d7a-31f8-43ee-b5fb-b59631d35263
GTOP-CB271,RNA-seq,Illumina NovaSeq X,Pancreas_Body,fastq,GTOP-CB271-1236_1.fq.gz,5812.1,1ff2aff9-8e4e-4b77-ae8b-abcc8cc06098
GTOP-CB271,RNA-seq,Illumina NovaSeq X,Pancreas_Body,fastq,GTOP-CB271-1236_2.fq.gz,5880.8,9df5a121-5535-492f-b7dd-702fa450bd21
GTOP-CB271,RNA-seq,Illumina NovaSeq X,Pancreas_Tail,fastq,GTOP-CB271-1392_1.fq.gz,5344.7,ead5e0f2-208f-410f-82e9-46d5628910b5
GTOP-CB271,RNA-seq,Illumina NovaSeq X,Pancreas_Tail,fastq,GTOP-CB271-1392_2.fq.gz,5434,5d1e6911-4909-42c4-bfbe-4722027fdd4b
GTOP-CB271,RNA-seq,Illumina NovaSeq X,Small_Intestine,fastq,GTOP-CB271-1470_1.fq.gz,6394.6,bfce72e6-6497-4305-ad74-21b2f12caf33
GTOP-CB271,RNA-seq,Illumina NovaSeq X,Small_Intestine,fastq,GTOP-CB271-1470_2.fq.gz,6426.4,5b84ea58-1370-4fb4-aced-8417a9d720ad
GTOP-CB271,RNA-seq,Illumina NovaSeq X,Colon,fastq,GTOP-CB271-1584_1.fq.gz,5800.1,2c26b0a5-e76b-49a2-bcb2-4f823ed3241e
GTOP-CB271,RNA-seq,Illumina NovaSeq X,Colon,fastq,GTOP-CB271-1584_2.fq.gz,5780.4,95221771-99ef-4b85-a911-7752c5c2ab92
GTOP-CB271,RNA-seq,Illumina NovaSeq X,Stomach,fastq,GTOP-CB271-1601_1.fq.gz,5410,0e125e44-61e4-4a65-98b6-f23fe6224961
GTOP-CB271,RNA-seq,Illumina NovaSeq X,Stomach,fastq,GTOP-CB271-1601_2.fq.gz,5506.3,5ae58ab1-4f00-4659-9e8b-d1ac8c233529
GTOP-CB271,RNA-seq,Illumina NovaSeq X,Esophagus,fastq,GTOP-CB271-1710_1.fq.gz,6381,c8dcc85d-2fc4-49f6-ba1b-58b62515b665
GTOP-CB271,RNA-seq,Illumina NovaSeq X,Esophagus,fastq,GTOP-CB271-1710_2.fq.gz,6370.8,57ae82ef-94ad-41a1-90a6-e4dfc98e8a33
GTOP-CB271,RNA-seq,Illumina NovaSeq X,Gallbladder,fastq,GTOP-CB271-1856_1.fq.gz,5398.8,6a5e15e9-014e-41e3-a569-db8ba0d3a976
GTOP-CB271,RNA-seq,Illumina NovaSeq X,Gallbladder,fastq,GTOP-CB271-1856_2.fq.gz,5486.9,c92d7afb-15fe-45cd-af1a-889392e40484
GTOP-CB271,RNA-seq,Illumina NovaSeq X,Adrenal_Gland,fastq,GTOP-CB271-2099_1.fq.gz,5400.5,084f7377-ad5e-43c6-a3e2-3e225aad5de0
GTOP-CB271,RNA-seq,Illumina NovaSeq X,Adrenal_Gland,fastq,GTOP-CB271-2099_2.fq.gz,5442.6,f498fe47-c20d-4b2e-bf1b-7cb782b0a236
GTOP-CB271,RNA-seq,Illumina NovaSeq X,Spleen,fastq,GTOP-CB271-3082_1.fq.gz,5290.1,a85290e0-2931-41bc-a19f-0bc54af4f48f
GTOP-CB271,RNA-seq,Illumina NovaSeq X,Spleen,fastq,GTOP-CB271-3082_2.fq.gz,5351.1,30829ed4-bcfa-412b-bba8-fb5ec54acf4d
GTOP-CB271,RNA-seq,Illumina NovaSeq X,Heart_Left_Ventricle,fastq,GTOP-CB271-4002_1.fq.gz,5302.4,0c6c2e9e-e918-423c-976f-92aab62aa2fe
GTOP-CB271,RNA-seq,Illumina NovaSeq X,Heart_Left_Ventricle,fastq,GTOP-CB271-4002_2.fq.gz,5372.5,65901ef2-5ecf-4d10-8708-aa8c67c8c174
GTOP-CB271,RNA-seq,Illumina NovaSeq X,Heart_Right_Ventricle,fastq,GTOP-CB271-4003_1.fq.gz,6571.2,108b1c34-1989-4df5-b6a2-798dfad3300a
GTOP-CB271,RNA-seq,Illumina NovaSeq X,Heart_Right_Ventricle,fastq,GTOP-CB271-4003_2.fq.gz,6657,c5f63c66-00a4-4c1d-a611-4f1c9bce4854
GTOP-CB271,RNA-seq,Illumina NovaSeq X,Heart_Right_Atrium,fastq,GTOP-CB271-4018_1.fq.gz,5652.9,59772a80-c30c-4534-9a5c-8232028b3044
GTOP-CB271,RNA-seq,Illumina NovaSeq X,Heart_Right_Atrium,fastq,GTOP-CB271-4018_2.fq.gz,5741.7,17db1f7a-b5ec-477d-affe-cc42e05425c7
GTOP-CB271,RNA-seq,Illumina NovaSeq X,Heart_Left_Atrium,fastq,GTOP-CB271-4019_1.fq.gz,5404.4,33489aca-a389-470c-923e-329fa372295b
GTOP-CB271,RNA-seq,Illumina NovaSeq X,Heart_Left_Atrium,fastq,GTOP-CB271-4019_2.fq.gz,5468.3,fd11b60c-f964-400b-9304-1e7c296d8bee
GTOP-CB271,RNA-seq,Illumina NovaSeq X,Heart_Mitral_Valve,fastq,GTOP-CB271-4022_1.fq.gz,6225.1,0e0840af-b83f-4f4e-b398-d298f5d125fe
GTOP-CB271,RNA-seq,Illumina NovaSeq X,Heart_Mitral_Valve,fastq,GTOP-CB271-4022_2.fq.gz,6332.8,97a6d834-04bf-4d95-aa47-6b88d01f344b
GTOP-CB271,RNA-seq,Illumina NovaSeq X,Heart_Tricuspid_Valve,fastq,GTOP-CB271-4023_1.fq.gz,5418.9,a3cf9a8e-6a80-4013-93f2-205e888361cd
GTOP-CB271,RNA-seq,Illumina NovaSeq X,Heart_Tricuspid_Valve,fastq,GTOP-CB271-4023_2.fq.gz,5492.8,17da24b3-512a-4a8f-abec-2da44b99db4f
GTOP-CB271,RNA-seq,Illumina NovaSeq X,Aortic_Arch,fastq,GTOP-CB271-4155_1.fq.gz,6004.7,65a79600-0389-452f-b874-07dc6f17803d
GTOP-CB271,RNA-seq,Illumina NovaSeq X,Aortic_Arch,fastq,GTOP-CB271-4155_2.fq.gz,6025.3,4ac0d7e4-429b-49f8-8d25-238cc471c601
GTOP-CB271,RNA-seq,Illumina NovaSeq X,Lung_Base,fastq,GTOP-CB271-5032_1.fq.gz,6239,096726af-79f9-4ef1-8da2-21e56245259a
GTOP-CB271,RNA-seq,Illumina NovaSeq X,Lung_Base,fastq,GTOP-CB271-5032_2.fq.gz,6267.6,b39f02f6-357f-4ca4-9ba7-1959586a432c
GTOP-CB271,RNA-seq,Illumina NovaSeq X,Lung_Apex,fastq,GTOP-CB271-5156_1.fq.gz,5570.6,e8f87335-215a-4d40-8558-4ce1f1abc9cb
GTOP-CB271,RNA-seq,Illumina NovaSeq X,Lung_Apex,fastq,GTOP-CB271-5156_2.fq.gz,5574.9,755ea602-1280-49d7-a5a4-24ad3837d333
GTOP-CB281,RNA-seq,Illumina NovaSeq X,Muscle,fastq,GTOP-CB281-0087_1.fq.gz,6371.1,a58ea6f7-f54e-47bb-8976-990070481be6
GTOP-CB281,RNA-seq,Illumina NovaSeq X,Muscle,fastq,GTOP-CB281-0087_2.fq.gz,6388.9,9594ee2f-731f-422a-ae8b-46e9dc302e55
GTOP-CB281,RNA-seq,Illumina NovaSeq X,Adipose,fastq,GTOP-CB281-0160_1.fq.gz,5898.5,78158229-b2aa-441e-9ad8-020c58adc8d0
GTOP-CB281,RNA-seq,Illumina NovaSeq X,Adipose,fastq,GTOP-CB281-0160_2.fq.gz,5919.5,147581bc-034f-457f-9b71-60be6200107f
GTOP-CB281,RNA-seq,Illumina NovaSeq X,Whole_Blood,fastq,GTOP-CB281-0378_1.fq.gz,6814.5,e933ce35-2129-431d-a291-834388516dc0
GTOP-CB281,RNA-seq,Illumina NovaSeq X,Whole_Blood,fastq,GTOP-CB281-0378_2.fq.gz,6932.2,0ae9cea9-4e41-4454-b3d1-9c3edbbffe8e
GTOP-CB281,RNA-seq,Illumina NovaSeq X,Liver,fastq,GTOP-CB281-1053_1.fq.gz,5439.7,06e37264-f767-42a6-84b3-76723559a0a6
GTOP-CB281,RNA-seq,Illumina NovaSeq X,Liver,fastq,GTOP-CB281-1053_2.fq.gz,5458.5,f5d2384d-36b5-4971-8c20-02e1ba1b6b93
GTOP-CB281,RNA-seq,Illumina NovaSeq X,Pancreas_Head,fastq,GTOP-CB281-1108_1.fq.gz,5424.9,1fab917e-f5da-4a4c-b61a-7e580b907ebd
GTOP-CB281,RNA-seq,Illumina NovaSeq X,Pancreas_Head,fastq,GTOP-CB281-1108_2.fq.gz,5471.3,406843f3-7f40-433e-b900-4c9ad07e55f5
GTOP-CB281,RNA-seq,Illumina NovaSeq X,Pancreas_Body,fastq,GTOP-CB281-1236_1.fq.gz,5472.4,3e80400b-08a7-45c0-b708-ac9ae13e3152
GTOP-CB281,RNA-seq,Illumina NovaSeq X,Pancreas_Body,fastq,GTOP-CB281-1236_2.fq.gz,5482.3,73fa1041-f835-44b7-956d-b6f25bb2a687
GTOP-CB281,RNA-seq,Illumina NovaSeq X,Pancreas_Tail,fastq,GTOP-CB281-1392_1.fq.gz,5386.5,cce2ae4c-42d6-4687-90d6-999b2d858b23
GTOP-CB281,RNA-seq,Illumina NovaSeq X,Pancreas_Tail,fastq,GTOP-CB281-1392_2.fq.gz,5419.9,8ccd1f2d-b88e-4c80-9cb6-3c2e4b454cbd
GTOP-CB281,RNA-seq,Illumina NovaSeq X,Gallbladder,fastq,GTOP-CB281-1856_1.fq.gz,5482.5,f80348a3-c194-4f0f-9cb6-55f3a71d93d4
GTOP-CB281,RNA-seq,Illumina NovaSeq X,Gallbladder,fastq,GTOP-CB281-1856_2.fq.gz,5504.2,fd345ff4-4ac7-43d8-a12a-eaecc9b70510
GTOP-CB281,RNA-seq,Illumina NovaSeq X,Adrenal_Gland,fastq,GTOP-CB281-2099_1.fq.gz,5487.4,7016437a-c25b-4285-8a51-21a676a51e21
GTOP-CB281,RNA-seq,Illumina NovaSeq X,Adrenal_Gland,fastq,GTOP-CB281-2099_2.fq.gz,5510.2,18a2502b-e140-47b8-8d50-dc4910f75564
GTOP-CB281,RNA-seq,Illumina NovaSeq X,Spleen,fastq,GTOP-CB281-3082_1.fq.gz,5509.9,506bb889-94c7-462f-bc65-a8665faa3741
GTOP-CB281,RNA-seq,Illumina NovaSeq X,Spleen,fastq,GTOP-CB281-3082_2.fq.gz,5558.7,31b3e3e0-cb0f-42ee-997c-7c3e65edd82d
GTOP-CB281,RNA-seq,Illumina NovaSeq X,Skin,fastq,GTOP-CB281-0262_1.fq.gz,5660.5,470528fb-e0b2-4aae-987b-cd5d15b9e275
GTOP-CB281,RNA-seq,Illumina NovaSeq X,Skin,fastq,GTOP-CB281-0262_2.fq.gz,5725,ec999292-3c01-4302-bef8-a2064449bafd
GTOP-CC031,RNA-seq,Illumina NovaSeq X,Muscle,fastq,GTOP-CC031-0087_1.fq.gz,6202.1,3dd0bbcc-a11e-49b9-b602-54d41aa24905
GTOP-CC031,RNA-seq,Illumina NovaSeq X,Muscle,fastq,GTOP-CC031-0087_2.fq.gz,6233.3,aac3cf93-b670-4f01-96c5-e34d7fea9029
GTOP-CC031,RNA-seq,Illumina NovaSeq X,Adipose,fastq,GTOP-CC031-0160_1.fq.gz,7083,b0340ae7-b54d-4b40-89b3-6fcf09e3e60d
GTOP-CC031,RNA-seq,Illumina NovaSeq X,Adipose,fastq,GTOP-CC031-0160_2.fq.gz,7125.6,487c91f8-3734-4252-ad11-b57d9af3a73a
GTOP-CC031,RNA-seq,Illumina NovaSeq X,Skin,fastq,GTOP-CC031-0262_1.fq.gz,5767.5,fa0deb58-e368-4321-8c1e-c34316319a06
GTOP-CC031,RNA-seq,Illumina NovaSeq X,Skin,fastq,GTOP-CC031-0262_2.fq.gz,5800.1,2b73f4c6-9377-4b08-a76f-48fac4d35722
GTOP-CC031,RNA-seq,Illumina NovaSeq X,Whole_Blood,fastq,GTOP-CC031-0378_1.fq.gz,6026.7,57616bae-31ac-42de-887a-042ebce7e713
GTOP-CC031,RNA-seq,Illumina NovaSeq X,Whole_Blood,fastq,GTOP-CC031-0378_2.fq.gz,6141.7,f838e06d-9a36-4ea7-8e04-d11643bfd625
GTOP-CC031,RNA-seq,Illumina NovaSeq X,Pancreas_Head,fastq,GTOP-CC031-1108_1.fq.gz,6283.5,7bde6066-35bb-4a25-9597-82a743007860
GTOP-CC031,RNA-seq,Illumina NovaSeq X,Pancreas_Head,fastq,GTOP-CC031-1108_2.fq.gz,6350.9,10a1f9c5-e4db-4529-970b-b2b07b4ad114
GTOP-CC031,RNA-seq,Illumina NovaSeq X,Pancreas_Body,fastq,GTOP-CC031-1236_1.fq.gz,6670.1,c317477a-ba59-4d6a-a2c1-9590b151b15c
GTOP-CC031,RNA-seq,Illumina NovaSeq X,Pancreas_Body,fastq,GTOP-CC031-1236_2.fq.gz,6742.7,6fd62b1c-10a0-46f4-8c0d-b10d670a787c
GTOP-CC031,RNA-seq,Illumina NovaSeq X,Gallbladder,fastq,GTOP-CC031-1856_1.fq.gz,5785.4,d32d188a-1fc5-455d-894c-1a24cb01ab5a
GTOP-CC031,RNA-seq,Illumina NovaSeq X,Gallbladder,fastq,GTOP-CC031-1856_2.fq.gz,5825.3,4242d587-343b-419e-ace0-51d596d3017f
GTOP-CC031,RNA-seq,Illumina NovaSeq X,Adrenal_Gland,fastq,GTOP-CC031-2099_1.fq.gz,5477.9,d340e9a2-2853-4636-87d2-ea996ecf613c
GTOP-CC031,RNA-seq,Illumina NovaSeq X,Adrenal_Gland,fastq,GTOP-CC031-2099_2.fq.gz,5512.3,a3faba24-ede3-4892-b0e1-25dec9562763
GTOP-CC041,RNA-seq,Illumina NovaSeq X,Muscle,fastq,GTOP-CC041-0087_1.fq.gz,5470.4,2203db2c-010e-42e9-9792-6411bde9eb94
GTOP-CC041,RNA-seq,Illumina NovaSeq X,Muscle,fastq,GTOP-CC041-0087_2.fq.gz,5512.5,0b3d5fba-3fb2-4926-9dc1-c71e3ad1409a
GTOP-CC041,RNA-seq,Illumina NovaSeq X,Adipose,fastq,GTOP-CC041-0160_1.fq.gz,5911.3,361ebcf6-d48b-418c-a8b6-f4cdd783008f
GTOP-CC041,RNA-seq,Illumina NovaSeq X,Adipose,fastq,GTOP-CC041-0160_2.fq.gz,5943.8,082d420a-8587-4fd5-a872-6b3163e52c77
GTOP-CC041,RNA-seq,Illumina NovaSeq X,Skin,fastq,GTOP-CC041-0262_1.fq.gz,5292.1,8da8c0a4-90a7-4284-8b1d-0c594c18953d
GTOP-CC041,RNA-seq,Illumina NovaSeq X,Skin,fastq,GTOP-CC041-0262_2.fq.gz,5394.3,77ee3ed9-fe52-4e84-9c94-820664728b5c
GTOP-CC041,RNA-seq,Illumina NovaSeq X,Whole_Blood,fastq,GTOP-CC041-0378_1.fq.gz,5713.4,9544f648-2e86-49cf-9a21-80f036ddd2ac
GTOP-CC041,RNA-seq,Illumina NovaSeq X,Whole_Blood,fastq,GTOP-CC041-0378_2.fq.gz,5794.7,2e52df18-0e01-426e-89a5-ab37824bbbf0
GTOP-CC041,RNA-seq,Illumina NovaSeq X,Liver,fastq,GTOP-CC041-1053_1.fq.gz,6904.1,eb76eb69-059b-4d9f-b4c8-f9c85c6e7917
GTOP-CC041,RNA-seq,Illumina NovaSeq X,Liver,fastq,GTOP-CC041-1053_2.fq.gz,6994.8,464775ef-60dd-4a34-af8b-49d9bba361f9
GTOP-CC041,RNA-seq,Illumina NovaSeq X,Pancreas_Head,fastq,GTOP-CC041-1108_1.fq.gz,6727.5,36abd601-b255-4f46-b2c5-1c1409f31070
GTOP-CC041,RNA-seq,Illumina NovaSeq X,Pancreas_Head,fastq,GTOP-CC041-1108_2.fq.gz,6803.1,7b85e301-6cf1-45cd-b640-1e72412c1586
GTOP-CC041,RNA-seq,Illumina NovaSeq X,Pancreas_Body,fastq,GTOP-CC041-1236_1.fq.gz,7697.8,18160e2a-7077-4664-9163-14870bfbe8c9
GTOP-CC041,RNA-seq,Illumina NovaSeq X,Pancreas_Body,fastq,GTOP-CC041-1236_2.fq.gz,7797.1,fd86048a-77a3-43f9-8a86-b982db33debf
GTOP-CC041,RNA-seq,Illumina NovaSeq X,Pancreas_Tail,fastq,GTOP-CC041-1392_1.fq.gz,6686.5,a4e8ecd2-fb97-4995-827d-8483c7f962d5
GTOP-CC041,RNA-seq,Illumina NovaSeq X,Pancreas_Tail,fastq,GTOP-CC041-1392_2.fq.gz,6738,dbb6cd82-551d-421e-8149-2c9f87a14d11
GTOP-CC041,RNA-seq,Illumina NovaSeq X,Adrenal_Gland,fastq,GTOP-CC041-2099_1.fq.gz,7145.4,a52d70d2-3d56-4c1c-abb0-08e9ca1d4f2d
GTOP-CC041,RNA-seq,Illumina NovaSeq X,Adrenal_Gland,fastq,GTOP-CC041-2099_2.fq.gz,7156.9,201faa25-81f3-412d-89e5-0e4f5151d1a7
GTOP-CC061,RNA-seq,Illumina NovaSeq X,Muscle,fastq,GTOP-CC061-0087_1.fq.gz,7189,cd6982a3-ee05-48fd-97d3-47affe02fca2
GTOP-CC061,RNA-seq,Illumina NovaSeq X,Muscle,fastq,GTOP-CC061-0087_2.fq.gz,7260.9,4f764547-d8c9-4766-b735-ce1b36d2cc1a
GTOP-CC061,RNA-seq,Illumina NovaSeq X,Adipose,fastq,GTOP-CC061-0160_1.fq.gz,7259.2,01994429-d978-486f-86e1-1d8f97263bd5
GTOP-CC061,RNA-seq,Illumina NovaSeq X,Adipose,fastq,GTOP-CC061-0160_2.fq.gz,7305.6,7487d67d-7c27-4e17-96ca-84db5cce50b5
GTOP-CC061,RNA-seq,Illumina NovaSeq X,Whole_Blood,fastq,GTOP-CC061-0378_1.fq.gz,6392.6,39e11cf8-5681-4e9e-9c90-f56d52d2487a
GTOP-CC061,RNA-seq,Illumina NovaSeq X,Whole_Blood,fastq,GTOP-CC061-0378_2.fq.gz,6488.7,b22bb245-a7b5-4501-9e34-6438bb8fa16e
GTOP-CC061,RNA-seq,Illumina NovaSeq X,Liver,fastq,GTOP-CC061-1053_1.fq.gz,7193.4,3caa9a0e-d3f5-4e85-a4c3-181df7fa2ba5
GTOP-CC061,RNA-seq,Illumina NovaSeq X,Liver,fastq,GTOP-CC061-1053_2.fq.gz,7295,b90aac27-56db-4ee2-ab3f-ccbb7359e4d3
GTOP-CC061,RNA-seq,Illumina NovaSeq X,Pancreas_Head,fastq,GTOP-CC061-1108_1.fq.gz,6715.7,e0434536-bb0b-4847-9f5d-4f8ef7089a62
GTOP-CC061,RNA-seq,Illumina NovaSeq X,Pancreas_Head,fastq,GTOP-CC061-1108_2.fq.gz,6759.8,36991e90-3aec-4615-bc29-19be4fa5c2be
GTOP-CC061,RNA-seq,Illumina NovaSeq X,Pancreas_Body,fastq,GTOP-CC061-1236_1.fq.gz,7725.7,8d615d05-ff39-42f0-8278-992d27bcddbf
GTOP-CC061,RNA-seq,Illumina NovaSeq X,Pancreas_Body,fastq,GTOP-CC061-1236_2.fq.gz,7940.8,b715af76-dbad-40cc-84f3-a3c2a9808007
GTOP-CC061,RNA-seq,Illumina NovaSeq X,Pancreas_Tail,fastq,GTOP-CC061-1392_1.fq.gz,6570.8,a26d747a-735e-413f-83ab-2df6da7a9113
GTOP-CC061,RNA-seq,Illumina NovaSeq X,Pancreas_Tail,fastq,GTOP-CC061-1392_2.fq.gz,6601.4,973482e3-9e39-4427-a411-aaed1696e7a4
GTOP-CC061,RNA-seq,Illumina NovaSeq X,Gallbladder,fastq,GTOP-CC061-1856_1.fq.gz,6624.6,cadd6d92-f98c-4099-95b6-71a5c1a786c5
GTOP-CC061,RNA-seq,Illumina NovaSeq X,Gallbladder,fastq,GTOP-CC061-1856_2.fq.gz,6659,644aed74-0ad9-4606-b574-bfbd2406bdf4
GTOP-CC061,RNA-seq,Illumina NovaSeq X,Adrenal_Gland,fastq,GTOP-CC061-2099_1.fq.gz,6099.2,ab951907-46c1-4b80-9806-3ca3c2512c86
GTOP-CC061,RNA-seq,Illumina NovaSeq X,Adrenal_Gland,fastq,GTOP-CC061-2099_2.fq.gz,6141.1,381dc005-ec5f-49cb-bb6e-53790ca66aa2
GTOP-CC061,RNA-seq,Illumina NovaSeq X,Spleen,fastq,GTOP-CC061-3082_1.fq.gz,6913.9,52dcc469-9c94-4c4a-93b9-7da9604179cd
GTOP-CC061,RNA-seq,Illumina NovaSeq X,Spleen,fastq,GTOP-CC061-3082_2.fq.gz,6957.6,8ef9a092-9eb4-4b08-8d6a-7d7bf00f1dbc
GTOP-CC061,RNA-seq,Illumina NovaSeq X,Skin,fastq,GTOP-CC061-0262_1.fq.gz,6247.5,4e0417a3-b5d7-4cea-9c5a-96b56cf5158c
GTOP-CC061,RNA-seq,Illumina NovaSeq X,Skin,fastq,GTOP-CC061-0262_2.fq.gz,6353.4,427ff671-53f6-4afb-99bf-fe5a1e3e2bc8
GTOP-CC121,RNA-seq,Illumina NovaSeq X,Adipose,fastq,GTOP-CC121-0160_1.fq.gz,6572,547963d3-0a6b-4477-9b8c-d34416c619ea
GTOP-CC121,RNA-seq,Illumina NovaSeq X,Adipose,fastq,GTOP-CC121-0160_2.fq.gz,6602.9,7532dd3e-9ecc-4feb-bab1-214d65232638
GTOP-CC121,RNA-seq,Illumina NovaSeq X,Whole_Blood,fastq,GTOP-CC121-0378_1.fq.gz,5007.3,f1f14ce5-09b9-4b8b-a4e6-14297d34d7e7
GTOP-CC121,RNA-seq,Illumina NovaSeq X,Whole_Blood,fastq,GTOP-CC121-0378_2.fq.gz,5197.1,b92a3d0f-1fb4-4f2d-bf34-b8b5d30cf4f4
GTOP-CC121,RNA-seq,Illumina NovaSeq X,Liver,fastq,GTOP-CC121-1053_1.fq.gz,5692.6,52ff48cc-f49c-4a16-925b-8a57011b9110
GTOP-CC121,RNA-seq,Illumina NovaSeq X,Liver,fastq,GTOP-CC121-1053_2.fq.gz,5714.3,a3f8260c-e8ae-45d5-a4dc-953f587ed2ac
GTOP-CC121,RNA-seq,Illumina NovaSeq X,Pancreas_Head,fastq,GTOP-CC121-1108_1.fq.gz,7926,87cb733d-d67c-4692-a989-f1fba17f52c5
GTOP-CC121,RNA-seq,Illumina NovaSeq X,Pancreas_Head,fastq,GTOP-CC121-1108_2.fq.gz,7911.7,5fd3cf33-1e82-45d3-9595-13e9124361a4
GTOP-CC121,RNA-seq,Illumina NovaSeq X,Pancreas_Body,fastq,GTOP-CC121-1236_1.fq.gz,7138.1,3d55c324-3be6-4e87-8aaa-d6fa3c4bf661
GTOP-CC121,RNA-seq,Illumina NovaSeq X,Pancreas_Body,fastq,GTOP-CC121-1236_2.fq.gz,7239.3,dd554fbc-475f-421f-b625-ae0204bd5857
GTOP-CC121,RNA-seq,Illumina NovaSeq X,Gallbladder,fastq,GTOP-CC121-1856_1.fq.gz,6923.9,efaf8c61-c7ec-4753-a5bd-fa9596f68a2e
GTOP-CC121,RNA-seq,Illumina NovaSeq X,Gallbladder,fastq,GTOP-CC121-1856_2.fq.gz,6972.6,2ce3a7fa-1233-4126-8a0b-3ad1ef270830
GTOP-CC121,RNA-seq,Illumina NovaSeq X,Adrenal_Gland,fastq,GTOP-CC121-2099_1.fq.gz,6419.6,7d3fab0b-c91c-4560-ad37-d711b0ec4b8a
GTOP-CC121,RNA-seq,Illumina NovaSeq X,Adrenal_Gland,fastq,GTOP-CC121-2099_2.fq.gz,6442.5,09e715e4-7fb7-4848-b9aa-231b133a60f0
GTOP-CC121,RNA-seq,Illumina NovaSeq X,Spleen,fastq,GTOP-CC121-3082_1.fq.gz,7144.7,ace5af40-7c84-4a04-82ab-463273e6879c
GTOP-CC121,RNA-seq,Illumina NovaSeq X,Spleen,fastq,GTOP-CC121-3082_2.fq.gz,7187.9,02c7b697-8eab-4889-9148-c421621da4a8
GTOP-CC131,RNA-seq,Illumina NovaSeq X,Muscle,fastq,GTOP-CC131-0087_1.fq.gz,6768.3,f746ff43-ad93-4dc5-ae34-830c3eee5cd2
GTOP-CC131,RNA-seq,Illumina NovaSeq X,Muscle,fastq,GTOP-CC131-0087_2.fq.gz,6853.4,98e0a52e-a25c-4617-8327-1baa7f02e819
GTOP-CC131,RNA-seq,Illumina NovaSeq X,Adipose,fastq,GTOP-CC131-0160_1.fq.gz,6826.2,ead85364-3c86-4fcd-85a6-ee551310f1c8
GTOP-CC131,RNA-seq,Illumina NovaSeq X,Adipose,fastq,GTOP-CC131-0160_2.fq.gz,6878.9,12efe7c3-af6e-4a7c-8132-ec9f6f60cfbc
GTOP-CC131,RNA-seq,Illumina NovaSeq X,Whole_Blood,fastq,GTOP-CC131-0378_1.fq.gz,6442.4,8d700058-6213-46ae-b805-e1cd92f35a0d
GTOP-CC131,RNA-seq,Illumina NovaSeq X,Whole_Blood,fastq,GTOP-CC131-0378_2.fq.gz,6543.5,f329ffa6-6daa-47a1-945d-be0c99ae9611
GTOP-CC131,RNA-seq,Illumina NovaSeq X,Liver,fastq,GTOP-CC131-1053_1.fq.gz,6277.3,6635f71e-8d93-4f67-9d7d-800027599bd4
GTOP-CC131,RNA-seq,Illumina NovaSeq X,Liver,fastq,GTOP-CC131-1053_2.fq.gz,6318.5,8220999c-7e52-46e8-92fe-7c40a0145b71
GTOP-CC131,RNA-seq,Illumina NovaSeq X,Pancreas_Head,fastq,GTOP-CC131-1108_1.fq.gz,5851.1,4468e3b9-65fb-4d3f-91ad-22856a212d75
GTOP-CC131,RNA-seq,Illumina NovaSeq X,Pancreas_Head,fastq,GTOP-CC131-1108_2.fq.gz,5919.8,a4dc8e3f-8b35-4a83-b994-fa222e2644c2
GTOP-CC131,RNA-seq,Illumina NovaSeq X,Pancreas_Body,fastq,GTOP-CC131-1236_1.fq.gz,7252.7,57671078-b58f-4636-aaa5-066ef651943a
GTOP-CC131,RNA-seq,Illumina NovaSeq X,Pancreas_Body,fastq,GTOP-CC131-1236_2.fq.gz,7311.9,47d92044-645a-498d-a838-6c1441661ac8
GTOP-CC131,RNA-seq,Illumina NovaSeq X,Pancreas_Tail,fastq,GTOP-CC131-1392_1.fq.gz,7256.3,2db4672d-6b1d-49b0-886b-5ce881b0a9e2
GTOP-CC131,RNA-seq,Illumina NovaSeq X,Pancreas_Tail,fastq,GTOP-CC131-1392_2.fq.gz,7324.6,8ca676ac-b817-4ad5-941b-eeddeee999e4
GTOP-CC131,RNA-seq,Illumina NovaSeq X,Gallbladder,fastq,GTOP-CC131-1856_1.fq.gz,7584.1,a63dd0e8-facf-4e4e-a9cc-5611d23d3148
GTOP-CC131,RNA-seq,Illumina NovaSeq X,Gallbladder,fastq,GTOP-CC131-1856_2.fq.gz,7616.1,5155088e-2e78-4cc3-9ef1-e8abd588d5ef
GTOP-CC131,RNA-seq,Illumina NovaSeq X,Adrenal_Gland,fastq,GTOP-CC131-2099_1.fq.gz,7124.4,990b8558-172f-4b69-8ba5-a680531ae1ef
GTOP-CC131,RNA-seq,Illumina NovaSeq X,Adrenal_Gland,fastq,GTOP-CC131-2099_2.fq.gz,7181.1,283fe2f5-00f1-433f-b2d4-4eacf75c28b2
GTOP-CC131,RNA-seq,Illumina NovaSeq X,Spleen,fastq,GTOP-CC131-3082_1.fq.gz,6409,fdbec670-9b31-4cd3-b32c-d00160781010
GTOP-CC131,RNA-seq,Illumina NovaSeq X,Spleen,fastq,GTOP-CC131-3082_2.fq.gz,6462.5,fbe09fdb-0223-4cc4-bb1f-fbe131ddd63e
GTOP-CC141,RNA-seq,Illumina NovaSeq X,Adipose,fastq,GTOP-CC141-0160_1.fq.gz,6563.8,848fdd62-6294-428c-ba81-52232c772d95
GTOP-CC141,RNA-seq,Illumina NovaSeq X,Adipose,fastq,GTOP-CC141-0160_2.fq.gz,6606.4,60aa73a9-16b7-4c04-8db5-df0e792b8f81
GTOP-CC141,RNA-seq,Illumina NovaSeq X,Whole_Blood,fastq,GTOP-CC141-0378_1.fq.gz,6451,7bacd319-cdbe-434e-bea2-8630f3de12be
GTOP-CC141,RNA-seq,Illumina NovaSeq X,Whole_Blood,fastq,GTOP-CC141-0378_2.fq.gz,6528.4,4de94dc4-37e1-4673-8d82-00d79a752120
GTOP-CC141,RNA-seq,Illumina NovaSeq X,Liver,fastq,GTOP-CC141-1053_1.fq.gz,6498,b4df88b1-fc25-4738-8d6a-3ac13df3e197
GTOP-CC141,RNA-seq,Illumina NovaSeq X,Liver,fastq,GTOP-CC141-1053_2.fq.gz,6580.3,1ad9d440-ddc5-4638-95d0-b28bf938e453
GTOP-CC141,RNA-seq,Illumina NovaSeq X,Pancreas_Head,fastq,GTOP-CC141-1108_1.fq.gz,6696.7,1a3b7fd1-e18a-47f5-a1ef-ee7f87959fc6
GTOP-CC141,RNA-seq,Illumina NovaSeq X,Pancreas_Head,fastq,GTOP-CC141-1108_2.fq.gz,6751,fbb781f7-236d-4ba8-b474-9a802ccd10b3
GTOP-CC141,RNA-seq,Illumina NovaSeq X,Pancreas_Body,fastq,GTOP-CC141-1236_1.fq.gz,5556.4,a8a5a72b-c7d5-4f55-a2fa-9c62e5217082
GTOP-CC141,RNA-seq,Illumina NovaSeq X,Pancreas_Body,fastq,GTOP-CC141-1236_2.fq.gz,5627.3,18b625ab-5330-42e3-a65e-24ed83e3a8fe
GTOP-CC141,RNA-seq,Illumina NovaSeq X,Pancreas_Tail,fastq,GTOP-CC141-1392_1.fq.gz,6266.7,a96ae0f4-979d-4bb4-9d9c-0f675ceb8a4c
GTOP-CC141,RNA-seq,Illumina NovaSeq X,Pancreas_Tail,fastq,GTOP-CC141-1392_2.fq.gz,6310.7,6fdf20d1-2ad2-474e-9f12-f7d4cdbca839
GTOP-CC141,RNA-seq,Illumina NovaSeq X,Gallbladder,fastq,GTOP-CC141-1856_1.fq.gz,5592.9,1ca517a0-2c5f-4ad9-8752-5264e0af4195
GTOP-CC141,RNA-seq,Illumina NovaSeq X,Gallbladder,fastq,GTOP-CC141-1856_2.fq.gz,5623.7,37972961-726c-4dda-b39d-38d7628a96e6
GTOP-CC141,RNA-seq,Illumina NovaSeq X,Adrenal_Gland,fastq,GTOP-CC141-2099_1.fq.gz,6612.8,24e317ff-deee-4cb8-8385-76bc8bf294f2
GTOP-CC141,RNA-seq,Illumina NovaSeq X,Adrenal_Gland,fastq,GTOP-CC141-2099_2.fq.gz,6655.2,1d89ad2d-75aa-46e8-af13-a574e2f78859
GTOP-CC201,RNA-seq,Illumina NovaSeq X,Adipose,fastq,GTOP-CC201-0160_1.fq.gz,7107.4,fd4252e8-41ba-4cda-a632-ed3bb0593ac5
GTOP-CC201,RNA-seq,Illumina NovaSeq X,Adipose,fastq,GTOP-CC201-0160_2.fq.gz,7130.5,40f02cba-060e-4058-ad88-b0a5071af291
GTOP-CC201,RNA-seq,Illumina NovaSeq X,Whole_Blood,fastq,GTOP-CC201-0378_1.fq.gz,6105.6,788f507c-bd25-4b29-90c8-bb8fb26093c4
GTOP-CC201,RNA-seq,Illumina NovaSeq X,Whole_Blood,fastq,GTOP-CC201-0378_2.fq.gz,6260.9,b3f05e1c-a64e-45a0-ade4-67d29495dcfb
GTOP-CC201,RNA-seq,Illumina NovaSeq X,Liver,fastq,GTOP-CC201-1053_1.fq.gz,7730.6,008d8825-5bc8-482c-8e50-c5effa76e9f7
GTOP-CC201,RNA-seq,Illumina NovaSeq X,Liver,fastq,GTOP-CC201-1053_2.fq.gz,7915,9ba64c2a-7c0f-4c56-b686-15d6da98b244
GTOP-CC201,RNA-seq,Illumina NovaSeq X,Pancreas_Head,fastq,GTOP-CC201-1108_1.fq.gz,6938.7,64b87f85-dbde-4a6e-a6df-02f72caff784
GTOP-CC201,RNA-seq,Illumina NovaSeq X,Pancreas_Head,fastq,GTOP-CC201-1108_2.fq.gz,7078,38ddafd5-6381-490d-8319-f5113879e0b7
GTOP-CC201,RNA-seq,Illumina NovaSeq X,Pancreas_Body,fastq,GTOP-CC201-1236_1.fq.gz,7252.4,5e6b45db-3ae3-4bfb-b85f-4b491ccedf34
GTOP-CC201,RNA-seq,Illumina NovaSeq X,Pancreas_Body,fastq,GTOP-CC201-1236_2.fq.gz,7326.8,fb45501e-220e-43ff-9056-d0afa09c2307
GTOP-CC201,RNA-seq,Illumina NovaSeq X,Pancreas_Tail,fastq,GTOP-CC201-1392_1.fq.gz,6959.8,9a9d94d5-2bf6-45f6-9e42-ef076738162e
GTOP-CC201,RNA-seq,Illumina NovaSeq X,Pancreas_Tail,fastq,GTOP-CC201-1392_2.fq.gz,7034.9,a32532c5-c8a6-41d8-af6a-25791e116d51
GTOP-CC201,RNA-seq,Illumina NovaSeq X,Gallbladder,fastq,GTOP-CC201-1856_1.fq.gz,6775.9,6ea2711f-4d94-4c95-8221-c3bb61fb9822
GTOP-CC201,RNA-seq,Illumina NovaSeq X,Gallbladder,fastq,GTOP-CC201-1856_2.fq.gz,6805.9,8ddb1c98-7d5e-46b9-9054-d753ec597de7
GTOP-CC201,RNA-seq,Illumina NovaSeq X,Adrenal_Gland,fastq,GTOP-CC201-2099_1.fq.gz,7766.2,d9a9575c-eafe-4918-9d2a-d850e361e226
GTOP-CC201,RNA-seq,Illumina NovaSeq X,Adrenal_Gland,fastq,GTOP-CC201-2099_2.fq.gz,7732,163484f4-5dfa-41d7-9d04-2c01fabb2087
GTOP-CC201,RNA-seq,Illumina NovaSeq X,Lymph_node,fastq,GTOP-CC201-3170_1.fq.gz,6509.2,aad49505-aa0b-45ed-8bd6-92447222e589
GTOP-CC201,RNA-seq,Illumina NovaSeq X,Lymph_node,fastq,GTOP-CC201-3170_2.fq.gz,6499.4,536c06e3-b6bf-4624-9dcb-f47e9dce0f75
GTOP-CC201,RNA-seq,Illumina NovaSeq X,Lung_Base,fastq,GTOP-CC201-5032_1.fq.gz,6639.6,ccc6f063-4039-4765-b852-2f132527cd67
GTOP-CC201,RNA-seq,Illumina NovaSeq X,Lung_Base,fastq,GTOP-CC201-5032_2.fq.gz,6659,2761b590-6b24-4a29-b5ad-572e992779e4
GTOP-CC201,RNA-seq,Illumina NovaSeq X,Lung_Apex,fastq,GTOP-CC201-5156_1.fq.gz,6396.1,cc3413b8-e30b-40ce-a716-ea8cb20794eb
GTOP-CC201,RNA-seq,Illumina NovaSeq X,Lung_Apex,fastq,GTOP-CC201-5156_2.fq.gz,6418.7,e2cd4d56-9853-48c0-9827-86f23caad93f
GTOP-CC231,RNA-seq,Illumina NovaSeq X,Adipose,fastq,GTOP-CC231-0160_1.fq.gz,6111.8,8cc9f748-1aee-47a5-b86e-6005cf02a6c6
GTOP-CC231,RNA-seq,Illumina NovaSeq X,Adipose,fastq,GTOP-CC231-0160_2.fq.gz,6144.1,9fb7a69b-f194-4d6e-9f3e-7e8bb848d2f7
GTOP-CC231,RNA-seq,Illumina NovaSeq X,Whole_Blood,fastq,GTOP-CC231-0378_1.fq.gz,5657,5ac4316f-fe05-4fa0-8689-c5e7504dea5a
GTOP-CC231,RNA-seq,Illumina NovaSeq X,Whole_Blood,fastq,GTOP-CC231-0378_2.fq.gz,5899.7,8ff5fcd4-5956-4c66-acda-5e8e3c8f99a6
GTOP-CC231,RNA-seq,Illumina NovaSeq X,Liver,fastq,GTOP-CC231-1053_1.fq.gz,6760.8,2e0e7d42-fcfe-4958-bb0a-5dbffb29b959
GTOP-CC231,RNA-seq,Illumina NovaSeq X,Liver,fastq,GTOP-CC231-1053_2.fq.gz,6774.1,c8c99205-739f-4b8d-b23c-5c58e809a2d7
GTOP-CC231,RNA-seq,Illumina NovaSeq X,Pancreas_Head,fastq,GTOP-CC231-1108_1.fq.gz,7112.1,81fcad0b-f57e-4c62-88fa-277db1ebd347
GTOP-CC231,RNA-seq,Illumina NovaSeq X,Pancreas_Head,fastq,GTOP-CC231-1108_2.fq.gz,7189.7,c5c18b13-fa05-4a0d-a8f5-8364feb2227c
GTOP-CC231,RNA-seq,Illumina NovaSeq X,Pancreas_Tail,fastq,GTOP-CC231-1392_1.fq.gz,7358.2,097be16b-e46b-4286-995c-d650ad773a8a
GTOP-CC231,RNA-seq,Illumina NovaSeq X,Pancreas_Tail,fastq,GTOP-CC231-1392_2.fq.gz,7414.9,5e90196e-dc38-4c13-99bf-e87da2c87381
GTOP-CC231,RNA-seq,Illumina NovaSeq X,Gallbladder,fastq,GTOP-CC231-1856_1.fq.gz,7295.5,f2a01197-5922-4775-bf72-2af6972954ae
GTOP-CC231,RNA-seq,Illumina NovaSeq X,Gallbladder,fastq,GTOP-CC231-1856_2.fq.gz,7359.7,62195f92-c3d0-4bc0-816f-1644bee02335
GTOP-CC231,RNA-seq,Illumina NovaSeq X,Adrenal_Gland,fastq,GTOP-CC231-2099_1.fq.gz,6738.4,f4e3bf19-9a9f-46f3-b643-2d85b366ee3f
GTOP-CC231,RNA-seq,Illumina NovaSeq X,Adrenal_Gland,fastq,GTOP-CC231-2099_2.fq.gz,6728.6,37ce4842-6680-4528-bb2c-1d02c27f7a8a
GTOP-CC241,RNA-seq,Illumina NovaSeq X,Muscle,fastq,GTOP-CC241-0087_1.fq.gz,7732.1,4ce65c89-d018-4635-a6d1-9a58391a514f
GTOP-CC241,RNA-seq,Illumina NovaSeq X,Muscle,fastq,GTOP-CC241-0087_2.fq.gz,7745.1,554822df-0ccd-4507-b880-4bf581320cc2
GTOP-CC241,RNA-seq,Illumina NovaSeq X,Adipose,fastq,GTOP-CC241-0160_1.fq.gz,7004.9,9c5c8eff-5196-4b16-b0a1-e9b590993bf3
GTOP-CC241,RNA-seq,Illumina NovaSeq X,Adipose,fastq,GTOP-CC241-0160_2.fq.gz,7006.1,46a63231-a8c4-42f0-8d7a-4db92558f82e
GTOP-CC241,RNA-seq,Illumina NovaSeq X,Whole_Blood,fastq,GTOP-CC241-0378_1.fq.gz,6478.7,aa4ac939-e7a6-4919-911e-09578eb1faa5
GTOP-CC241,RNA-seq,Illumina NovaSeq X,Whole_Blood,fastq,GTOP-CC241-0378_2.fq.gz,6565.3,ac030456-5c53-445e-89a5-6c7cddc819a8
GTOP-CC241,RNA-seq,Illumina NovaSeq X,Liver,fastq,GTOP-CC241-1053_1.fq.gz,5507.7,656c8cf0-afde-4eff-94f8-6695be9922e1
GTOP-CC241,RNA-seq,Illumina NovaSeq X,Liver,fastq,GTOP-CC241-1053_2.fq.gz,5556.9,361d1fa6-d3b1-4a81-8602-162388081e14
GTOP-CC241,RNA-seq,Illumina NovaSeq X,Pancreas_Head,fastq,GTOP-CC241-1108_1.fq.gz,6404.7,6c5f49ea-ff01-42b2-879c-60502a30eba1
GTOP-CC241,RNA-seq,Illumina NovaSeq X,Pancreas_Head,fastq,GTOP-CC241-1108_2.fq.gz,6405.8,7e57628d-ab33-493e-8fe1-e63f49ce032f
GTOP-CC241,RNA-seq,Illumina NovaSeq X,Pancreas_Body,fastq,GTOP-CC241-1236_1.fq.gz,6407,893c3c72-4c31-4d48-bf71-d43a28913392
GTOP-CC241,RNA-seq,Illumina NovaSeq X,Pancreas_Body,fastq,GTOP-CC241-1236_2.fq.gz,6430.4,3e7de4c4-4b8f-444a-9ba2-103acbb8c8d1
GTOP-CC241,RNA-seq,Illumina NovaSeq X,Pancreas_Tail,fastq,GTOP-CC241-1392_1.fq.gz,6450.5,d957071c-52c8-405e-afd1-2162f7d4e697
GTOP-CC241,RNA-seq,Illumina NovaSeq X,Pancreas_Tail,fastq,GTOP-CC241-1392_2.fq.gz,6455.4,ae2594d6-0085-462a-ad04-336701fd9f23
GTOP-CC241,RNA-seq,Illumina NovaSeq X,Small_Intestine,fastq,GTOP-CC241-1470_1.fq.gz,6931.5,638f5a06-9646-43b6-981f-96534a752d74
GTOP-CC241,RNA-seq,Illumina NovaSeq X,Small_Intestine,fastq,GTOP-CC241-1470_2.fq.gz,6957.5,bed14277-98b0-4957-9661-2b8dd0fe22a9
GTOP-CC241,RNA-seq,Illumina NovaSeq X,Colon,fastq,GTOP-CC241-1584_1.fq.gz,6883.1,25ac3fef-caac-447a-b17e-0afe4dc71588
GTOP-CC241,RNA-seq,Illumina NovaSeq X,Colon,fastq,GTOP-CC241-1584_2.fq.gz,6938.5,bfc02cf5-b45d-4d20-a1a5-d398fea76dfd
GTOP-CC241,RNA-seq,Illumina NovaSeq X,Stomach,fastq,GTOP-CC241-1601_1.fq.gz,6490.8,fc45e656-79e3-4bc3-b750-70ad756f4e03
GTOP-CC241,RNA-seq,Illumina NovaSeq X,Stomach,fastq,GTOP-CC241-1601_2.fq.gz,6549.5,92aa4075-ec10-42fe-ae3d-f0dc13633349
GTOP-CC241,RNA-seq,Illumina NovaSeq X,Esophagus,fastq,GTOP-CC241-1710_1.fq.gz,6375.7,a401bb19-4fdb-4448-b4df-d362ff4bba35
GTOP-CC241,RNA-seq,Illumina NovaSeq X,Esophagus,fastq,GTOP-CC241-1710_2.fq.gz,6376.7,7c056f92-60b2-46cd-a917-e24323b1bbb8
GTOP-CC241,RNA-seq,Illumina NovaSeq X,Gallbladder,fastq,GTOP-CC241-1856_1.fq.gz,7847.8,b1ae53b1-5d6e-4ec9-972c-2513248683fa
GTOP-CC241,RNA-seq,Illumina NovaSeq X,Gallbladder,fastq,GTOP-CC241-1856_2.fq.gz,7852.7,105d47f8-87d9-4f94-a483-3d27fba32308
GTOP-CC241,RNA-seq,Illumina NovaSeq X,Adrenal_Gland,fastq,GTOP-CC241-2099_1.fq.gz,6668.6,6380791e-e6bd-4ffe-8193-1313a190504b
GTOP-CC241,RNA-seq,Illumina NovaSeq X,Adrenal_Gland,fastq,GTOP-CC241-2099_2.fq.gz,6661.3,cf6d9129-6580-4efa-acc1-01adf9418c46
GTOP-CC241,RNA-seq,Illumina NovaSeq X,Spleen,fastq,GTOP-CC241-3082_1.fq.gz,7407.7,fbc77db5-3e79-435b-86a6-e7264d4ad534
GTOP-CC241,RNA-seq,Illumina NovaSeq X,Spleen,fastq,GTOP-CC241-3082_2.fq.gz,7407.2,c411d451-e700-4142-84db-8485fde07d04
GTOP-CC241,RNA-seq,Illumina NovaSeq X,Heart_Left_Ventricle,fastq,GTOP-CC241-4002_1.fq.gz,6645,762b35f6-ec0a-4caf-af4f-e49e5a2e07a6
GTOP-CC241,RNA-seq,Illumina NovaSeq X,Heart_Left_Ventricle,fastq,GTOP-CC241-4002_2.fq.gz,6657.7,4bc1c33a-4951-49ac-a0c2-c6c0bd612f95
GTOP-CC241,RNA-seq,Illumina NovaSeq X,Heart_Right_Ventricle,fastq,GTOP-CC241-4003_1.fq.gz,5528,6edd6662-f764-427a-a6e6-f3a9ffee0582
GTOP-CC241,RNA-seq,Illumina NovaSeq X,Heart_Right_Ventricle,fastq,GTOP-CC241-4003_2.fq.gz,5537.3,af5be382-07c6-48bb-89a0-c40e9b5a7b8f
GTOP-CC241,RNA-seq,Illumina NovaSeq X,Heart_Right_Atrium,fastq,GTOP-CC241-4018_1.fq.gz,6871.5,63cea61a-ec2d-4cba-a860-09ffe19c6034
GTOP-CC241,RNA-seq,Illumina NovaSeq X,Heart_Right_Atrium,fastq,GTOP-CC241-4018_2.fq.gz,6867.8,cb7affbe-237d-40f0-a9bf-c1d8f028f6a4
GTOP-CC241,RNA-seq,Illumina NovaSeq X,Heart_Left_Atrium,fastq,GTOP-CC241-4019_1.fq.gz,6386.6,38b35b4c-7f4d-4e50-bfef-c6ad3f23ebe3
GTOP-CC241,RNA-seq,Illumina NovaSeq X,Heart_Left_Atrium,fastq,GTOP-CC241-4019_2.fq.gz,6373.8,b8f3d464-9197-4f02-b499-9abf04aca630
GTOP-CC241,RNA-seq,Illumina NovaSeq X,Heart_Mitral_Valve,fastq,GTOP-CC241-4022_1.fq.gz,5543.8,eccf503d-cb7e-40ce-8e5c-8aa64a77e217
GTOP-CC241,RNA-seq,Illumina NovaSeq X,Heart_Mitral_Valve,fastq,GTOP-CC241-4022_2.fq.gz,5573.2,ba9277f6-cf77-478b-8cbf-483673a8fc12
GTOP-CC241,RNA-seq,Illumina NovaSeq X,Heart_Tricuspid_Valve,fastq,GTOP-CC241-4023_1.fq.gz,5891.9,6edac992-ef7c-4c5f-b023-ea91d873d3ad
GTOP-CC241,RNA-seq,Illumina NovaSeq X,Heart_Tricuspid_Valve,fastq,GTOP-CC241-4023_2.fq.gz,5916.6,9f1660ea-37be-475a-a114-69128c395cfc
GTOP-CC241,RNA-seq,Illumina NovaSeq X,Lung_Base,fastq,GTOP-CC241-5032_1.fq.gz,6217,d48b01a9-d9e1-4979-8d7f-424c1f66b63e
GTOP-CC241,RNA-seq,Illumina NovaSeq X,Lung_Base,fastq,GTOP-CC241-5032_2.fq.gz,6219.8,c04dc98b-697a-4985-a20b-7156f430973a
GTOP-CC241,RNA-seq,Illumina NovaSeq X,Lung_Apex,fastq,GTOP-CC241-5156_1.fq.gz,6314.5,132b31b6-9c35-4996-8b84-02869539d63a
GTOP-CC241,RNA-seq,Illumina NovaSeq X,Lung_Apex,fastq,GTOP-CC241-5156_2.fq.gz,6318.8,b64fbc71-eaad-4e0a-b46d-c0fe8d8c6497
GTOP-CC241,RNA-seq,Illumina NovaSeq X,Ovary,fastq,GTOP-CC241-6235_1.fq.gz,7341.7,ce6fe945-489d-48de-bb43-a6124b89ed9f
GTOP-CC241,RNA-seq,Illumina NovaSeq X,Ovary,fastq,GTOP-CC241-6235_2.fq.gz,7356.6,d587757b-1b15-4a6a-acc3-e91106104b8b
GTOP-CC241,RNA-seq,Illumina NovaSeq X,Uterus,fastq,GTOP-CC241-6246_1.fq.gz,7388.6,0bc762e5-6861-4268-bb45-7ca6b2d64512
GTOP-CC241,RNA-seq,Illumina NovaSeq X,Uterus,fastq,GTOP-CC241-6246_2.fq.gz,7375.3,f43e4064-e3bc-4e5b-9714-cad0f4d9dc49
GTOP-CC241,RNA-seq,Illumina NovaSeq X,Skin,fastq,GTOP-CC241-0262_1.fq.gz,6234.2,36f8f9cd-ada7-46cb-8ec3-a9b7d65e759c
GTOP-CC241,RNA-seq,Illumina NovaSeq X,Skin,fastq,GTOP-CC241-0262_2.fq.gz,6306,e4a631ba-3c82-46a4-9c94-e1b1e95aefc8
GTOP-CC251,RNA-seq,Illumina NovaSeq X,Adipose,fastq,GTOP-CC251-0160_1.fq.gz,7348.6,7c545a73-2438-47af-912a-4bfca4e24c45
GTOP-CC251,RNA-seq,Illumina NovaSeq X,Adipose,fastq,GTOP-CC251-0160_2.fq.gz,7346.3,f9488ec4-9ec6-4bd9-8d91-0583e190c0a0
GTOP-CC251,RNA-seq,Illumina NovaSeq X,Whole_Blood,fastq,GTOP-CC251-0378_1.fq.gz,6652,1e8ccf3e-e8ce-443a-8f7a-768dcfbe6fed
GTOP-CC251,RNA-seq,Illumina NovaSeq X,Whole_Blood,fastq,GTOP-CC251-0378_2.fq.gz,6748.4,2f96b5c1-a419-4fbd-bd6c-03692ae79fe8
GTOP-CC251,RNA-seq,Illumina NovaSeq X,Liver,fastq,GTOP-CC251-1053_1.fq.gz,8332.7,377d0f78-c590-4921-8a1a-1e3df65e15c2
GTOP-CC251,RNA-seq,Illumina NovaSeq X,Liver,fastq,GTOP-CC251-1053_2.fq.gz,8346.8,c724a058-ddfd-499c-b2f6-d1518fa92bb9
GTOP-CC251,RNA-seq,Illumina NovaSeq X,Pancreas_Head,fastq,GTOP-CC251-1108_1.fq.gz,7683.9,87ae4cf8-b993-492b-983c-14a3c5d728ad
GTOP-CC251,RNA-seq,Illumina NovaSeq X,Pancreas_Head,fastq,GTOP-CC251-1108_2.fq.gz,7697,74fd61ca-fbc0-4211-aab2-31af8fe016ca
GTOP-CC251,RNA-seq,Illumina NovaSeq X,Pancreas_Body,fastq,GTOP-CC251-1236_1.fq.gz,6782.6,3e924004-7db8-4e39-85d7-c838116b8575
GTOP-CC251,RNA-seq,Illumina NovaSeq X,Pancreas_Body,fastq,GTOP-CC251-1236_2.fq.gz,6788,e336aa0a-feb4-4564-9d21-5f7df33b494c
GTOP-CC251,RNA-seq,Illumina NovaSeq X,Pancreas_Tail,fastq,GTOP-CC251-1392_1.fq.gz,7205.2,29621f51-3905-4e12-91ea-f9f86bf8a87a
GTOP-CC251,RNA-seq,Illumina NovaSeq X,Pancreas_Tail,fastq,GTOP-CC251-1392_2.fq.gz,7222.7,74708bdf-c36d-4393-a6aa-410bde6af91e
GTOP-CC251,RNA-seq,Illumina NovaSeq X,Gallbladder,fastq,GTOP-CC251-1856_1.fq.gz,6745.3,4e4b8272-e0cb-45ae-815b-1e7f211b7ef3
GTOP-CC251,RNA-seq,Illumina NovaSeq X,Gallbladder,fastq,GTOP-CC251-1856_2.fq.gz,6728,7708f88b-486c-4297-a19b-7dcd789a2fe1
GTOP-CC251,RNA-seq,Illumina NovaSeq X,Adrenal_Gland,fastq,GTOP-CC251-2099_1.fq.gz,6730.5,ab440ac5-5238-4397-94c1-23fb04460ff5
GTOP-CC251,RNA-seq,Illumina NovaSeq X,Adrenal_Gland,fastq,GTOP-CC251-2099_2.fq.gz,6702.1,16059128-0a74-4421-a663-f0ae57937b1c
GTOP-CC291,RNA-seq,Illumina NovaSeq X,Muscle,fastq,GTOP-CC291-0087_1.fq.gz,7281.9,10cbf412-8b1a-4806-b5a6-d247743ef14c
GTOP-CC291,RNA-seq,Illumina NovaSeq X,Muscle,fastq,GTOP-CC291-0087_2.fq.gz,7291.1,f9360c70-8a2b-493a-85f5-f77ac12c644e
GTOP-CC291,RNA-seq,Illumina NovaSeq X,Adipose,fastq,GTOP-CC291-0160_1.fq.gz,8389,21a31ae0-00a1-494d-be9f-437f956695a6
GTOP-CC291,RNA-seq,Illumina NovaSeq X,Adipose,fastq,GTOP-CC291-0160_2.fq.gz,8447.7,5973034a-bc5b-40b0-9281-c491f92cb35a
GTOP-CC291,RNA-seq,Illumina NovaSeq X,Whole_Blood,fastq,GTOP-CC291-0378_1.fq.gz,6170.5,e3c4db03-cd56-494f-bbea-1252210e9cdd
GTOP-CC291,RNA-seq,Illumina NovaSeq X,Whole_Blood,fastq,GTOP-CC291-0378_2.fq.gz,6325.5,23045d1b-238c-4f3f-ad20-6e373ecf4533
GTOP-CC291,RNA-seq,Illumina NovaSeq X,Liver,fastq,GTOP-CC291-1053_1.fq.gz,8844.6,f8173d7c-8b95-45eb-a267-31eaa5945eda
GTOP-CC291,RNA-seq,Illumina NovaSeq X,Liver,fastq,GTOP-CC291-1053_2.fq.gz,8892.2,9a02663f-11bf-416b-8533-ec6dac36916d
GTOP-CC291,RNA-seq,Illumina NovaSeq X,Pancreas_Head,fastq,GTOP-CC291-1108_1.fq.gz,8657.1,733fcff2-66aa-4908-ac71-58d969e9e34a
GTOP-CC291,RNA-seq,Illumina NovaSeq X,Pancreas_Head,fastq,GTOP-CC291-1108_2.fq.gz,8694.4,7e088812-978b-41f1-b193-c561c0ebe837
GTOP-CC291,RNA-seq,Illumina NovaSeq X,Pancreas_Body,fastq,GTOP-CC291-1236_1.fq.gz,8859.6,f4fb8d17-72d4-4013-b156-84ed51cafd27
GTOP-CC291,RNA-seq,Illumina NovaSeq X,Pancreas_Body,fastq,GTOP-CC291-1236_2.fq.gz,8933.3,e306f192-0584-4b8e-a2c4-124e948b0342
GTOP-CC291,RNA-seq,Illumina NovaSeq X,Pancreas_Tail,fastq,GTOP-CC291-1392_1.fq.gz,8461.6,baff7bf4-3c87-4b03-8101-83fd6aa03bf0
GTOP-CC291,RNA-seq,Illumina NovaSeq X,Pancreas_Tail,fastq,GTOP-CC291-1392_2.fq.gz,8517.3,a6be7fb8-c994-44b4-a222-4d7716d936db
GTOP-CC291,RNA-seq,Illumina NovaSeq X,Gallbladder,fastq,GTOP-CC291-1856_1.fq.gz,7941.8,ae581924-7874-41c2-b5a9-2a1358be5c6b
GTOP-CC291,RNA-seq,Illumina NovaSeq X,Gallbladder,fastq,GTOP-CC291-1856_2.fq.gz,8039.4,f29ef5b9-a7a6-4dd2-97bf-3185e332be0e
GTOP-CC291,RNA-seq,Illumina NovaSeq X,Adrenal_Gland,fastq,GTOP-CC291-2099_1.fq.gz,8172.6,001e8e92-a128-4478-b2fa-cfe4c3a14030
GTOP-CC291,RNA-seq,Illumina NovaSeq X,Adrenal_Gland,fastq,GTOP-CC291-2099_2.fq.gz,8226.4,1ebcc89a-bc9e-47c7-a817-ccfb7810fc06
GTOP-CC291,RNA-seq,Illumina NovaSeq X,Skin,fastq,GTOP-CC291-0262_1.fq.gz,6031.8,e5192a84-3ad8-4662-89e3-412d266e17f1
GTOP-CC291,RNA-seq,Illumina NovaSeq X,Skin,fastq,GTOP-CC291-0262_2.fq.gz,6159.2,bf9a428e-7160-45d2-8ebf-128efe567742
GTOP-CC311,RNA-seq,Illumina NovaSeq X,Muscle,fastq,GTOP-CC311-0087_1.fq.gz,6823.5,619f9eca-a3b2-45d1-9db4-d342119c16ed
GTOP-CC311,RNA-seq,Illumina NovaSeq X,Muscle,fastq,GTOP-CC311-0087_2.fq.gz,6909.6,39771d4d-11fa-43df-91fd-7338725a5c7c
GTOP-CC311,RNA-seq,Illumina NovaSeq X,Adipose,fastq,GTOP-CC311-0160_1.fq.gz,7107.6,683e6831-83fd-4bf8-b88d-82e069fb9880
GTOP-CC311,RNA-seq,Illumina NovaSeq X,Adipose,fastq,GTOP-CC311-0160_2.fq.gz,7228.9,5d624af0-1f41-48e7-afd7-0d8ff0f6538a
GTOP-CC311,RNA-seq,Illumina NovaSeq X,Whole_Blood,fastq,GTOP-CC311-0378_1.fq.gz,5721.6,271f5333-4318-4556-9204-c503a45ef81f
GTOP-CC311,RNA-seq,Illumina NovaSeq X,Whole_Blood,fastq,GTOP-CC311-0378_2.fq.gz,5970.6,15766920-3415-4e55-bb13-2eab4fc01dd7
GTOP-CC311,RNA-seq,Illumina NovaSeq X,Liver,fastq,GTOP-CC311-1053_1.fq.gz,6280.7,f64bebf2-5e50-4b36-94b3-e99d178ad31f
GTOP-CC311,RNA-seq,Illumina NovaSeq X,Liver,fastq,GTOP-CC311-1053_2.fq.gz,6352.7,194e54a1-a715-4f76-88b4-71ee2352fc83
GTOP-CC311,RNA-seq,Illumina NovaSeq X,Pancreas_Head,fastq,GTOP-CC311-1108_1.fq.gz,7281.1,bddde95b-41e2-47b5-927d-85d137e16566
GTOP-CC311,RNA-seq,Illumina NovaSeq X,Pancreas_Head,fastq,GTOP-CC311-1108_2.fq.gz,7352.6,a6115ca6-69f6-4774-8070-225fd256b600
GTOP-CC311,RNA-seq,Illumina NovaSeq X,Pancreas_Body,fastq,GTOP-CC311-1236_1.fq.gz,7589.7,c8b9aa2f-9b26-414c-8ded-982da66cc0ed
GTOP-CC311,RNA-seq,Illumina NovaSeq X,Pancreas_Body,fastq,GTOP-CC311-1236_2.fq.gz,7647.6,4adb3a76-22b3-49ac-99f1-b2f9ed509d1b
GTOP-CC311,RNA-seq,Illumina NovaSeq X,Pancreas_Tail,fastq,GTOP-CC311-1392_1.fq.gz,5913,3843057b-6792-4054-8c22-6faf0b3c22ad
GTOP-CC311,RNA-seq,Illumina NovaSeq X,Pancreas_Tail,fastq,GTOP-CC311-1392_2.fq.gz,6003.4,8b54e0ac-eae3-4836-9fe6-d23cc8dc241d
GTOP-CC311,RNA-seq,Illumina NovaSeq X,Small_Intestine,fastq,GTOP-CC311-1470_1.fq.gz,6384.9,7129ed64-2aee-4624-a8ce-dd79bc0f9815
GTOP-CC311,RNA-seq,Illumina NovaSeq X,Small_Intestine,fastq,GTOP-CC311-1470_2.fq.gz,6452.5,4f1c6335-e187-4f6e-9fa8-9fe14c087b39
GTOP-CC311,RNA-seq,Illumina NovaSeq X,Colon,fastq,GTOP-CC311-1584_1.fq.gz,5977.9,da1bf3b3-5682-4476-8043-118085c375eb
GTOP-CC311,RNA-seq,Illumina NovaSeq X,Colon,fastq,GTOP-CC311-1584_2.fq.gz,6082.1,cdb0c135-2349-4ca1-bbc4-7d1a0bc1909e
GTOP-CC311,RNA-seq,Illumina NovaSeq X,Stomach,fastq,GTOP-CC311-1601_1.fq.gz,6506.1,c8fc151c-d41c-42ad-83a6-a48d8ea5c3b3
GTOP-CC311,RNA-seq,Illumina NovaSeq X,Stomach,fastq,GTOP-CC311-1601_2.fq.gz,6563.3,dac26584-5106-4694-8638-8d6f68f2b2dc
GTOP-CC311,RNA-seq,Illumina NovaSeq X,Gallbladder,fastq,GTOP-CC311-1856_1.fq.gz,7090.8,d967fa62-b83c-4777-8ea1-0ef41459e43e
GTOP-CC311,RNA-seq,Illumina NovaSeq X,Gallbladder,fastq,GTOP-CC311-1856_2.fq.gz,7195.8,ff835e81-35c8-4d39-9aba-83682bca0f22
GTOP-CC311,RNA-seq,Illumina NovaSeq X,Adrenal_Gland,fastq,GTOP-CC311-2099_1.fq.gz,7170.3,01d4b27a-c101-4439-b5ca-00f442c3d130
GTOP-CC311,RNA-seq,Illumina NovaSeq X,Adrenal_Gland,fastq,GTOP-CC311-2099_2.fq.gz,7207.8,f04ce1c8-fa1a-49a6-9a92-2df31126ab3e
GTOP-CC311,RNA-seq,Illumina NovaSeq X,Spleen,fastq,GTOP-CC311-3082_1.fq.gz,7468.3,f404fd3c-b222-4c9c-bb24-5a4cc29dadd4
GTOP-CC311,RNA-seq,Illumina NovaSeq X,Spleen,fastq,GTOP-CC311-3082_2.fq.gz,7553.6,bef214c1-0c76-4539-b28c-49fb49817d69
GTOP-CC311,RNA-seq,Illumina NovaSeq X,Heart_Left_Ventricle,fastq,GTOP-CC311-4002_1.fq.gz,6842.4,be56ddb9-036a-4bfd-9837-7530e373ce86
GTOP-CC311,RNA-seq,Illumina NovaSeq X,Heart_Left_Ventricle,fastq,GTOP-CC311-4002_2.fq.gz,6911.1,7c9203b3-8dad-4f37-ac2e-67bf37b04094
GTOP-CC311,RNA-seq,Illumina NovaSeq X,Heart_Right_Ventricle,fastq,GTOP-CC311-4003_1.fq.gz,6250.2,cc622b6a-5c05-4b2c-a4f8-6e6ef0bfa2ab
GTOP-CC311,RNA-seq,Illumina NovaSeq X,Heart_Right_Ventricle,fastq,GTOP-CC311-4003_2.fq.gz,6319.3,ab413dc1-49a2-428f-8811-9748603bf2b3
GTOP-CC311,RNA-seq,Illumina NovaSeq X,Heart_Right_Atrium,fastq,GTOP-CC311-4018_1.fq.gz,5773.6,9794064e-93ad-4b32-b935-a0cdf57a7b49
GTOP-CC311,RNA-seq,Illumina NovaSeq X,Heart_Right_Atrium,fastq,GTOP-CC311-4018_2.fq.gz,5858.2,7c4c387c-ef84-4911-adb2-c22e1d4b5977
GTOP-CC311,RNA-seq,Illumina NovaSeq X,Heart_Left_Atrium,fastq,GTOP-CC311-4019_1.fq.gz,6374.9,18b45784-e594-4e17-a10f-e5973dff2c30
GTOP-CC311,RNA-seq,Illumina NovaSeq X,Heart_Left_Atrium,fastq,GTOP-CC311-4019_2.fq.gz,6419.9,62aba5d5-f85f-4140-99ce-33634f497ad7
GTOP-CC311,RNA-seq,Illumina NovaSeq X,Lung_Base,fastq,GTOP-CC311-5032_1.fq.gz,6527.9,6073989e-e6eb-4b80-875e-434829ab525c
GTOP-CC311,RNA-seq,Illumina NovaSeq X,Lung_Base,fastq,GTOP-CC311-5032_2.fq.gz,6540.1,c8982b17-6a71-40cd-b81c-44edb36fcca0
GTOP-CC311,RNA-seq,Illumina NovaSeq X,Lung_Apex,fastq,GTOP-CC311-5156_1.fq.gz,6804.2,fbf8df4f-d679-4124-bce6-226a170da666
GTOP-CC311,RNA-seq,Illumina NovaSeq X,Lung_Apex,fastq,GTOP-CC311-5156_2.fq.gz,6843.3,0fd55d53-54cc-4408-854b-87c4a77e1957
GTOP-CC311,RNA-seq,Illumina NovaSeq X,Skin,fastq,GTOP-CC311-0262_1.fq.gz,5439.1,2e894444-07af-47c2-b863-e27e1f2db6a9
GTOP-CC311,RNA-seq,Illumina NovaSeq X,Skin,fastq,GTOP-CC311-0262_2.fq.gz,5464,afb361ae-545c-4b3a-8bc3-61401a47b9e9
GTOP-CD021,RNA-seq,Illumina NovaSeq X,Adipose,fastq,GTOP-CD021-0160_1.fq.gz,7177.5,b47486d6-c9eb-458d-bda2-32f12667afe3
GTOP-CD021,RNA-seq,Illumina NovaSeq X,Adipose,fastq,GTOP-CD021-0160_2.fq.gz,7263,8b882fc6-608a-47fa-89c7-cff1a4098305
GTOP-CD021,RNA-seq,Illumina NovaSeq X,Whole_Blood,fastq,GTOP-CD021-0378_1.fq.gz,6107,a8d43b7a-37ab-4a71-b704-50e13a12455f
GTOP-CD021,RNA-seq,Illumina NovaSeq X,Whole_Blood,fastq,GTOP-CD021-0378_2.fq.gz,6207.3,f1efa449-6efd-42fd-a4ab-f05adbd5ceb4
GTOP-CD021,RNA-seq,Illumina NovaSeq X,Liver,fastq,GTOP-CD021-1053_1.fq.gz,6032.7,48e7eabf-9a13-4718-a52f-e7fd6f9a9354
GTOP-CD021,RNA-seq,Illumina NovaSeq X,Liver,fastq,GTOP-CD021-1053_2.fq.gz,6088.6,14a34f72-ae33-4927-baee-dc02373fb6e5
GTOP-CD021,RNA-seq,Illumina NovaSeq X,Pancreas_Head,fastq,GTOP-CD021-1108_1.fq.gz,6576.2,0dd31648-9b09-40fe-96e8-d449b9b5a855
GTOP-CD021,RNA-seq,Illumina NovaSeq X,Pancreas_Head,fastq,GTOP-CD021-1108_2.fq.gz,6679.8,fa182ba8-770e-4088-876a-4cf4dfc76293
GTOP-CD021,RNA-seq,Illumina NovaSeq X,Pancreas_Body,fastq,GTOP-CD021-1236_1.fq.gz,7143.1,7d7fe164-39a2-4d2f-9e10-315ddd8e6076
GTOP-CD021,RNA-seq,Illumina NovaSeq X,Pancreas_Body,fastq,GTOP-CD021-1236_2.fq.gz,7222.5,cb281a3e-a7ae-486d-b0bd-30884d25613b
GTOP-CD021,RNA-seq,Illumina NovaSeq X,Pancreas_Tail,fastq,GTOP-CD021-1392_1.fq.gz,6556.3,dc6da4d4-6fe1-4a40-9f0c-3e45c246e4a7
GTOP-CD021,RNA-seq,Illumina NovaSeq X,Pancreas_Tail,fastq,GTOP-CD021-1392_2.fq.gz,6646.8,2bb1b6ad-057c-4230-9a3b-9be5315eb86d
GTOP-CD021,RNA-seq,Illumina NovaSeq X,Gallbladder,fastq,GTOP-CD021-1856_1.fq.gz,7303.9,c1e758bc-6272-40f3-9651-00a6a01f8c7d
GTOP-CD021,RNA-seq,Illumina NovaSeq X,Gallbladder,fastq,GTOP-CD021-1856_2.fq.gz,7402.5,31ac624f-d3b4-4fa1-b342-418b6d282d65
GTOP-CD021,RNA-seq,Illumina NovaSeq X,Adrenal_Gland,fastq,GTOP-CD021-2099_1.fq.gz,6385.9,8aeb2a27-9a03-4224-a32a-347694fbdf4a
GTOP-CD021,RNA-seq,Illumina NovaSeq X,Adrenal_Gland,fastq,GTOP-CD021-2099_2.fq.gz,6485.9,2411859c-184b-4bd2-ac3e-a625ef045a98
GTOP-CD021,RNA-seq,Illumina NovaSeq X,Heart_Left_Ventricle,fastq,GTOP-CD021-4002_1.fq.gz,6868.7,bff4a57a-ae90-42f6-96a6-1b790d95009b
GTOP-CD021,RNA-seq,Illumina NovaSeq X,Heart_Left_Ventricle,fastq,GTOP-CD021-4002_2.fq.gz,6954.3,f474a20f-4d50-480e-9a9e-0371317c6654
GTOP-CD021,RNA-seq,Illumina NovaSeq X,Heart_Right_Ventricle,fastq,GTOP-CD021-4003_1.fq.gz,6491.4,eddf0a85-b0c5-49d6-b1ad-0b16c0b7752b
GTOP-CD021,RNA-seq,Illumina NovaSeq X,Heart_Right_Ventricle,fastq,GTOP-CD021-4003_2.fq.gz,6540.8,1080e67c-06d4-44d4-adc2-e6821e75978a
GTOP-CD121,RNA-seq,Illumina NovaSeq X,Muscle,fastq,GTOP-CD121-0087_1.fq.gz,6599.3,3d31e9f8-b7fa-49ce-ab36-759deb3a07fa
GTOP-CD121,RNA-seq,Illumina NovaSeq X,Muscle,fastq,GTOP-CD121-0087_2.fq.gz,6634.2,81781176-fc5a-45fe-a947-e8764eb525d5
GTOP-CD121,RNA-seq,Illumina NovaSeq X,Adipose,fastq,GTOP-CD121-0160_1.fq.gz,7517.6,e67dedca-5a1f-49c9-85d0-24f0989549ae
GTOP-CD121,RNA-seq,Illumina NovaSeq X,Adipose,fastq,GTOP-CD121-0160_2.fq.gz,7539.8,d67079a6-8095-45d8-8a71-3ac90b3ff0e6
GTOP-CD121,RNA-seq,Illumina NovaSeq X,Skin,fastq,GTOP-CD121-0262_1.fq.gz,6150.8,706d88b2-cc88-4bf3-b5b2-b7d22bb21892
GTOP-CD121,RNA-seq,Illumina NovaSeq X,Skin,fastq,GTOP-CD121-0262_2.fq.gz,6198.2,595e2b22-8908-42e2-bb6e-42c20e5ccca7
GTOP-CD121,RNA-seq,Illumina NovaSeq X,Whole_Blood,fastq,GTOP-CD121-0378_1.fq.gz,6135.9,80305414-efe8-480c-ac2f-3290f9a9e56f
GTOP-CD121,RNA-seq,Illumina NovaSeq X,Whole_Blood,fastq,GTOP-CD121-0378_2.fq.gz,6234,db46db24-dd08-4219-97a2-99e1e140a9d4
GTOP-CD121,RNA-seq,Illumina NovaSeq X,Liver,fastq,GTOP-CD121-1053_1.fq.gz,7705.4,c45d3ce0-ffa5-48c7-a54e-de3bf53e5623
GTOP-CD121,RNA-seq,Illumina NovaSeq X,Liver,fastq,GTOP-CD121-1053_2.fq.gz,7725.7,cf0f9253-f553-4fbd-b10e-66b1721dcea9
GTOP-CD121,RNA-seq,Illumina NovaSeq X,Pancreas_Head,fastq,GTOP-CD121-1108_1.fq.gz,7334,5f70b1e2-ad6c-4531-9887-2b3cd01c4ef2
GTOP-CD121,RNA-seq,Illumina NovaSeq X,Pancreas_Head,fastq,GTOP-CD121-1108_2.fq.gz,7452.6,ef5c5741-60c9-4c10-8dcd-9032374bb981
GTOP-CD121,RNA-seq,Illumina NovaSeq X,Pancreas_Body,fastq,GTOP-CD121-1236_1.fq.gz,8444.9,7ead5825-1c9c-4ead-b6c3-1fe2003c0e9d
GTOP-CD121,RNA-seq,Illumina NovaSeq X,Pancreas_Body,fastq,GTOP-CD121-1236_2.fq.gz,8592.7,715e5138-85f7-4ab7-b126-a7871e802bbe
GTOP-CD121,RNA-seq,Illumina NovaSeq X,Pancreas_Tail,fastq,GTOP-CD121-1392_1.fq.gz,8491.9,41de465c-1f60-421f-bd0f-66214942f193
GTOP-CD121,RNA-seq,Illumina NovaSeq X,Pancreas_Tail,fastq,GTOP-CD121-1392_2.fq.gz,8611.5,c44ed0b0-de7d-4e43-92e4-8953828f2948
GTOP-CD121,RNA-seq,Illumina NovaSeq X,Gallbladder,fastq,GTOP-CD121-1856_1.fq.gz,8036.6,b3718058-a5f0-41dd-81d5-b1e0bec3374d
GTOP-CD121,RNA-seq,Illumina NovaSeq X,Gallbladder,fastq,GTOP-CD121-1856_2.fq.gz,8210.1,a0b85cfd-d3a9-4f62-8a9b-2d758a51d9f3
GTOP-CD121,RNA-seq,Illumina NovaSeq X,Adrenal_Gland,fastq,GTOP-CD121-2099_1.fq.gz,8634.9,85aa87d7-51cb-43e2-b979-807c4ef159fa
GTOP-CD121,RNA-seq,Illumina NovaSeq X,Adrenal_Gland,fastq,GTOP-CD121-2099_2.fq.gz,8769.8,50a3c729-b8ca-4382-998f-ed1c7550b930
GTOP-CD121,RNA-seq,Illumina NovaSeq X,Spleen,fastq,GTOP-CD121-3082_1.fq.gz,6619.5,2c48213e-8d1e-431f-8c59-4b4c3f554969
GTOP-CD121,RNA-seq,Illumina NovaSeq X,Spleen,fastq,GTOP-CD121-3082_2.fq.gz,6543.4,b01f92b4-fc54-4d2a-9d09-4c891531f259
GTOP-CE111,RNA-seq,Illumina NovaSeq X,Adipose,fastq,GTOP-CE111-0160_1.fq.gz,5689.1,f5ef216f-3be3-45fb-bf49-c7d70c3beb8b
GTOP-CE111,RNA-seq,Illumina NovaSeq X,Adipose,fastq,GTOP-CE111-0160_2.fq.gz,5709.1,869b134f-c484-4390-8121-683002da1a11
GTOP-CE111,RNA-seq,Illumina NovaSeq X,Whole_Blood,fastq,GTOP-CE111-0378_1.fq.gz,8458.2,c8c56803-2707-41df-b8d1-b9850f43946c
GTOP-CE111,RNA-seq,Illumina NovaSeq X,Whole_Blood,fastq,GTOP-CE111-0378_2.fq.gz,8569.9,1647b725-5197-4924-992e-14498ab00e13
GTOP-CE111,RNA-seq,Illumina NovaSeq X,Liver,fastq,GTOP-CE111-1053_1.fq.gz,5790.7,9f96fc0c-acac-4461-9ae1-c07696481ce9
GTOP-CE111,RNA-seq,Illumina NovaSeq X,Liver,fastq,GTOP-CE111-1053_2.fq.gz,5815.8,1d19bd77-618f-404a-a5d2-db40867d3bd0
GTOP-CE111,RNA-seq,Illumina NovaSeq X,Pancreas_Head,fastq,GTOP-CE111-1108_1.fq.gz,5917.3,d8b32270-b2de-4a4d-be9d-043de47f1ae2
GTOP-CE111,RNA-seq,Illumina NovaSeq X,Pancreas_Head,fastq,GTOP-CE111-1108_2.fq.gz,5946.7,5f4f3c7e-5815-4f25-a898-e455835ce82c
GTOP-CE111,RNA-seq,Illumina NovaSeq X,Pancreas_Body,fastq,GTOP-CE111-1236_1.fq.gz,6258.2,d49c50ba-3aae-478e-93fd-5c11b689eb2b
GTOP-CE111,RNA-seq,Illumina NovaSeq X,Pancreas_Body,fastq,GTOP-CE111-1236_2.fq.gz,6296.3,cb399d1b-fd89-4f90-9d9d-73147ec30c34
GTOP-CE111,RNA-seq,Illumina NovaSeq X,Pancreas_Tail,fastq,GTOP-CE111-1392_1.fq.gz,5860.3,2975ab5c-26d3-45b5-8800-6bf0b22b42bb
GTOP-CE111,RNA-seq,Illumina NovaSeq X,Pancreas_Tail,fastq,GTOP-CE111-1392_2.fq.gz,5875.4,1d19b718-7e07-45f5-8a0d-115242a855e1
GTOP-CE111,RNA-seq,Illumina NovaSeq X,Adrenal_Gland,fastq,GTOP-CE111-2099_1.fq.gz,6147.3,5c4ca4fd-f6d7-4da2-af93-0ceecc91d525
GTOP-CE111,RNA-seq,Illumina NovaSeq X,Adrenal_Gland,fastq,GTOP-CE111-2099_2.fq.gz,6180.5,171208ca-aaff-4863-a4a9-5f5a527236cd
GTOP-CE131,RNA-seq,Illumina NovaSeq X,Adipose,fastq,GTOP-CE131-0160_1.fq.gz,5872,1f496a28-046b-4356-ab4b-c4aae7dd6885
GTOP-CE131,RNA-seq,Illumina NovaSeq X,Adipose,fastq,GTOP-CE131-0160_2.fq.gz,5888.9,6c5f36c0-4925-4e2e-bc15-2289e57a33b2
GTOP-CE131,RNA-seq,Illumina NovaSeq X,Whole_Blood,fastq,GTOP-CE131-0378_1.fq.gz,7320.1,e0b669d3-0017-4c97-be72-9541b452bdaf
GTOP-CE131,RNA-seq,Illumina NovaSeq X,Whole_Blood,fastq,GTOP-CE131-0378_2.fq.gz,7450.4,ef112f05-ea57-4f36-9b2d-ede22cbb0e40
GTOP-CE131,RNA-seq,Illumina NovaSeq X,Liver,fastq,GTOP-CE131-1053_1.fq.gz,5546.6,3626ad98-3378-455e-9eda-22c2721331b8
GTOP-CE131,RNA-seq,Illumina NovaSeq X,Liver,fastq,GTOP-CE131-1053_2.fq.gz,5554.9,2719a04d-ccb5-42f4-bae2-dd320b89553a
GTOP-CE131,RNA-seq,Illumina NovaSeq X,Pancreas_Head,fastq,GTOP-CE131-1108_1.fq.gz,5888.9,0a62486a-c973-426c-b08f-bb4651a60875
GTOP-CE131,RNA-seq,Illumina NovaSeq X,Pancreas_Head,fastq,GTOP-CE131-1108_2.fq.gz,5921.3,48a9e067-e050-41ef-a33a-fe7f3362fc16
GTOP-CE131,RNA-seq,Illumina NovaSeq X,Pancreas_Body,fastq,GTOP-CE131-1236_1.fq.gz,5991.9,15880676-e5fd-41bb-805a-98a85a8e3208
GTOP-CE131,RNA-seq,Illumina NovaSeq X,Pancreas_Body,fastq,GTOP-CE131-1236_2.fq.gz,6041.9,a29b5f45-4ec8-4cbd-b3e9-4eba8acfd0d6
GTOP-CE131,RNA-seq,Illumina NovaSeq X,Pancreas_Tail,fastq,GTOP-CE131-1392_1.fq.gz,8566.4,e0d91330-b120-4108-8c01-1972ceceb298
GTOP-CE131,RNA-seq,Illumina NovaSeq X,Pancreas_Tail,fastq,GTOP-CE131-1392_2.fq.gz,8606.5,1a8d53e0-348f-44ef-828a-2ee808147745
GTOP-CE131,RNA-seq,Illumina NovaSeq X,Gallbladder,fastq,GTOP-CE131-1856_1.fq.gz,6489.5,c7fe7b71-dccb-4dfa-9d17-66a524f9253d
GTOP-CE131,RNA-seq,Illumina NovaSeq X,Gallbladder,fastq,GTOP-CE131-1856_2.fq.gz,6517.7,02132041-d897-4edb-b206-2176eb57ba01
GTOP-CE131,RNA-seq,Illumina NovaSeq X,Adrenal_Gland,fastq,GTOP-CE131-2099_1.fq.gz,5721.1,7a776e65-9f61-45e5-8124-dcacf142f002
GTOP-CE131,RNA-seq,Illumina NovaSeq X,Adrenal_Gland,fastq,GTOP-CE131-2099_2.fq.gz,5716.8,50471eb9-b33f-46ab-b9f6-514440ced5da
GTOP-CE141,RNA-seq,Illumina NovaSeq X,Muscle,fastq,GTOP-CE141-0087_1.fq.gz,5810.4,8260c8b7-0264-4c6c-a3c3-78c5b1ae1236
GTOP-CE141,RNA-seq,Illumina NovaSeq X,Muscle,fastq,GTOP-CE141-0087_2.fq.gz,5797.1,25c8431e-a034-46ae-916a-d552defc6b0f
GTOP-CE141,RNA-seq,Illumina NovaSeq X,Adipose,fastq,GTOP-CE141-0160_1.fq.gz,6203.6,b706937c-d781-49bb-beb5-7cc70c792e38
GTOP-CE141,RNA-seq,Illumina NovaSeq X,Adipose,fastq,GTOP-CE141-0160_2.fq.gz,6196.6,f4b362f5-0c2e-4731-a786-f96d80d461e8
GTOP-CE141,RNA-seq,Illumina NovaSeq X,Skin,fastq,GTOP-CE141-0262_1.fq.gz,5817.2,ced9246d-003e-4f7c-88d8-527aac0ef9b6
GTOP-CE141,RNA-seq,Illumina NovaSeq X,Skin,fastq,GTOP-CE141-0262_2.fq.gz,5828,9ad4074f-4fe2-477e-8bc7-aac945eb4d02
GTOP-CE141,RNA-seq,Illumina NovaSeq X,Whole_Blood,fastq,GTOP-CE141-0378_1.fq.gz,7692.7,fe511efa-b73d-438d-a9c1-2f383bfdf519
GTOP-CE141,RNA-seq,Illumina NovaSeq X,Whole_Blood,fastq,GTOP-CE141-0378_2.fq.gz,7793.5,67afea44-937c-4f73-bc9a-bce7ea117d55
GTOP-CE141,RNA-seq,Illumina NovaSeq X,Liver,fastq,GTOP-CE141-1053_1.fq.gz,5695.5,edced07d-a7fd-4f9a-bc9b-605dd2e4ccba
GTOP-CE141,RNA-seq,Illumina NovaSeq X,Liver,fastq,GTOP-CE141-1053_2.fq.gz,5726.9,0130a3c9-3ea4-4b1f-9d09-fb30adc7fee2
GTOP-CE141,RNA-seq,Illumina NovaSeq X,Pancreas_Head,fastq,GTOP-CE141-1108_1.fq.gz,5679.3,3953127f-7773-411e-b69b-aab56c466e60
GTOP-CE141,RNA-seq,Illumina NovaSeq X,Pancreas_Head,fastq,GTOP-CE141-1108_2.fq.gz,5729.1,1ccd4301-4c05-4437-b4b0-9dabf16c71c4
GTOP-CE141,RNA-seq,Illumina NovaSeq X,Pancreas_Body,fastq,GTOP-CE141-1236_1.fq.gz,6709.6,b152cc1d-7444-412e-a375-091820500bae
GTOP-CE141,RNA-seq,Illumina NovaSeq X,Pancreas_Body,fastq,GTOP-CE141-1236_2.fq.gz,6716.3,87696455-afcc-4093-88c5-b0c0441a228a
GTOP-CE141,RNA-seq,Illumina NovaSeq X,Pancreas_Tail,fastq,GTOP-CE141-1392_1.fq.gz,6230.8,9a4fbacc-420f-424d-8298-5655618e5e0f
GTOP-CE141,RNA-seq,Illumina NovaSeq X,Pancreas_Tail,fastq,GTOP-CE141-1392_2.fq.gz,6267.9,f8828beb-e5b5-4fb4-b5bd-a35115b8825a
GTOP-CE141,RNA-seq,Illumina NovaSeq X,Stomach,fastq,GTOP-CE141-1601_1.fq.gz,5520.5,1af3fde1-691a-4089-9e83-3fc1ca86aaae
GTOP-CE141,RNA-seq,Illumina NovaSeq X,Stomach,fastq,GTOP-CE141-1601_2.fq.gz,5523.9,57c439dc-6ab0-4b94-be55-0b33d9cb789a
GTOP-CE141,RNA-seq,Illumina NovaSeq X,Gallbladder,fastq,GTOP-CE141-1856_1.fq.gz,5623.1,f8a1585b-0d95-4c6d-a88e-f469c16be690
GTOP-CE141,RNA-seq,Illumina NovaSeq X,Gallbladder,fastq,GTOP-CE141-1856_2.fq.gz,5615.5,1db143fd-aa7f-4013-a894-fc2cf416fc51
GTOP-CE141,RNA-seq,Illumina NovaSeq X,Adrenal_Gland,fastq,GTOP-CE141-2099_1.fq.gz,5906,0b7a7bde-55ff-4e93-8278-a322dec58e38
GTOP-CE141,RNA-seq,Illumina NovaSeq X,Adrenal_Gland,fastq,GTOP-CE141-2099_2.fq.gz,5902.8,1b434c3b-d5c8-4849-bc3e-f4e4bbc91367
GTOP-CE141,RNA-seq,Illumina NovaSeq X,Spleen,fastq,GTOP-CE141-3082_1.fq.gz,5819.2,4d6ed5aa-9a3a-4da3-9ade-c978ed3646b0
GTOP-CE141,RNA-seq,Illumina NovaSeq X,Spleen,fastq,GTOP-CE141-3082_2.fq.gz,5802.5,178fe816-d610-4573-a2d1-72dad003fe94
GTOP-CE161,RNA-seq,Illumina NovaSeq X,Muscle,fastq,GTOP-CE161-0087_1.fq.gz,5806,1ed4ec85-42e6-4801-ab93-cac68b01fe93
GTOP-CE161,RNA-seq,Illumina NovaSeq X,Muscle,fastq,GTOP-CE161-0087_2.fq.gz,5834.5,b188fa16-44f1-4cb2-9fcd-5b238b112f44
GTOP-CE161,RNA-seq,Illumina NovaSeq X,Adipose,fastq,GTOP-CE161-0160_1.fq.gz,5857.9,1db06495-3baa-4e45-8051-be69226c79a0
GTOP-CE161,RNA-seq,Illumina NovaSeq X,Adipose,fastq,GTOP-CE161-0160_2.fq.gz,5870.9,608022f0-ec91-4ce1-bfa8-955a83286068
GTOP-CE161,RNA-seq,Illumina NovaSeq X,Skin,fastq,GTOP-CE161-0262_1.fq.gz,6007.5,42e34d96-e8f4-4e09-83b0-041a306eaab5
GTOP-CE161,RNA-seq,Illumina NovaSeq X,Skin,fastq,GTOP-CE161-0262_2.fq.gz,6082.5,b564c193-44be-4a36-8a76-e0d01c7c28c4
GTOP-CE161,RNA-seq,Illumina NovaSeq X,Whole_Blood,fastq,GTOP-CE161-0378_1.fq.gz,8041.1,36a6b681-518e-494a-85e1-eee88cf7b52a
GTOP-CE161,RNA-seq,Illumina NovaSeq X,Whole_Blood,fastq,GTOP-CE161-0378_2.fq.gz,8081.9,0cf79a7e-0f4e-44fe-baf1-1cb863aabbe5
GTOP-CE161,RNA-seq,Illumina NovaSeq X,Liver,fastq,GTOP-CE161-1053_1.fq.gz,6005.9,685facb5-ff05-412a-af03-47408b9e7fd0
GTOP-CE161,RNA-seq,Illumina NovaSeq X,Liver,fastq,GTOP-CE161-1053_2.fq.gz,6046.9,9de51ad4-b1f9-4832-9450-b4f1a4b16872
GTOP-CE161,RNA-seq,Illumina NovaSeq X,Pancreas_Head,fastq,GTOP-CE161-1108_1.fq.gz,5669.8,b37f9158-945f-490c-9d3a-9de6670fda38
GTOP-CE161,RNA-seq,Illumina NovaSeq X,Pancreas_Head,fastq,GTOP-CE161-1108_2.fq.gz,5686.4,472e1136-baaa-467e-ab31-f18ef5cc7231
GTOP-CE161,RNA-seq,Illumina NovaSeq X,Pancreas_Body,fastq,GTOP-CE161-1236_1.fq.gz,5938.3,593252f7-e6be-4a75-8241-5943480c005a
GTOP-CE161,RNA-seq,Illumina NovaSeq X,Pancreas_Body,fastq,GTOP-CE161-1236_2.fq.gz,5954.6,db116c3d-0549-47a4-8bb1-f4eb88bcb1bf
GTOP-CE161,RNA-seq,Illumina NovaSeq X,Pancreas_Tail,fastq,GTOP-CE161-1392_1.fq.gz,6064.4,8a52e948-4bd1-47b1-97c7-7bf6856e17e6
GTOP-CE161,RNA-seq,Illumina NovaSeq X,Pancreas_Tail,fastq,GTOP-CE161-1392_2.fq.gz,6092.4,fb60dd75-7460-4f28-8830-f9af0a7b392c
GTOP-CE161,RNA-seq,Illumina NovaSeq X,Stomach,fastq,GTOP-CE161-1601_1.fq.gz,6606.7,2ae3cae5-1619-4190-b4e3-60a8e24ce7fd
GTOP-CE161,RNA-seq,Illumina NovaSeq X,Stomach,fastq,GTOP-CE161-1601_2.fq.gz,6691,81d9c8f0-120f-4f58-912d-2f0005c23ba9
GTOP-CE161,RNA-seq,Illumina NovaSeq X,Gallbladder,fastq,GTOP-CE161-1856_1.fq.gz,5775.4,acd33369-7868-4c4e-9ba0-4799f99143b4
GTOP-CE161,RNA-seq,Illumina NovaSeq X,Gallbladder,fastq,GTOP-CE161-1856_2.fq.gz,5793.4,d7dd3a56-8c8e-406f-8952-cc933a1d8f29
GTOP-CE161,RNA-seq,Illumina NovaSeq X,Adrenal_Gland,fastq,GTOP-CE161-2099_1.fq.gz,5761.6,3ad911b8-ac1d-4990-adf9-f9b948722983
GTOP-CE161,RNA-seq,Illumina NovaSeq X,Adrenal_Gland,fastq,GTOP-CE161-2099_2.fq.gz,5785.3,d19bd16d-d6aa-460c-8554-54ad26556826
GTOP-CE161,RNA-seq,Illumina NovaSeq X,Spleen,fastq,GTOP-CE161-3082_1.fq.gz,10587.2,a1664924-9d68-41f0-bc32-9bcafacf0c19
GTOP-CE161,RNA-seq,Illumina NovaSeq X,Spleen,fastq,GTOP-CE161-3082_2.fq.gz,10619.4,2eeb13f0-e02c-4255-aafb-c733bff3f4b3
GTOP-CF011,RNA-seq,Illumina NovaSeq X,Adipose,fastq,GTOP-CF011-0160_1.fq.gz,6727.7,3d437743-17c2-461b-8f14-701023a679dd
GTOP-CF011,RNA-seq,Illumina NovaSeq X,Adipose,fastq,GTOP-CF011-0160_2.fq.gz,6749.3,3953af9c-3464-4a80-8161-e7fa2eaf290a
GTOP-CF011,RNA-seq,Illumina NovaSeq X,Whole_Blood,fastq,GTOP-CF011-0378_1.fq.gz,7473.4,0829d6e7-e6b4-4bb3-a5f7-d04788968843
GTOP-CF011,RNA-seq,Illumina NovaSeq X,Whole_Blood,fastq,GTOP-CF011-0378_2.fq.gz,7592.6,a4cb0ed0-eb20-4cc8-a7be-721535f05a9d
GTOP-CF011,RNA-seq,Illumina NovaSeq X,Liver,fastq,GTOP-CF011-1053_1.fq.gz,6191.9,ee47b776-c28c-4978-bf2b-cd8b797c8bf9
GTOP-CF011,RNA-seq,Illumina NovaSeq X,Liver,fastq,GTOP-CF011-1053_2.fq.gz,6220.6,8d134fbf-e6aa-4760-9d37-8dc65f497f6f
GTOP-CF011,RNA-seq,Illumina NovaSeq X,Pancreas_Head,fastq,GTOP-CF011-1108_1.fq.gz,5046,d108abef-2d25-4f99-9cd3-9e68b5dae99c
GTOP-CF011,RNA-seq,Illumina NovaSeq X,Pancreas_Head,fastq,GTOP-CF011-1108_2.fq.gz,5147.1,c0eb21ea-7d83-4bfb-9f32-0ea61f10f8e1
GTOP-CF011,RNA-seq,Illumina NovaSeq X,Pancreas_Body,fastq,GTOP-CF011-1236_1.fq.gz,6834.5,858c44e9-94f4-4286-98e9-a819917a1ae5
GTOP-CF011,RNA-seq,Illumina NovaSeq X,Pancreas_Body,fastq,GTOP-CF011-1236_2.fq.gz,6883.1,942364ac-8810-48f6-bfcc-7cb978092ebb
GTOP-CF011,RNA-seq,Illumina NovaSeq X,Pancreas_Tail,fastq,GTOP-CF011-1392_1.fq.gz,5489.2,ac9f89bf-1716-4f58-b96b-eed2585906c0
GTOP-CF011,RNA-seq,Illumina NovaSeq X,Pancreas_Tail,fastq,GTOP-CF011-1392_2.fq.gz,5514.6,26aad6ad-6f32-4e17-8df1-3de23fa0bcb4
GTOP-CF011,RNA-seq,Illumina NovaSeq X,Gallbladder,fastq,GTOP-CF011-1856_1.fq.gz,5965.4,159f4634-301f-4066-a851-11403a63bdba
GTOP-CF011,RNA-seq,Illumina NovaSeq X,Gallbladder,fastq,GTOP-CF011-1856_2.fq.gz,5994.3,f2050e24-1757-4713-a588-c2f2684c0bfd
GTOP-CF011,RNA-seq,Illumina NovaSeq X,Adrenal_Gland,fastq,GTOP-CF011-2099_1.fq.gz,5970.1,489b04fe-375e-4773-b272-1d17273d4b71
GTOP-CF011,RNA-seq,Illumina NovaSeq X,Adrenal_Gland,fastq,GTOP-CF011-2099_2.fq.gz,5976.9,1f8b25b4-7fce-4cb3-a762-7a8e5acc30c6
GTOP-CF051,RNA-seq,Illumina NovaSeq X,Adipose,fastq,GTOP-CF051-0160_1.fq.gz,5755.4,948590ed-f98f-46dc-94a8-a1c94c65fd0f
GTOP-CF051,RNA-seq,Illumina NovaSeq X,Adipose,fastq,GTOP-CF051-0160_2.fq.gz,5779.7,28f10bb1-e9e2-4f39-bcc4-eba689c024cb
GTOP-CF051,RNA-seq,Illumina NovaSeq X,Whole_Blood,fastq,GTOP-CF051-0378_1.fq.gz,6699.1,83831b20-4c91-4611-8d2a-6d3c06e60c88
GTOP-CF051,RNA-seq,Illumina NovaSeq X,Whole_Blood,fastq,GTOP-CF051-0378_2.fq.gz,6908.8,fbc5a602-ada3-4661-8ee6-5ee77c2ad629
GTOP-CF051,RNA-seq,Illumina NovaSeq X,Liver,fastq,GTOP-CF051-1053_1.fq.gz,6190.4,8070086f-ad5a-468c-9933-c583336a538d
GTOP-CF051,RNA-seq,Illumina NovaSeq X,Liver,fastq,GTOP-CF051-1053_2.fq.gz,6216.7,fb57a105-2b82-4fd7-87c1-d3241e1b5d4c
GTOP-CF051,RNA-seq,Illumina NovaSeq X,Pancreas_Head,fastq,GTOP-CF051-1108_1.fq.gz,7703,107be7e7-0718-4a00-9ff1-d3d4584cf97a
GTOP-CF051,RNA-seq,Illumina NovaSeq X,Pancreas_Head,fastq,GTOP-CF051-1108_2.fq.gz,7762.6,25c950b4-3145-4fc7-aadb-2a4cb0839b02
GTOP-CF051,RNA-seq,Illumina NovaSeq X,Pancreas_Body,fastq,GTOP-CF051-1236_1.fq.gz,7579.7,f16e1653-81e6-40f9-a2eb-bbffea42d168
GTOP-CF051,RNA-seq,Illumina NovaSeq X,Pancreas_Body,fastq,GTOP-CF051-1236_2.fq.gz,7666.6,a56cb546-1900-4352-88f9-3e05d9ff8741
GTOP-CF051,RNA-seq,Illumina NovaSeq X,Pancreas_Tail,fastq,GTOP-CF051-1392_1.fq.gz,6535.6,9760cb2a-d467-4fc8-ba8d-54398bcdcf3f
GTOP-CF051,RNA-seq,Illumina NovaSeq X,Pancreas_Tail,fastq,GTOP-CF051-1392_2.fq.gz,6665.6,f2135a33-1c65-40ef-80e5-18cd63d18ed8
GTOP-CF051,RNA-seq,Illumina NovaSeq X,Gallbladder,fastq,GTOP-CF051-1856_1.fq.gz,6867.8,dfe10b4a-4bcc-4150-b1a9-ffd5ca0f43b0
GTOP-CF051,RNA-seq,Illumina NovaSeq X,Gallbladder,fastq,GTOP-CF051-1856_2.fq.gz,6850.1,65662ed3-b2e4-4f3a-882a-c1d050e56028
GTOP-CF051,RNA-seq,Illumina NovaSeq X,Adrenal_Gland,fastq,GTOP-CF051-2099_1.fq.gz,6918.6,ee5e85e7-26c9-4911-8580-48e7776f2e47
GTOP-CF051,RNA-seq,Illumina NovaSeq X,Adrenal_Gland,fastq,GTOP-CF051-2099_2.fq.gz,6885.8,eb1b399c-c446-4fd9-b255-b9cc3ec133f7
GTOP-CF121,RNA-seq,Illumina NovaSeq X,Adipose,fastq,GTOP-CF121-0160_1.fq.gz,7202.6,baf7948c-c1f6-47b6-9789-0436c34df1ef
GTOP-CF121,RNA-seq,Illumina NovaSeq X,Adipose,fastq,GTOP-CF121-0160_2.fq.gz,7189.2,12ac23a6-241e-4efa-b888-7631fc869bba
GTOP-CF121,RNA-seq,Illumina NovaSeq X,Whole_Blood,fastq,GTOP-CF121-0378_1.fq.gz,7851.1,e60d877d-0435-40b0-ab2a-2c806bfc7468
GTOP-CF121,RNA-seq,Illumina NovaSeq X,Whole_Blood,fastq,GTOP-CF121-0378_2.fq.gz,8014.5,5abdc76d-3c33-466d-bba2-a1541338e4c4
GTOP-CF121,RNA-seq,Illumina NovaSeq X,Liver,fastq,GTOP-CF121-1053_1.fq.gz,6938,fc977a12-397c-4a7a-8434-82adb6af8054
GTOP-CF121,RNA-seq,Illumina NovaSeq X,Liver,fastq,GTOP-CF121-1053_2.fq.gz,6928.3,3cc870cc-adfc-4ce1-9830-4a9c9a811b1d
GTOP-CF121,RNA-seq,Illumina NovaSeq X,Pancreas_Head,fastq,GTOP-CF121-1108_1.fq.gz,7070.7,34c52296-92fd-4b59-b017-326e19213b08
GTOP-CF121,RNA-seq,Illumina NovaSeq X,Pancreas_Head,fastq,GTOP-CF121-1108_2.fq.gz,7094.6,53970dbb-9c4b-4391-a0d6-e07cd3e3c571
GTOP-CF121,RNA-seq,Illumina NovaSeq X,Pancreas_Body,fastq,GTOP-CF121-1236_1.fq.gz,7190,fa004572-1149-486a-9c5b-4467ca6dd63f
GTOP-CF121,RNA-seq,Illumina NovaSeq X,Pancreas_Body,fastq,GTOP-CF121-1236_2.fq.gz,7165.7,793cb5b4-63d3-4c0e-a352-9b1890f3b138
GTOP-CF121,RNA-seq,Illumina NovaSeq X,Pancreas_Tail,fastq,GTOP-CF121-1392_1.fq.gz,6682.9,2d71f5cf-00f8-4457-ba88-867161a0e5fb
GTOP-CF121,RNA-seq,Illumina NovaSeq X,Pancreas_Tail,fastq,GTOP-CF121-1392_2.fq.gz,6853.2,3ee1a0a2-9f9d-432f-82b7-9c11a1c44244
GTOP-CF121,RNA-seq,Illumina NovaSeq X,Gallbladder,fastq,GTOP-CF121-1856_1.fq.gz,7088.5,b183fed8-526b-461b-b647-9ce684eceb10
GTOP-CF121,RNA-seq,Illumina NovaSeq X,Gallbladder,fastq,GTOP-CF121-1856_2.fq.gz,7099.7,f867c3d9-6635-4a33-84f4-68bb49072002
GTOP-CF121,RNA-seq,Illumina NovaSeq X,Adrenal_Gland,fastq,GTOP-CF121-2099_1.fq.gz,7397.1,eb6bcbc9-f235-494e-8d22-f95e5a5c1b1d
GTOP-CF121,RNA-seq,Illumina NovaSeq X,Adrenal_Gland,fastq,GTOP-CF121-2099_2.fq.gz,7414.9,f4308121-a524-4570-9008-f0c8416b302d
GTOP-CF121,RNA-seq,Illumina NovaSeq X,Spleen,fastq,GTOP-CF121-3082_1.fq.gz,6928.7,e55b9db2-100b-457e-a132-329a2467e5c6
GTOP-CF121,RNA-seq,Illumina NovaSeq X,Spleen,fastq,GTOP-CF121-3082_2.fq.gz,6959.3,218d8a9a-7aac-4214-bc68-c839b0a85b0c
GTOP-CF201,RNA-seq,Illumina NovaSeq X,Muscle,fastq,GTOP-CF201-0087_1.fq.gz,6782.6,0b006639-d3eb-4e29-aa1e-4f343f5c0a61
GTOP-CF201,RNA-seq,Illumina NovaSeq X,Muscle,fastq,GTOP-CF201-0087_2.fq.gz,6789.5,ccfa4b05-45dd-43eb-8b52-8d14b5fa5385
GTOP-CF201,RNA-seq,Illumina NovaSeq X,Adipose,fastq,GTOP-CF201-0160_1.fq.gz,6779.8,2c325d82-7002-4d11-815f-8afea9f529f2
GTOP-CF201,RNA-seq,Illumina NovaSeq X,Adipose,fastq,GTOP-CF201-0160_2.fq.gz,6777.7,18c4c893-0bfe-4788-a01d-17029da4eebb
GTOP-CF201,RNA-seq,Illumina NovaSeq X,Skin,fastq,GTOP-CF201-0262_1.fq.gz,6534.4,86435f5d-b340-475f-ae6e-dbedcd154435
GTOP-CF201,RNA-seq,Illumina NovaSeq X,Skin,fastq,GTOP-CF201-0262_2.fq.gz,6560.8,3d175ae7-8a88-4e60-99d6-4f6000509214
GTOP-CF201,RNA-seq,Illumina NovaSeq X,Whole_Blood,fastq,GTOP-CF201-0378_1.fq.gz,6766.6,b1e5c549-07a6-4f7e-bf28-5cfa87a5b8c8
GTOP-CF201,RNA-seq,Illumina NovaSeq X,Whole_Blood,fastq,GTOP-CF201-0378_2.fq.gz,6882.1,363033fe-0be8-4a4c-a86c-e03ecdae1a78
GTOP-CF201,RNA-seq,Illumina NovaSeq X,Liver,fastq,GTOP-CF201-1053_1.fq.gz,7059.8,b1efee01-693d-4de2-ba7b-1c323f7d2668
GTOP-CF201,RNA-seq,Illumina NovaSeq X,Liver,fastq,GTOP-CF201-1053_2.fq.gz,7123.3,09e094b9-d556-428b-a6d4-deea0184eaa5
GTOP-CF201,RNA-seq,Illumina NovaSeq X,Pancreas_Head,fastq,GTOP-CF201-1108_1.fq.gz,6906.3,3f605901-0df7-49c4-9db6-1871926a487f
GTOP-CF201,RNA-seq,Illumina NovaSeq X,Pancreas_Head,fastq,GTOP-CF201-1108_2.fq.gz,6927.5,fc495bed-3c09-496c-aab2-153d1f578148
GTOP-CF201,RNA-seq,Illumina NovaSeq X,Pancreas_Body,fastq,GTOP-CF201-1236_1.fq.gz,6457.9,20abe45f-e375-4ff5-953e-3f5513373222
GTOP-CF201,RNA-seq,Illumina NovaSeq X,Pancreas_Body,fastq,GTOP-CF201-1236_2.fq.gz,6618.2,5f541dd7-022a-4445-bdcc-3b7d88fdf4f3
GTOP-CF201,RNA-seq,Illumina NovaSeq X,Pancreas_Tail,fastq,GTOP-CF201-1392_1.fq.gz,6904.1,b5c2fae9-a65f-4cda-a99c-2883da69578c
GTOP-CF201,RNA-seq,Illumina NovaSeq X,Pancreas_Tail,fastq,GTOP-CF201-1392_2.fq.gz,6932.8,a0ffaff4-0125-4368-beae-eb925e8df77a
GTOP-CF201,RNA-seq,Illumina NovaSeq X,Gallbladder,fastq,GTOP-CF201-1856_1.fq.gz,7054.5,6b273070-8ed2-44c1-87aa-49185b5473ca
GTOP-CF201,RNA-seq,Illumina NovaSeq X,Gallbladder,fastq,GTOP-CF201-1856_2.fq.gz,7040,17067382-6381-4904-95e1-ba72c11b4e2e
GTOP-CF201,RNA-seq,Illumina NovaSeq X,Adrenal_Gland,fastq,GTOP-CF201-2099_1.fq.gz,6020,dad123d6-f92f-4928-8d9c-932c9f458203
GTOP-CF201,RNA-seq,Illumina NovaSeq X,Adrenal_Gland,fastq,GTOP-CF201-2099_2.fq.gz,6012.1,b096546e-4589-4f80-b606-8bc26abde232
GTOP-CF221,RNA-seq,Illumina NovaSeq X,Muscle,fastq,GTOP-CF221-0087_1.fq.gz,7224.1,f795f112-fbd0-44a1-a632-bfd71120218f
GTOP-CF221,RNA-seq,Illumina NovaSeq X,Muscle,fastq,GTOP-CF221-0087_2.fq.gz,7212,2671cb43-e41f-4ca2-8af1-c0b17f7a8cf8
GTOP-CF221,RNA-seq,Illumina NovaSeq X,Adipose,fastq,GTOP-CF221-0160_1.fq.gz,7054.8,d4904254-87c2-4d32-8299-b4282269556a
GTOP-CF221,RNA-seq,Illumina NovaSeq X,Adipose,fastq,GTOP-CF221-0160_2.fq.gz,7051.7,d518cbe0-a992-41b5-90c2-8157d2555aea
GTOP-CF221,RNA-seq,Illumina NovaSeq X,Whole_Blood,fastq,GTOP-CF221-0378_1.fq.gz,7304.8,e9250041-9606-448e-a8d8-89a14cfe3f87
GTOP-CF221,RNA-seq,Illumina NovaSeq X,Whole_Blood,fastq,GTOP-CF221-0378_2.fq.gz,7463.6,06b014ff-080e-4fdc-8c78-e946e59dfd9a
GTOP-CF221,RNA-seq,Illumina NovaSeq X,Liver,fastq,GTOP-CF221-1053_1.fq.gz,7100.2,da00ede6-d377-4c0d-a0e8-ab8006894a0c
GTOP-CF221,RNA-seq,Illumina NovaSeq X,Liver,fastq,GTOP-CF221-1053_2.fq.gz,7103.7,11fdb23c-425d-4249-9cd2-ecb509ee6fbe
GTOP-CF221,RNA-seq,Illumina NovaSeq X,Pancreas_Head,fastq,GTOP-CF221-1108_1.fq.gz,6521.7,5e27ee28-ef9d-46b2-a19c-8ea798d1e3f9
GTOP-CF221,RNA-seq,Illumina NovaSeq X,Pancreas_Head,fastq,GTOP-CF221-1108_2.fq.gz,6560.8,48f0e7f3-4c97-4aed-bee7-b0e488f23e59
GTOP-CF221,RNA-seq,Illumina NovaSeq X,Pancreas_Body,fastq,GTOP-CF221-1236_1.fq.gz,7149.8,511f730d-621f-4316-9d34-608654ff2e1c
GTOP-CF221,RNA-seq,Illumina NovaSeq X,Pancreas_Body,fastq,GTOP-CF221-1236_2.fq.gz,7165.5,f7777ae4-a56c-431b-abc8-c727b1770788
GTOP-CF221,RNA-seq,Illumina NovaSeq X,Pancreas_Tail,fastq,GTOP-CF221-1392_1.fq.gz,6676.6,c6b37b53-78b2-4cd7-a153-faa059f99576
GTOP-CF221,RNA-seq,Illumina NovaSeq X,Pancreas_Tail,fastq,GTOP-CF221-1392_2.fq.gz,6661.3,17bd7701-4b91-434d-973c-01ddfbfbfaa7
GTOP-CF221,RNA-seq,Illumina NovaSeq X,Gallbladder,fastq,GTOP-CF221-1856_1.fq.gz,7077.9,e374d032-52cb-4dda-9790-5b000d757673
GTOP-CF221,RNA-seq,Illumina NovaSeq X,Gallbladder,fastq,GTOP-CF221-1856_2.fq.gz,7093.6,96864999-edbc-464b-b7cb-bab07bb7b6e8
GTOP-CF221,RNA-seq,Illumina NovaSeq X,Adrenal_Gland,fastq,GTOP-CF221-2099_1.fq.gz,6962.9,7af85c1f-861f-4f36-8f2b-4c5a5a476ae9
GTOP-CF221,RNA-seq,Illumina NovaSeq X,Adrenal_Gland,fastq,GTOP-CF221-2099_2.fq.gz,6930.9,8f340ffa-0740-4587-9a23-379eb8ca617c
GTOP-CF221,RNA-seq,Illumina NovaSeq X,Spleen,fastq,GTOP-CF221-3082_1.fq.gz,7067.9,2e99b6f9-c9e3-4dc9-b479-25d2f74d99e3
GTOP-CF221,RNA-seq,Illumina NovaSeq X,Spleen,fastq,GTOP-CF221-3082_2.fq.gz,7144.2,16ce0ba3-8cf3-4cf5-b312-b583885c4516
GTOP-CF241,RNA-seq,Illumina NovaSeq X,Adipose,fastq,GTOP-CF241-0160_1.fq.gz,6938.7,94da7c85-bce6-4702-ba13-b99fe1e20222
GTOP-CF241,RNA-seq,Illumina NovaSeq X,Adipose,fastq,GTOP-CF241-0160_2.fq.gz,6897.1,67488b5e-0f8b-4a15-8b3b-ba94dfdf0915
GTOP-CF241,RNA-seq,Illumina NovaSeq X,Whole_Blood,fastq,GTOP-CF241-0378_1.fq.gz,7127.1,80e443aa-2814-43b6-8b97-2bb07e1cebd8
GTOP-CF241,RNA-seq,Illumina NovaSeq X,Whole_Blood,fastq,GTOP-CF241-0378_2.fq.gz,7291.2,13305a89-07ef-43ae-be1a-b37942855906
GTOP-CF241,RNA-seq,Illumina NovaSeq X,Liver,fastq,GTOP-CF241-1053_1.fq.gz,7243,08ed40d0-2d05-499d-b357-4751d703c28d
GTOP-CF241,RNA-seq,Illumina NovaSeq X,Liver,fastq,GTOP-CF241-1053_2.fq.gz,7223.2,5481290a-5eba-4003-9939-b01df9ddc15d
GTOP-CF241,RNA-seq,Illumina NovaSeq X,Pancreas_Body,fastq,GTOP-CF241-1236_1.fq.gz,7004.3,fa876c1a-76a9-480b-b083-d27869ec3302
GTOP-CF241,RNA-seq,Illumina NovaSeq X,Pancreas_Body,fastq,GTOP-CF241-1236_2.fq.gz,7035,13bc0a43-5cc0-43f3-a835-e1cda56a2ada
GTOP-CF241,RNA-seq,Illumina NovaSeq X,Pancreas_Tail,fastq,GTOP-CF241-1392_1.fq.gz,6897.2,6c0bb4dc-69f9-4c46-8733-d00d702bac83
GTOP-CF241,RNA-seq,Illumina NovaSeq X,Pancreas_Tail,fastq,GTOP-CF241-1392_2.fq.gz,6924.1,e364b28c-c66b-4306-bacc-fb4149cc0b6a
GTOP-CF241,RNA-seq,Illumina NovaSeq X,Gallbladder,fastq,GTOP-CF241-1856_1.fq.gz,7080.9,9ca0e6f5-4e36-482b-9f0a-e515100e3f33
GTOP-CF241,RNA-seq,Illumina NovaSeq X,Gallbladder,fastq,GTOP-CF241-1856_2.fq.gz,7055.4,c5aef31f-1db4-424a-84c0-57d7bab1938d
GTOP-CF241,RNA-seq,Illumina NovaSeq X,Adrenal_Gland,fastq,GTOP-CF241-2099_1.fq.gz,7081.9,83ccd047-9820-4f05-ace6-216ecf92e73f
GTOP-CF241,RNA-seq,Illumina NovaSeq X,Adrenal_Gland,fastq,GTOP-CF241-2099_2.fq.gz,7104.7,de96a1a3-e018-437a-b4db-522d478878e0
GTOP-CF242,RNA-seq,Illumina NovaSeq X,Muscle,fastq,GTOP-CF242-0087_1.fq.gz,6728.9,e47f012a-ead4-4a31-a2f4-dbb0b4f6348e
GTOP-CF242,RNA-seq,Illumina NovaSeq X,Muscle,fastq,GTOP-CF242-0087_2.fq.gz,6710,304ddc0c-d97b-49b3-9814-2b0182672da9
GTOP-CF242,RNA-seq,Illumina NovaSeq X,Adipose,fastq,GTOP-CF242-0160_1.fq.gz,6738.4,71c6643a-edd6-4e44-b12b-a920b3296d3a
GTOP-CF242,RNA-seq,Illumina NovaSeq X,Adipose,fastq,GTOP-CF242-0160_2.fq.gz,6767.9,c3b51f20-2782-412a-b504-315b9e841a07
GTOP-CF242,RNA-seq,Illumina NovaSeq X,Skin,fastq,GTOP-CF242-0262_1.fq.gz,6753.2,782e912b-8535-474e-9297-2e4e2de64c3b
GTOP-CF242,RNA-seq,Illumina NovaSeq X,Skin,fastq,GTOP-CF242-0262_2.fq.gz,6742.4,4d506fa6-3936-47f3-83a0-59db66ad7f92
GTOP-CF242,RNA-seq,Illumina NovaSeq X,Whole_Blood,fastq,GTOP-CF242-0378_1.fq.gz,7779,80eec673-c8b3-416c-b02f-7c32b0e87094
GTOP-CF242,RNA-seq,Illumina NovaSeq X,Whole_Blood,fastq,GTOP-CF242-0378_2.fq.gz,7873.5,1529f6cd-7d0e-44a0-addf-6dd101f44c63
GTOP-CF242,RNA-seq,Illumina NovaSeq X,Liver,fastq,GTOP-CF242-1053_1.fq.gz,5844.4,4531cd91-b78f-4eb9-94c5-71c71682d8d5
GTOP-CF242,RNA-seq,Illumina NovaSeq X,Liver,fastq,GTOP-CF242-1053_2.fq.gz,5912.2,e9751602-862f-49eb-8a33-079c1c94dafc
GTOP-CF242,RNA-seq,Illumina NovaSeq X,Pancreas_Head,fastq,GTOP-CF242-1108_1.fq.gz,6618.9,b604be7b-a05c-4050-b168-a3acf88644fc
GTOP-CF242,RNA-seq,Illumina NovaSeq X,Pancreas_Head,fastq,GTOP-CF242-1108_2.fq.gz,6731.2,5bdf28a1-450f-4b96-ad07-42ef3c056f9a
GTOP-CF242,RNA-seq,Illumina NovaSeq X,Pancreas_Body,fastq,GTOP-CF242-1236_1.fq.gz,6881.8,990032a2-07e6-43f1-9080-fc7abc45896c
GTOP-CF242,RNA-seq,Illumina NovaSeq X,Pancreas_Body,fastq,GTOP-CF242-1236_2.fq.gz,6979.7,dcd19571-34e5-46e4-b7f0-06d67090f54f
GTOP-CF242,RNA-seq,Illumina NovaSeq X,Pancreas_Tail,fastq,GTOP-CF242-1392_1.fq.gz,6740.2,7c9e19eb-2569-45a9-9f27-3c6e1df45b9e
GTOP-CF242,RNA-seq,Illumina NovaSeq X,Pancreas_Tail,fastq,GTOP-CF242-1392_2.fq.gz,6822.6,90472c0d-60e5-489e-8136-1f0a05fb8e27
GTOP-CF242,RNA-seq,Illumina NovaSeq X,Gallbladder,fastq,GTOP-CF242-1856_1.fq.gz,7193,17bf0650-8411-4bd0-9dba-975a91038ac6
GTOP-CF242,RNA-seq,Illumina NovaSeq X,Gallbladder,fastq,GTOP-CF242-1856_2.fq.gz,7238.8,864f4487-6144-4be2-a310-54dc5885a3df
GTOP-CF242,RNA-seq,Illumina NovaSeq X,Adrenal_Gland,fastq,GTOP-CF242-2099_1.fq.gz,6911.7,c5ad0f20-45d6-4d7f-add5-a0de3bc33245
GTOP-CF242,RNA-seq,Illumina NovaSeq X,Adrenal_Gland,fastq,GTOP-CF242-2099_2.fq.gz,6931,3999147b-8abe-4b57-859c-09a90aff6e1b
GTOP-CF242,RNA-seq,Illumina NovaSeq X,Spleen,fastq,GTOP-CF242-3082_1.fq.gz,6953.5,0bc22768-45e5-49f9-a090-a148f7ece5de
GTOP-CF242,RNA-seq,Illumina NovaSeq X,Spleen,fastq,GTOP-CF242-3082_2.fq.gz,7016.3,34afbb46-c9bc-4672-aea1-c43a818ffb1a
GTOP-CF301,RNA-seq,Illumina NovaSeq X,Muscle,fastq,GTOP-CF301-0087_1.fq.gz,6626.6,405a20b9-d235-4e44-a3be-5f94980def6c
GTOP-CF301,RNA-seq,Illumina NovaSeq X,Muscle,fastq,GTOP-CF301-0087_2.fq.gz,6649.8,65286b41-015f-47ff-9cc6-c52187bcc28a
GTOP-CF301,RNA-seq,Illumina NovaSeq X,Adipose,fastq,GTOP-CF301-0160_1.fq.gz,6021.3,d6105007-b0e8-4cf4-95fa-275bb018a22d
GTOP-CF301,RNA-seq,Illumina NovaSeq X,Adipose,fastq,GTOP-CF301-0160_2.fq.gz,6118.4,52e3df55-90dc-4683-bcfa-076a3352077a
GTOP-CF301,RNA-seq,Illumina NovaSeq X,Skin,fastq,GTOP-CF301-0262_1.fq.gz,6395.5,ed0b7ae7-2c89-4ae0-9df0-6983aa7e5589
GTOP-CF301,RNA-seq,Illumina NovaSeq X,Skin,fastq,GTOP-CF301-0262_2.fq.gz,6402.8,1b29ed84-45e7-4c3e-9097-27f322b4a76d
GTOP-CF301,RNA-seq,Illumina NovaSeq X,Whole_Blood,fastq,GTOP-CF301-0378_1.fq.gz,7283,681a3eb6-86df-42fd-b2d1-7cd2c6f852b6
GTOP-CF301,RNA-seq,Illumina NovaSeq X,Whole_Blood,fastq,GTOP-CF301-0378_2.fq.gz,7423.2,b6e426b4-78e9-43cf-9f8c-5aec4f903d34
GTOP-CF301,RNA-seq,Illumina NovaSeq X,Liver,fastq,GTOP-CF301-1053_1.fq.gz,5794.3,b0517253-cb33-4184-baea-4885d1a5840d
GTOP-CF301,RNA-seq,Illumina NovaSeq X,Liver,fastq,GTOP-CF301-1053_2.fq.gz,5858.4,5b41ac2a-521e-4670-aa0a-98b87d89cc11
GTOP-CF301,RNA-seq,Illumina NovaSeq X,Pancreas_Body,fastq,GTOP-CF301-1236_1.fq.gz,7665.5,eec56d40-e57a-4e41-a8cc-c651da0f342f
GTOP-CF301,RNA-seq,Illumina NovaSeq X,Pancreas_Body,fastq,GTOP-CF301-1236_2.fq.gz,7771.7,bf470e6a-eb5d-4f9a-8f65-4efcb70a662e
GTOP-CF301,RNA-seq,Illumina NovaSeq X,Pancreas_Tail,fastq,GTOP-CF301-1392_1.fq.gz,8290,109595fe-ed61-4e9c-9687-cb18505ffe6c
GTOP-CF301,RNA-seq,Illumina NovaSeq X,Pancreas_Tail,fastq,GTOP-CF301-1392_2.fq.gz,8408.2,9a1732cf-fd31-4c1e-90a8-9f712257d987
GTOP-CF301,RNA-seq,Illumina NovaSeq X,Gallbladder,fastq,GTOP-CF301-1856_1.fq.gz,6435.3,121e4905-1cf6-4435-9eeb-25a41f393f7d
GTOP-CF301,RNA-seq,Illumina NovaSeq X,Gallbladder,fastq,GTOP-CF301-1856_2.fq.gz,6514.2,0652915a-c599-4493-ac94-59bc813714de
GTOP-CF301,RNA-seq,Illumina NovaSeq X,Adrenal_Gland,fastq,GTOP-CF301-2099_1.fq.gz,7026.5,38a7df07-20f3-4a40-8b7a-bd648b7a8bab
GTOP-CF301,RNA-seq,Illumina NovaSeq X,Adrenal_Gland,fastq,GTOP-CF301-2099_2.fq.gz,7084.4,72f487ea-a599-492c-a69c-a8242b987ce1
GTOP-CF301,RNA-seq,Illumina NovaSeq X,Spleen,fastq,GTOP-CF301-3082_1.fq.gz,6449.5,2f0a8e18-434f-4025-b5d2-d260c3f0d088
GTOP-CF301,RNA-seq,Illumina NovaSeq X,Spleen,fastq,GTOP-CF301-3082_2.fq.gz,6515.8,44d97884-b38a-4239-a890-ec10ffbf4caa
GTOP-CF301,RNA-seq,Illumina NovaSeq X,Abdominal_aorta,fastq,GTOP-CF301-4151_1.fq.gz,6379.1,cf1e6395-3481-4930-ae2f-12ff892cc13a
GTOP-CF301,RNA-seq,Illumina NovaSeq X,Abdominal_aorta,fastq,GTOP-CF301-4151_2.fq.gz,6458.6,9aac88eb-baad-4a6b-abb6-ea4dbae203ea
GTOP-CG041,RNA-seq,Illumina NovaSeq X,Muscle,fastq,GTOP-CG041-0087_1.fq.gz,5302,e94d32fe-b262-435c-9b00-95e8cff03867
GTOP-CG041,RNA-seq,Illumina NovaSeq X,Muscle,fastq,GTOP-CG041-0087_2.fq.gz,5357.5,a4d77b2b-8813-47f3-a7f0-854d02726472
GTOP-CG041,RNA-seq,Illumina NovaSeq X,Adipose,fastq,GTOP-CG041-0160_1.fq.gz,6604.4,c485d431-531e-46bc-ac20-45acd561f116
GTOP-CG041,RNA-seq,Illumina NovaSeq X,Adipose,fastq,GTOP-CG041-0160_2.fq.gz,6694.6,3359a9e2-b737-48f1-8d3e-dde8fd7c1c0d
GTOP-CG041,RNA-seq,Illumina NovaSeq X,Whole_Blood,fastq,GTOP-CG041-0378_1.fq.gz,6848.4,f44890a2-9118-4066-998b-74ac3b89bd96
GTOP-CG041,RNA-seq,Illumina NovaSeq X,Whole_Blood,fastq,GTOP-CG041-0378_2.fq.gz,6968.3,51730d92-6c24-4e42-bf1d-5e65cc9f0e68
GTOP-CG041,RNA-seq,Illumina NovaSeq X,Liver,fastq,GTOP-CG041-1053_1.fq.gz,6238.4,3e543ef0-e58e-4840-a846-11bcb733ae8f
GTOP-CG041,RNA-seq,Illumina NovaSeq X,Liver,fastq,GTOP-CG041-1053_2.fq.gz,6304.8,00c5036d-d938-4e01-a5c4-40e368ea582c
GTOP-CG041,RNA-seq,Illumina NovaSeq X,Pancreas_Tail,fastq,GTOP-CG041-1392_1.fq.gz,10062.5,545407ca-7c1f-47ac-9ccf-16473f0f6fec
GTOP-CG041,RNA-seq,Illumina NovaSeq X,Pancreas_Tail,fastq,GTOP-CG041-1392_2.fq.gz,10313,c85a8b32-a933-4ed7-ab6b-fd769ac7a32b
GTOP-CG041,RNA-seq,Illumina NovaSeq X,Adrenal_Gland,fastq,GTOP-CG041-2099_1.fq.gz,7353.8,5ce25111-7687-4715-a034-5b91dd4edfff
GTOP-CG041,RNA-seq,Illumina NovaSeq X,Adrenal_Gland,fastq,GTOP-CG041-2099_2.fq.gz,7427.4,6d7ebbf6-92ce-4fd7-8120-928f641a0728
GTOP-CG041,RNA-seq,Illumina NovaSeq X,Spleen,fastq,GTOP-CG041-3082_1.fq.gz,6433.8,aeb15fc0-e24b-4b6a-a90b-3ef76fe7030e
GTOP-CG041,RNA-seq,Illumina NovaSeq X,Spleen,fastq,GTOP-CG041-3082_2.fq.gz,6541.4,c2c5e33d-f4f1-47e3-b6d8-536b47643312
GTOP-CG041,RNA-seq,Illumina NovaSeq X,Heart_Left_Ventricle,fastq,GTOP-CG041-4002_1.fq.gz,7862.8,8c1a232b-fedc-4604-8ec7-46baffbcbe73
GTOP-CG041,RNA-seq,Illumina NovaSeq X,Heart_Left_Ventricle,fastq,GTOP-CG041-4002_2.fq.gz,7933.1,16971b21-e3b9-4326-a883-33fbd419b89d
GTOP-CG041,RNA-seq,Illumina NovaSeq X,Heart_Right_Ventricle,fastq,GTOP-CG041-4003_1.fq.gz,7677.2,2a4e70b9-5601-403e-a425-b35253416b66
GTOP-CG041,RNA-seq,Illumina NovaSeq X,Heart_Right_Ventricle,fastq,GTOP-CG041-4003_2.fq.gz,7727.1,637c1153-5fcd-47d6-af5b-d0cac221b11f
GTOP-CG041,RNA-seq,Illumina NovaSeq X,Heart_Right_Atrium,fastq,GTOP-CG041-4018_1.fq.gz,8802.7,c2c7a50d-053b-46bb-943b-d8673c995e82
GTOP-CG041,RNA-seq,Illumina NovaSeq X,Heart_Right_Atrium,fastq,GTOP-CG041-4018_2.fq.gz,8963.9,7c55801d-97bc-4e83-8147-179b82650034
GTOP-CG041,RNA-seq,Illumina NovaSeq X,Heart_Left_Atrium,fastq,GTOP-CG041-4019_1.fq.gz,5703.9,201d59e2-2a6b-4528-b82d-e7ef011f2960
GTOP-CG041,RNA-seq,Illumina NovaSeq X,Heart_Left_Atrium,fastq,GTOP-CG041-4019_2.fq.gz,5732.8,649d7b33-3062-473a-a6e1-8dfd069e9439
GTOP-CG041,RNA-seq,Illumina NovaSeq X,Heart_Mitral_Valve,fastq,GTOP-CG041-4022_1.fq.gz,7223.4,214f0576-4160-4a03-aa72-1c3839b925f0
GTOP-CG041,RNA-seq,Illumina NovaSeq X,Heart_Mitral_Valve,fastq,GTOP-CG041-4022_2.fq.gz,7313.4,8035d203-b6d2-46d7-be1a-080bc0e0b39f
GTOP-CG041,RNA-seq,Illumina NovaSeq X,Heart_Tricuspid_Valve,fastq,GTOP-CG041-4023_1.fq.gz,8362.2,966f75a1-68d4-45a6-931b-647ac63bf9cb
GTOP-CG041,RNA-seq,Illumina NovaSeq X,Heart_Tricuspid_Valve,fastq,GTOP-CG041-4023_2.fq.gz,8423.3,e0d01875-fc56-4a7f-afd4-8e6d8ee7c12b
GTOP-CG041,RNA-seq,Illumina NovaSeq X,Lung_Base,fastq,GTOP-CG041-5032_1.fq.gz,7559.3,ae12cc81-ccde-4036-82bf-a167273d0796
GTOP-CG041,RNA-seq,Illumina NovaSeq X,Lung_Base,fastq,GTOP-CG041-5032_2.fq.gz,7671.2,99033a15-23e8-4714-9b33-a9574b5f293c
GTOP-CG041,RNA-seq,Illumina NovaSeq X,Lung_Apex,fastq,GTOP-CG041-5156_1.fq.gz,6764.9,14361cb9-b04f-407e-a231-04a5faa17e7c
GTOP-CG041,RNA-seq,Illumina NovaSeq X,Lung_Apex,fastq,GTOP-CG041-5156_2.fq.gz,6851.6,90ed1188-2463-4cf7-ae56-c67e6dda97b0
GTOP-CG041,RNA-seq,Illumina NovaSeq X,Prostate,fastq,GTOP-CG041-6145_1.fq.gz,6262.2,112051c4-0653-4e57-ae91-2e916051e3ce
GTOP-CG041,RNA-seq,Illumina NovaSeq X,Prostate,fastq,GTOP-CG041-6145_2.fq.gz,6299.4,03ab59a7-4a14-44f9-8ebe-bd15543675ce
GTOP-CG061,RNA-seq,Illumina NovaSeq X,Adipose,fastq,GTOP-CG061-0160_1.fq.gz,6493.9,4f044bf8-f502-47c4-9d31-e576adde9bf6
GTOP-CG061,RNA-seq,Illumina NovaSeq X,Adipose,fastq,GTOP-CG061-0160_2.fq.gz,6542.9,7a3c2791-7170-4703-a7a8-7b6fcabf46ef
GTOP-CG061,RNA-seq,Illumina NovaSeq X,Whole_Blood,fastq,GTOP-CG061-0378_1.fq.gz,6722.4,faa8a5e0-ec9c-4a84-ac0f-30506ef09f21
GTOP-CG061,RNA-seq,Illumina NovaSeq X,Whole_Blood,fastq,GTOP-CG061-0378_2.fq.gz,6906.2,2adefeeb-c911-4183-9c7a-79caa73984e7
GTOP-CG061,RNA-seq,Illumina NovaSeq X,Liver,fastq,GTOP-CG061-1053_1.fq.gz,5989.4,fe0a2cad-a5f5-4c16-8760-37f461f76a44
GTOP-CG061,RNA-seq,Illumina NovaSeq X,Liver,fastq,GTOP-CG061-1053_2.fq.gz,6019.9,5b342ba5-6305-4de7-98b2-f5b9b532401e
GTOP-CG061,RNA-seq,Illumina NovaSeq X,Pancreas_Head,fastq,GTOP-CG061-1108_1.fq.gz,7312.9,3ad88070-9978-4983-8063-a3602a024430
GTOP-CG061,RNA-seq,Illumina NovaSeq X,Pancreas_Head,fastq,GTOP-CG061-1108_2.fq.gz,7388.9,2037678d-6542-4d29-aad4-8fda008e5753
GTOP-CG061,RNA-seq,Illumina NovaSeq X,Pancreas_Body,fastq,GTOP-CG061-1236_1.fq.gz,6369.7,61c4c5f8-c60f-474d-b9af-a8cd4124c10e
GTOP-CG061,RNA-seq,Illumina NovaSeq X,Pancreas_Body,fastq,GTOP-CG061-1236_2.fq.gz,6455.2,29b47dd5-28c4-415e-aac1-88e51b583e41
GTOP-CG061,RNA-seq,Illumina NovaSeq X,Pancreas_Tail,fastq,GTOP-CG061-1392_1.fq.gz,7609.7,5d2a872b-d9fb-49a7-94c3-ef18fc5cea06
GTOP-CG061,RNA-seq,Illumina NovaSeq X,Pancreas_Tail,fastq,GTOP-CG061-1392_2.fq.gz,7670.2,9c944409-f149-4123-b1b5-36534062327c
GTOP-CG061,RNA-seq,Illumina NovaSeq X,Gallbladder,fastq,GTOP-CG061-1856_1.fq.gz,6803.4,b66eb45b-bdfc-4c5b-a63f-4b3adbbdb47f
GTOP-CG061,RNA-seq,Illumina NovaSeq X,Gallbladder,fastq,GTOP-CG061-1856_2.fq.gz,6865.3,4b0172e5-98e8-4918-a1a5-f3abc1169581
GTOP-CG061,RNA-seq,Illumina NovaSeq X,Adrenal_Gland,fastq,GTOP-CG061-2099_1.fq.gz,7467.4,2ad29ea8-c8d6-427b-b62c-8b58d01bff9b
GTOP-CG061,RNA-seq,Illumina NovaSeq X,Adrenal_Gland,fastq,GTOP-CG061-2099_2.fq.gz,7548.7,b14572d0-2402-44d9-89f6-0d863321f5fa
GTOP-CG071,RNA-seq,Illumina NovaSeq X,Muscle,fastq,GTOP-CG071-0087_1.fq.gz,6569.9,f9ca294a-ddf7-4499-b65e-b9739e0314f6
GTOP-CG071,RNA-seq,Illumina NovaSeq X,Muscle,fastq,GTOP-CG071-0087_2.fq.gz,6626.5,eb04c4c7-51c1-47ff-906e-ad57ffa14d8c
GTOP-CG071,RNA-seq,Illumina NovaSeq X,Adipose,fastq,GTOP-CG071-0160_1.fq.gz,7394.4,2431181d-f854-4455-b3cb-d4ba8fc3c9f8
GTOP-CG071,RNA-seq,Illumina NovaSeq X,Adipose,fastq,GTOP-CG071-0160_2.fq.gz,7475,ce0fdb99-e089-4954-89c0-bcc74b5bfecb
GTOP-CG071,RNA-seq,Illumina NovaSeq X,Whole_Blood,fastq,GTOP-CG071-0378_1.fq.gz,6497.4,1353ac18-274a-42be-bab4-00f736b720c1
GTOP-CG071,RNA-seq,Illumina NovaSeq X,Whole_Blood,fastq,GTOP-CG071-0378_2.fq.gz,6659.6,675e857d-e09c-478b-81a6-58e9b05cf182
GTOP-CG071,RNA-seq,Illumina NovaSeq X,Liver,fastq,GTOP-CG071-1053_1.fq.gz,5908.9,234f980f-5cc8-404e-81ec-3934f4eab980
GTOP-CG071,RNA-seq,Illumina NovaSeq X,Liver,fastq,GTOP-CG071-1053_2.fq.gz,5961.1,b0818446-d797-4751-be1f-577623cfeb70
GTOP-CG071,RNA-seq,Illumina NovaSeq X,Pancreas_Head,fastq,GTOP-CG071-1108_1.fq.gz,6611.6,fc145cea-460e-496c-bfec-17ba8920da99
GTOP-CG071,RNA-seq,Illumina NovaSeq X,Pancreas_Head,fastq,GTOP-CG071-1108_2.fq.gz,6649.7,fe87b1a5-bd42-402e-8dae-2aaa211027e7
GTOP-CG071,RNA-seq,Illumina NovaSeq X,Pancreas_Body,fastq,GTOP-CG071-1236_1.fq.gz,7398,3173422d-9e03-4993-b096-2a0cc65f8d8c
GTOP-CG071,RNA-seq,Illumina NovaSeq X,Pancreas_Body,fastq,GTOP-CG071-1236_2.fq.gz,7509.8,74d5debe-a641-4fa3-ae60-d344307ca46f
GTOP-CG071,RNA-seq,Illumina NovaSeq X,Pancreas_Tail,fastq,GTOP-CG071-1392_1.fq.gz,5916.3,d1433144-8063-4a48-81fc-87340bea2342
GTOP-CG071,RNA-seq,Illumina NovaSeq X,Pancreas_Tail,fastq,GTOP-CG071-1392_2.fq.gz,5922.2,789df030-8d17-4303-a771-80405e7d7ac2
GTOP-CG071,RNA-seq,Illumina NovaSeq X,Stomach,fastq,GTOP-CG071-1601_1.fq.gz,5766.7,eb82e7dd-607c-49e9-ac06-bcf48fd3a371
GTOP-CG071,RNA-seq,Illumina NovaSeq X,Stomach,fastq,GTOP-CG071-1601_2.fq.gz,5777.1,51f5d68d-76c1-4375-9107-fb23da584aed
GTOP-CG071,RNA-seq,Illumina NovaSeq X,Gallbladder,fastq,GTOP-CG071-1856_1.fq.gz,5814.5,ef969fa0-8ec0-44d8-943d-e9c83ad8da17
GTOP-CG071,RNA-seq,Illumina NovaSeq X,Gallbladder,fastq,GTOP-CG071-1856_2.fq.gz,5825.1,d2dfe25a-f32c-4646-a710-9a08f780e843
GTOP-CG071,RNA-seq,Illumina NovaSeq X,Adrenal_Gland,fastq,GTOP-CG071-2099_1.fq.gz,6953.2,9c84c937-d3a7-4300-9671-bd158bf1572e
GTOP-CG071,RNA-seq,Illumina NovaSeq X,Adrenal_Gland,fastq,GTOP-CG071-2099_2.fq.gz,6932.8,48dc7ce1-2777-4a97-ac83-db5c2d0c2912
GTOP-CG071,RNA-seq,Illumina NovaSeq X,Heart_Left_Ventricle,fastq,GTOP-CG071-4002_1.fq.gz,8795.3,2c18d033-9a52-4a7d-98b6-336b583c98a4
GTOP-CG071,RNA-seq,Illumina NovaSeq X,Heart_Left_Ventricle,fastq,GTOP-CG071-4002_2.fq.gz,8831.4,424cecfb-58dd-4f78-935b-c67d7d6f51db
GTOP-CG071,RNA-seq,Illumina NovaSeq X,Heart_Right_Ventricle,fastq,GTOP-CG071-4003_1.fq.gz,6802.9,9df8d37f-a2c0-469b-8e0d-4c0ce466d85d
GTOP-CG071,RNA-seq,Illumina NovaSeq X,Heart_Right_Ventricle,fastq,GTOP-CG071-4003_2.fq.gz,6863.8,b2a67b57-267d-49f5-a207-7c3a04a00998
GTOP-CG071,RNA-seq,Illumina NovaSeq X,Heart_Right_Atrium,fastq,GTOP-CG071-4018_1.fq.gz,7017.2,b8dc286b-01c0-4e98-a13f-2030dc84360b
GTOP-CG071,RNA-seq,Illumina NovaSeq X,Heart_Right_Atrium,fastq,GTOP-CG071-4018_2.fq.gz,7065.2,cd2d6433-9d3a-422d-ab1e-ce79eaf15969
GTOP-CG071,RNA-seq,Illumina NovaSeq X,Heart_Left_Atrium,fastq,GTOP-CG071-4019_1.fq.gz,5759.2,9307e793-63b6-44e4-9ba7-121cf918a908
GTOP-CG071,RNA-seq,Illumina NovaSeq X,Heart_Left_Atrium,fastq,GTOP-CG071-4019_2.fq.gz,5754.3,3af869f4-dc41-43f4-a33c-1fd1b36a2f10
GTOP-CG071,RNA-seq,Illumina NovaSeq X,Heart_Mitral_Valve,fastq,GTOP-CG071-4022_1.fq.gz,7078.1,9048a115-7ec3-49bc-928a-50b4236b92f2
GTOP-CG071,RNA-seq,Illumina NovaSeq X,Heart_Mitral_Valve,fastq,GTOP-CG071-4022_2.fq.gz,7171.6,4009744e-f8df-49b8-8f22-fdf68a345db3
GTOP-CG071,RNA-seq,Illumina NovaSeq X,Heart_Tricuspid_Valve,fastq,GTOP-CG071-4023_1.fq.gz,5619.3,b42fa72b-74f5-40c7-8484-77dc0ee53c04
GTOP-CG071,RNA-seq,Illumina NovaSeq X,Heart_Tricuspid_Valve,fastq,GTOP-CG071-4023_2.fq.gz,5578.9,4ac55d56-6afb-4190-9b0d-8319d2f8315f
GTOP-CG071,RNA-seq,Illumina NovaSeq X,Prostate,fastq,GTOP-CG071-6145_1.fq.gz,7783.7,5bb000d5-8fe0-414c-a51e-787497a6dd20
GTOP-CG071,RNA-seq,Illumina NovaSeq X,Prostate,fastq,GTOP-CG071-6145_2.fq.gz,7819,a43c5839-139f-4a61-ae95-08fab0e279fa
GTOP-CG071,RNA-seq,Illumina NovaSeq X,Skin,fastq,GTOP-CG071-0262_1.fq.gz,6705.1,32395719-7199-46b0-a77f-0d98c7036b0d
GTOP-CG071,RNA-seq,Illumina NovaSeq X,Skin,fastq,GTOP-CG071-0262_2.fq.gz,6781.1,b567e65c-e8e2-4845-bdd8-0d52ed556e1f
GTOP-CG091,RNA-seq,Illumina NovaSeq X,Muscle,fastq,GTOP-CG091-0087_1.fq.gz,5751,f9125f82-d695-4acc-a9ee-f02c91cfbbce
GTOP-CG091,RNA-seq,Illumina NovaSeq X,Muscle,fastq,GTOP-CG091-0087_2.fq.gz,5777.9,0299531d-bfc2-468f-9463-0b53226848e5
GTOP-CG091,RNA-seq,Illumina NovaSeq X,Adipose,fastq,GTOP-CG091-0160_1.fq.gz,6650.7,944f87cd-ccac-4982-b6b1-3d36fec3e23e
GTOP-CG091,RNA-seq,Illumina NovaSeq X,Adipose,fastq,GTOP-CG091-0160_2.fq.gz,6669.1,ea197d0d-b0a5-4b01-be14-d5adafce938b
GTOP-CG091,RNA-seq,Illumina NovaSeq X,Skin,fastq,GTOP-CG091-0262_1.fq.gz,5730.7,d03118f0-a0d3-4f91-ab92-c4645fc3a630
GTOP-CG091,RNA-seq,Illumina NovaSeq X,Skin,fastq,GTOP-CG091-0262_2.fq.gz,5708.6,d106fc3f-aeea-487e-be6b-9d146a17edbd
GTOP-CG091,RNA-seq,Illumina NovaSeq X,Whole_Blood,fastq,GTOP-CG091-0378_1.fq.gz,7206.1,6362770e-3417-4788-a83e-9e266b9cb465
GTOP-CG091,RNA-seq,Illumina NovaSeq X,Whole_Blood,fastq,GTOP-CG091-0378_2.fq.gz,7330.3,ef6896a2-e05f-457f-a30a-753a97bef8bb
GTOP-CG091,RNA-seq,Illumina NovaSeq X,Liver,fastq,GTOP-CG091-1053_1.fq.gz,5750.9,90ecacbf-5141-42b3-a4ed-03135cb2b18e
GTOP-CG091,RNA-seq,Illumina NovaSeq X,Liver,fastq,GTOP-CG091-1053_2.fq.gz,5793.5,3dc4f57b-f3f9-4e49-aeb1-5252ad96d53d
GTOP-CG091,RNA-seq,Illumina NovaSeq X,Pancreas_Head,fastq,GTOP-CG091-1108_1.fq.gz,6227.2,14d98255-4b4b-4efd-9189-b5b671de822b
GTOP-CG091,RNA-seq,Illumina NovaSeq X,Pancreas_Head,fastq,GTOP-CG091-1108_2.fq.gz,6215.9,1ba326d8-1f51-4585-af6b-f08d5d474952
GTOP-CG091,RNA-seq,Illumina NovaSeq X,Pancreas_Tail,fastq,GTOP-CG091-1392_1.fq.gz,14065.5,1aba4ff1-a20e-439a-9506-b46ba6f78e59
GTOP-CG091,RNA-seq,Illumina NovaSeq X,Pancreas_Tail,fastq,GTOP-CG091-1392_2.fq.gz,14177.3,92603dcb-8074-40b5-8610-fe386d8eadfa
GTOP-CG091,RNA-seq,Illumina NovaSeq X,Adrenal_Gland,fastq,GTOP-CG091-2099_1.fq.gz,6441.5,3d4c4468-0be1-464c-ba58-1053b4c40cdb
GTOP-CG091,RNA-seq,Illumina NovaSeq X,Adrenal_Gland,fastq,GTOP-CG091-2099_2.fq.gz,6534.1,4e578071-60df-4aa9-b861-28feb9e4b513
GTOP-CG091,RNA-seq,Illumina NovaSeq X,Spleen,fastq,GTOP-CG091-3082_1.fq.gz,13443.1,db01e2ba-72ce-480c-9d95-e802bbabaa40
GTOP-CG091,RNA-seq,Illumina NovaSeq X,Spleen,fastq,GTOP-CG091-3082_2.fq.gz,13616.6,5c7517e6-2365-40b3-89a4-b5e354968fcf
GTOP-CG111,RNA-seq,Illumina NovaSeq X,Adipose,fastq,GTOP-CG111-0160_1.fq.gz,5981,86285091-501e-4144-99f3-47d053776cd5
GTOP-CG111,RNA-seq,Illumina NovaSeq X,Adipose,fastq,GTOP-CG111-0160_2.fq.gz,6051.7,a17adfed-4eb6-4b33-bfda-ecfb691de81e
GTOP-CG111,RNA-seq,Illumina NovaSeq X,Whole_Blood,fastq,GTOP-CG111-0378_1.fq.gz,7865.1,8ced877f-9fa6-4acc-b041-7439b7d07db3
GTOP-CG111,RNA-seq,Illumina NovaSeq X,Whole_Blood,fastq,GTOP-CG111-0378_2.fq.gz,7983.3,b0bbc404-de71-4080-b14f-0003bf42ff87
GTOP-CG111,RNA-seq,Illumina NovaSeq X,Liver,fastq,GTOP-CG111-1053_1.fq.gz,5867.7,7cdd63a6-b649-41fb-80f7-50aa504849f5
GTOP-CG111,RNA-seq,Illumina NovaSeq X,Liver,fastq,GTOP-CG111-1053_2.fq.gz,5967.6,a4433c4d-ceec-4e69-b532-e9bd02c104d4
GTOP-CG111,RNA-seq,Illumina NovaSeq X,Pancreas_Head,fastq,GTOP-CG111-1108_1.fq.gz,6107.3,70640057-af35-4910-9353-028ca13a62cc
GTOP-CG111,RNA-seq,Illumina NovaSeq X,Pancreas_Head,fastq,GTOP-CG111-1108_2.fq.gz,6165.3,e74ab64e-445e-423c-b142-ceb6889b0321
GTOP-CG111,RNA-seq,Illumina NovaSeq X,Pancreas_Body,fastq,GTOP-CG111-1236_1.fq.gz,5911.9,31f03f92-fcec-4ca2-8496-653af8bfb9d4
GTOP-CG111,RNA-seq,Illumina NovaSeq X,Pancreas_Body,fastq,GTOP-CG111-1236_2.fq.gz,5980.9,42bcf891-8359-4a3c-9a1d-2d5919d91e64
GTOP-CG111,RNA-seq,Illumina NovaSeq X,Pancreas_Tail,fastq,GTOP-CG111-1392_1.fq.gz,7894.5,e79ad705-2c19-406f-827d-6e4d14c83a6e
GTOP-CG111,RNA-seq,Illumina NovaSeq X,Pancreas_Tail,fastq,GTOP-CG111-1392_2.fq.gz,7996.1,a0eaf539-7188-4db9-a773-61d68f472070
GTOP-CG111,RNA-seq,Illumina NovaSeq X,Gallbladder,fastq,GTOP-CG111-1856_1.fq.gz,6706.4,168f432d-e572-4e48-90c7-00c95a7c7401
GTOP-CG111,RNA-seq,Illumina NovaSeq X,Gallbladder,fastq,GTOP-CG111-1856_2.fq.gz,6654.4,9f73e08c-1272-485e-bebb-ceb92b45a66c
GTOP-CG111,RNA-seq,Illumina NovaSeq X,Adrenal_Gland,fastq,GTOP-CG111-2099_1.fq.gz,6754.1,2809fbd9-023a-4826-8ea0-1f2d463df042
GTOP-CG111,RNA-seq,Illumina NovaSeq X,Adrenal_Gland,fastq,GTOP-CG111-2099_2.fq.gz,6727.6,b1604ea8-ddeb-40aa-8367-15c3f0dcd52e
GTOP-CG171,RNA-seq,Illumina NovaSeq X,Muscle,fastq,GTOP-CG171-0087_1.fq.gz,6710.8,8e48b23a-182e-400b-8b6d-1a1745fe266e
GTOP-CG171,RNA-seq,Illumina NovaSeq X,Muscle,fastq,GTOP-CG171-0087_2.fq.gz,6720.5,c81e7d44-77b0-44ba-bc08-4277ed0b3b0a
GTOP-CG171,RNA-seq,Illumina NovaSeq X,Adipose,fastq,GTOP-CG171-0160_1.fq.gz,6821.4,e669143b-f460-4948-95c0-05c0c2061f7e
GTOP-CG171,RNA-seq,Illumina NovaSeq X,Adipose,fastq,GTOP-CG171-0160_2.fq.gz,6781.9,3585f891-6d18-45b3-b1b8-717d926a23ae
GTOP-CG171,RNA-seq,Illumina NovaSeq X,Skin,fastq,GTOP-CG171-0262_1.fq.gz,6683,6ec044e5-e176-48ad-88f6-926b1d931680
GTOP-CG171,RNA-seq,Illumina NovaSeq X,Skin,fastq,GTOP-CG171-0262_2.fq.gz,6659.5,fa57f1db-e36d-47a8-9c3a-33258b271ed8
GTOP-CG171,RNA-seq,Illumina NovaSeq X,Whole_Blood,fastq,GTOP-CG171-0378_1.fq.gz,6864.6,7500492a-41d5-4387-9009-b0050f0946f6
GTOP-CG171,RNA-seq,Illumina NovaSeq X,Whole_Blood,fastq,GTOP-CG171-0378_2.fq.gz,7000.9,c83751a9-b119-49cf-acb6-71d0ded06c46
GTOP-CG171,RNA-seq,Illumina NovaSeq X,Liver,fastq,GTOP-CG171-1053_1.fq.gz,6950.1,00521932-5f48-4664-bd7c-06b6ff5c92ac
GTOP-CG171,RNA-seq,Illumina NovaSeq X,Liver,fastq,GTOP-CG171-1053_2.fq.gz,6961.5,c898d610-e595-4a0b-9dde-886c26232798
GTOP-CG171,RNA-seq,Illumina NovaSeq X,Pancreas_Head,fastq,GTOP-CG171-1108_1.fq.gz,6904.2,36697f62-5983-4d45-82da-1a92d18ba5c3
GTOP-CG171,RNA-seq,Illumina NovaSeq X,Pancreas_Head,fastq,GTOP-CG171-1108_2.fq.gz,6900.2,adfd36a0-9040-4046-a6b0-ff153374b36c
GTOP-CG171,RNA-seq,Illumina NovaSeq X,Pancreas_Body,fastq,GTOP-CG171-1236_1.fq.gz,6646.4,41c156dd-568a-41ae-b20d-88543577a37c
GTOP-CG171,RNA-seq,Illumina NovaSeq X,Pancreas_Body,fastq,GTOP-CG171-1236_2.fq.gz,6654.2,d8165ddb-a8b6-4499-a5fe-58e9a5ddd03f
GTOP-CG171,RNA-seq,Illumina NovaSeq X,Pancreas_Tail,fastq,GTOP-CG171-1392_1.fq.gz,6749.7,459fdebc-1c0c-4e1a-8d77-d5d16b133f2d
GTOP-CG171,RNA-seq,Illumina NovaSeq X,Pancreas_Tail,fastq,GTOP-CG171-1392_2.fq.gz,6824.9,b7bcfd60-6824-42d0-8036-dada1e35c164
GTOP-CG171,RNA-seq,Illumina NovaSeq X,Stomach,fastq,GTOP-CG171-1601_1.fq.gz,6467.4,b3c0f643-963d-4e3d-abad-e4082b7300b6
GTOP-CG171,RNA-seq,Illumina NovaSeq X,Stomach,fastq,GTOP-CG171-1601_2.fq.gz,6451.1,d1925fdb-a3ff-4d61-ae33-75eb2efcec49
GTOP-CG171,RNA-seq,Illumina NovaSeq X,Gallbladder,fastq,GTOP-CG171-1856_1.fq.gz,5853.2,175f9774-9ab7-4a6b-9085-f31f34ecfa43
GTOP-CG171,RNA-seq,Illumina NovaSeq X,Gallbladder,fastq,GTOP-CG171-1856_2.fq.gz,5879.2,4733ecd5-dc39-4e55-b0c3-9337773b120d
GTOP-CG171,RNA-seq,Illumina NovaSeq X,Adrenal_Gland,fastq,GTOP-CG171-2099_1.fq.gz,6599,9f00a52e-a42d-4695-a426-dd4725a0cc7c
GTOP-CG171,RNA-seq,Illumina NovaSeq X,Adrenal_Gland,fastq,GTOP-CG171-2099_2.fq.gz,6571.7,29789133-e3f5-4aec-9262-9d5deb1a5692
GTOP-CG171,RNA-seq,Illumina NovaSeq X,Spleen,fastq,GTOP-CG171-3082_1.fq.gz,6142.4,7e5ab9a2-3f3c-4bcc-9f3a-9f7db3316078
GTOP-CG171,RNA-seq,Illumina NovaSeq X,Spleen,fastq,GTOP-CG171-3082_2.fq.gz,6186.1,9df9443e-042b-4e8f-9cbd-ff27a07b6afc
GTOP-CG172,RNA-seq,Illumina NovaSeq X,Muscle,fastq,GTOP-CG172-0087_1.fq.gz,6197.1,b262c1ed-a187-414d-a0e0-0dbb0bc5df1e
GTOP-CG172,RNA-seq,Illumina NovaSeq X,Muscle,fastq,GTOP-CG172-0087_2.fq.gz,6236.4,029764c0-354b-4897-83cd-f31188212009
GTOP-CG172,RNA-seq,Illumina NovaSeq X,Adipose,fastq,GTOP-CG172-0160_1.fq.gz,5948.8,7fafe69f-6fe9-4d1c-a3b3-286a277857a9
GTOP-CG172,RNA-seq,Illumina NovaSeq X,Adipose,fastq,GTOP-CG172-0160_2.fq.gz,5990.4,864e6573-ac4d-4185-a130-160baabefaa0
GTOP-CG172,RNA-seq,Illumina NovaSeq X,Skin,fastq,GTOP-CG172-0262_1.fq.gz,5589.6,6b10e546-6fa0-4d11-8a29-638d4e3fdb2f
GTOP-CG172,RNA-seq,Illumina NovaSeq X,Skin,fastq,GTOP-CG172-0262_2.fq.gz,5629.2,b11d0a5a-9bf6-4858-ad3a-59ded30212e1
GTOP-CG172,RNA-seq,Illumina NovaSeq X,Whole_Blood,fastq,GTOP-CG172-0378_1.fq.gz,7659.6,b50c32ea-2f72-401b-8a79-4d82d979fb48
GTOP-CG172,RNA-seq,Illumina NovaSeq X,Whole_Blood,fastq,GTOP-CG172-0378_2.fq.gz,7754.8,bb6cf146-f25c-4b44-af64-08e0ded1adcc
GTOP-CG172,RNA-seq,Illumina NovaSeq X,Liver,fastq,GTOP-CG172-1053_1.fq.gz,5809.2,936f6ddf-5e1f-49f7-8e78-6dcbc149cde6
GTOP-CG172,RNA-seq,Illumina NovaSeq X,Liver,fastq,GTOP-CG172-1053_2.fq.gz,5863.2,9731c473-4c9b-4a9f-b0fa-0ca4359a574f
GTOP-CG172,RNA-seq,Illumina NovaSeq X,Pancreas_Head,fastq,GTOP-CG172-1108_1.fq.gz,4672.9,6675f123-2e38-47d3-be1f-4391c1f1e36d
GTOP-CG172,RNA-seq,Illumina NovaSeq X,Pancreas_Head,fastq,GTOP-CG172-1108_2.fq.gz,4650.2,d05386d2-02b5-462e-8bcf-ebc13b1253ef
GTOP-CG172,RNA-seq,Illumina NovaSeq X,Pancreas_Body,fastq,GTOP-CG172-1236_1.fq.gz,7054.7,315a6ffb-b34f-4c00-aeee-3bac8758dcf8
GTOP-CG172,RNA-seq,Illumina NovaSeq X,Pancreas_Body,fastq,GTOP-CG172-1236_2.fq.gz,7045.8,b31dec91-77bc-461e-ab9e-82e1ed36dfb0
GTOP-CG172,RNA-seq,Illumina NovaSeq X,Pancreas_Tail,fastq,GTOP-CG172-1392_1.fq.gz,5557.9,4302d16f-fb53-4cc4-867b-11c77bb5cf28
GTOP-CG172,RNA-seq,Illumina NovaSeq X,Pancreas_Tail,fastq,GTOP-CG172-1392_2.fq.gz,5592.7,26a3d3fc-9b14-4ec0-8239-f4d168199f24
GTOP-CG172,RNA-seq,Illumina NovaSeq X,Stomach,fastq,GTOP-CG172-1601_1.fq.gz,6235.8,6b144840-426d-4e37-bb09-3cfca1f010b6
GTOP-CG172,RNA-seq,Illumina NovaSeq X,Stomach,fastq,GTOP-CG172-1601_2.fq.gz,6252.1,7bb8452c-d867-4234-97f3-bcc61a40ed68
GTOP-CG172,RNA-seq,Illumina NovaSeq X,Gallbladder,fastq,GTOP-CG172-1856_1.fq.gz,6798.1,46d402f6-17f0-42c1-8aed-870752af2929
GTOP-CG172,RNA-seq,Illumina NovaSeq X,Gallbladder,fastq,GTOP-CG172-1856_2.fq.gz,6803.6,27511df5-82ac-4e3a-ba92-d09ae21da17d
GTOP-CG172,RNA-seq,Illumina NovaSeq X,Adrenal_Gland,fastq,GTOP-CG172-2099_1.fq.gz,6772.1,fa59c6a8-00c6-465b-aefb-4eaf6afa3670
GTOP-CG172,RNA-seq,Illumina NovaSeq X,Adrenal_Gland,fastq,GTOP-CG172-2099_2.fq.gz,6750.1,158b2007-f907-4c8a-a0c0-8d65b8572aec
GTOP-CG172,RNA-seq,Illumina NovaSeq X,Spleen,fastq,GTOP-CG172-3082_1.fq.gz,5608.5,4e827872-ddaa-4248-8232-6f841ca5133c
GTOP-CG172,RNA-seq,Illumina NovaSeq X,Spleen,fastq,GTOP-CG172-3082_2.fq.gz,5632,f921200a-c57d-4a57-a473-27d4bef0a065
GTOP-CG191,RNA-seq,Illumina NovaSeq X,Adipose,fastq,GTOP-CG191-0160_1.fq.gz,6622.3,918520b9-b2a7-4c9c-9058-1f2d5c6ce2dd
GTOP-CG191,RNA-seq,Illumina NovaSeq X,Adipose,fastq,GTOP-CG191-0160_2.fq.gz,6600.2,684bed29-c6fb-4cc8-8f31-ff9cb306ef2e
GTOP-CG191,RNA-seq,Illumina NovaSeq X,Whole_Blood,fastq,GTOP-CG191-0378_1.fq.gz,7078.8,e27fd803-a364-4d88-b5f4-d1ceadee9f48
GTOP-CG191,RNA-seq,Illumina NovaSeq X,Whole_Blood,fastq,GTOP-CG191-0378_2.fq.gz,7181.4,e96d8079-f18c-4aa1-99f7-b8b4344f53e7
GTOP-CG191,RNA-seq,Illumina NovaSeq X,Adrenal_Gland,fastq,GTOP-CG191-2099_1.fq.gz,6161.5,b7914fa3-1f5f-4c9c-aab4-478ff4250212
GTOP-CG191,RNA-seq,Illumina NovaSeq X,Adrenal_Gland,fastq,GTOP-CG191-2099_2.fq.gz,6118.5,6c62a822-00c5-4ea5-a328-9f78703fdb46
GTOP-CG211,RNA-seq,Illumina NovaSeq X,Adipose,fastq,GTOP-CG211-0160_1.fq.gz,7020.6,0e26fdea-b1e9-4300-8a98-63e988326895
GTOP-CG211,RNA-seq,Illumina NovaSeq X,Adipose,fastq,GTOP-CG211-0160_2.fq.gz,7012.9,739578ae-bb86-46fb-a2c8-a904b3eea582
GTOP-CG211,RNA-seq,Illumina NovaSeq X,Whole_Blood,fastq,GTOP-CG211-0378_1.fq.gz,7180.1,2b463046-22b0-43e8-ab2b-f3de36d24ac3
GTOP-CG211,RNA-seq,Illumina NovaSeq X,Whole_Blood,fastq,GTOP-CG211-0378_2.fq.gz,7308.6,96c52e18-37f5-4d38-8055-d3742a735815
GTOP-CG211,RNA-seq,Illumina NovaSeq X,Liver,fastq,GTOP-CG211-1053_1.fq.gz,7061.3,fc8e320e-1f0f-46b0-b57f-0ed74828f6c3
GTOP-CG211,RNA-seq,Illumina NovaSeq X,Liver,fastq,GTOP-CG211-1053_2.fq.gz,7071,49afd909-885a-46a4-bbe5-5b761dcf5f1b
GTOP-CG211,RNA-seq,Illumina NovaSeq X,Pancreas_Head,fastq,GTOP-CG211-1108_1.fq.gz,6945.4,79aba376-149f-4e54-ba16-86a3342786b4
GTOP-CG211,RNA-seq,Illumina NovaSeq X,Pancreas_Head,fastq,GTOP-CG211-1108_2.fq.gz,6976.3,e4767969-41f4-40cc-bb90-5b6d133c0b7d
GTOP-CG211,RNA-seq,Illumina NovaSeq X,Pancreas_Body,fastq,GTOP-CG211-1236_1.fq.gz,6493.3,c82c5195-0873-41d6-89a7-f0e166637dcc
GTOP-CG211,RNA-seq,Illumina NovaSeq X,Pancreas_Body,fastq,GTOP-CG211-1236_2.fq.gz,6530.9,f27c2ca5-d7b7-4503-ab4b-6b69e05827b4
GTOP-CG211,RNA-seq,Illumina NovaSeq X,Pancreas_Tail,fastq,GTOP-CG211-1392_1.fq.gz,6157.7,348d9573-084e-4469-9764-5d5b4f429403
GTOP-CG211,RNA-seq,Illumina NovaSeq X,Pancreas_Tail,fastq,GTOP-CG211-1392_2.fq.gz,6182.7,5b86c193-6898-49f7-baa8-730b33a90978
GTOP-CG211,RNA-seq,Illumina NovaSeq X,Adrenal_Gland,fastq,GTOP-CG211-2099_1.fq.gz,5799.2,70069f4e-6227-4551-a5a7-fb5390e5a642
GTOP-CG211,RNA-seq,Illumina NovaSeq X,Adrenal_Gland,fastq,GTOP-CG211-2099_2.fq.gz,5812.9,7afe04b2-54f6-4c36-819a-48c2dc48fc01
GTOP-CG261,RNA-seq,Illumina NovaSeq X,Muscle,fastq,GTOP-CG261-0087_1.fq.gz,5250.7,d59e70c6-6ed6-4338-81de-5f874becc0f6
GTOP-CG261,RNA-seq,Illumina NovaSeq X,Muscle,fastq,GTOP-CG261-0087_2.fq.gz,5505.9,d4d8ceed-1a11-4d08-bc87-41aa3d133ebc
GTOP-CG261,RNA-seq,Illumina NovaSeq X,Adipose,fastq,GTOP-CG261-0160_1.fq.gz,6191.5,87e95df2-bf20-4d41-9a86-2c25a7502cf6
GTOP-CG261,RNA-seq,Illumina NovaSeq X,Adipose,fastq,GTOP-CG261-0160_2.fq.gz,6195.1,21e7c8c8-a1f3-45b5-9046-d1faf605b6e6
GTOP-CG261,RNA-seq,Illumina NovaSeq X,Skin,fastq,GTOP-CG261-0262_1.fq.gz,6237.5,88a3c48c-d45f-4896-949f-c3ef1ee1c8fa
GTOP-CG261,RNA-seq,Illumina NovaSeq X,Skin,fastq,GTOP-CG261-0262_2.fq.gz,6250,09749d4d-5956-40e3-9e69-9e83db7d623b
GTOP-CG261,RNA-seq,Illumina NovaSeq X,Liver,fastq,GTOP-CG261-1053_1.fq.gz,6514,a955e3d6-eb07-4d2b-9ef5-72eac0611703
GTOP-CG261,RNA-seq,Illumina NovaSeq X,Liver,fastq,GTOP-CG261-1053_2.fq.gz,6527.6,1c7cb6c0-304c-465a-8535-472b0ef17a86
GTOP-CG261,RNA-seq,Illumina NovaSeq X,Pancreas_Head,fastq,GTOP-CG261-1108_1.fq.gz,6192.6,58645e01-d96b-4524-a39d-99b58b9de4d8
GTOP-CG261,RNA-seq,Illumina NovaSeq X,Pancreas_Head,fastq,GTOP-CG261-1108_2.fq.gz,6215.4,eb496695-e9c2-47ba-8a18-11945fc7f587
GTOP-CG261,RNA-seq,Illumina NovaSeq X,Pancreas_Body,fastq,GTOP-CG261-1236_1.fq.gz,6584.4,83ad7c50-add7-4b5a-929f-5c7ae53fea60
GTOP-CG261,RNA-seq,Illumina NovaSeq X,Pancreas_Body,fastq,GTOP-CG261-1236_2.fq.gz,6610.9,fe8411ea-9d31-4210-aaa8-5f3fbc829df5
GTOP-CG261,RNA-seq,Illumina NovaSeq X,Pancreas_Tail,fastq,GTOP-CG261-1392_1.fq.gz,6548.9,3e1fe052-e0c8-4dfc-8cf6-60967ac34a29
GTOP-CG261,RNA-seq,Illumina NovaSeq X,Pancreas_Tail,fastq,GTOP-CG261-1392_2.fq.gz,6545.7,dc8509a8-1f58-450a-b2fe-cb2459ce514b
GTOP-CG261,RNA-seq,Illumina NovaSeq X,Adrenal_Gland,fastq,GTOP-CG261-2099_1.fq.gz,6559,e8cd2e8a-4e45-4646-b405-59beda561a08
GTOP-CG261,RNA-seq,Illumina NovaSeq X,Adrenal_Gland,fastq,GTOP-CG261-2099_2.fq.gz,6582.6,c3fc0623-ba49-49c1-be9e-ff93e7a25a56
GTOP-CG261,RNA-seq,Illumina NovaSeq X,Spleen,fastq,GTOP-CG261-3082_1.fq.gz,6599.2,d499142a-443c-4fdd-adf7-3adab6429a86
GTOP-CG261,RNA-seq,Illumina NovaSeq X,Spleen,fastq,GTOP-CG261-3082_2.fq.gz,6613.3,220d0b5e-d353-40f7-a9f3-5a48788cf2bb
GTOP-CG271,RNA-seq,Illumina NovaSeq X,Adipose,fastq,GTOP-CG271-0160_1.fq.gz,6070.8,abed6b63-4b9f-4c47-9de6-99a772d9096d
GTOP-CG271,RNA-seq,Illumina NovaSeq X,Adipose,fastq,GTOP-CG271-0160_2.fq.gz,5983.5,7731153b-f24a-485c-82e8-fb84e5f685a5
GTOP-CG271,RNA-seq,Illumina NovaSeq X,Whole_Blood,fastq,GTOP-CG271-0378_1.fq.gz,5907.8,e7c76df5-879c-41ca-ac11-6d7770b25040
GTOP-CG271,RNA-seq,Illumina NovaSeq X,Whole_Blood,fastq,GTOP-CG271-0378_2.fq.gz,5846.4,4b5d7c09-2507-47d9-998d-1f1294b47ab1
GTOP-CG271,RNA-seq,Illumina NovaSeq X,Liver,fastq,GTOP-CG271-1053_1.fq.gz,5581.2,950452ca-0250-4b89-a143-4bcde67cb965
GTOP-CG271,RNA-seq,Illumina NovaSeq X,Liver,fastq,GTOP-CG271-1053_2.fq.gz,5572.4,eda12110-a921-46df-8904-57910a74d2ac
GTOP-CG271,RNA-seq,Illumina NovaSeq X,Pancreas_Head,fastq,GTOP-CG271-1108_1.fq.gz,7240.1,ed7e9b54-2e4e-4738-8a31-a3389e353c03
GTOP-CG271,RNA-seq,Illumina NovaSeq X,Pancreas_Head,fastq,GTOP-CG271-1108_2.fq.gz,7244.9,932215da-dc6a-4ba7-bd5e-191de50c0af6
GTOP-CG271,RNA-seq,Illumina NovaSeq X,Pancreas_Body,fastq,GTOP-CG271-1236_1.fq.gz,6726.9,475aa606-a201-412f-9720-747c6a5621dd
GTOP-CG271,RNA-seq,Illumina NovaSeq X,Pancreas_Body,fastq,GTOP-CG271-1236_2.fq.gz,6728.4,862ccfcf-974f-4bb3-8120-0d8dd33356cf
GTOP-CG271,RNA-seq,Illumina NovaSeq X,Pancreas_Tail,fastq,GTOP-CG271-1392_1.fq.gz,7116.2,777224ee-bbef-443f-bcf9-d51165e6f0e7
GTOP-CG271,RNA-seq,Illumina NovaSeq X,Pancreas_Tail,fastq,GTOP-CG271-1392_2.fq.gz,7133.3,47141a98-4dcd-4533-a811-0207e3356bf0
GTOP-CG271,RNA-seq,Illumina NovaSeq X,Gallbladder,fastq,GTOP-CG271-1856_1.fq.gz,7661.8,5a09a10c-44f3-41f8-a288-58ab1a1fb834
GTOP-CG271,RNA-seq,Illumina NovaSeq X,Gallbladder,fastq,GTOP-CG271-1856_2.fq.gz,7677,ec090fe6-c0a3-4e5e-8bfa-d3a5888e2205
GTOP-CG271,RNA-seq,Illumina NovaSeq X,Adrenal_Gland,fastq,GTOP-CG271-2099_1.fq.gz,7425.1,e5e244b7-6301-48fc-9fc4-05257bfefbc9
GTOP-CG271,RNA-seq,Illumina NovaSeq X,Adrenal_Gland,fastq,GTOP-CG271-2099_2.fq.gz,7398.2,6aa322fd-8648-4068-8288-391bab1ec364
GTOP-CH041,RNA-seq,Illumina NovaSeq X,Whole_Blood,fastq,GTOP-CH041-0378_1.fq.gz,9373.7,1e3a3b16-14cb-4e0f-a7a4-2a44ba4ff167
GTOP-CH041,RNA-seq,Illumina NovaSeq X,Whole_Blood,fastq,GTOP-CH041-0378_2.fq.gz,9350.4,276b7391-9c5b-4283-904c-6984559726da
GTOP-CH041,RNA-seq,Illumina NovaSeq X,Liver,fastq,GTOP-CH041-1053_1.fq.gz,6341.2,8f7ae588-354e-4b9b-b911-d37561971fe9
GTOP-CH041,RNA-seq,Illumina NovaSeq X,Liver,fastq,GTOP-CH041-1053_2.fq.gz,6353.3,f7f61102-88aa-4d6f-a946-748d52a1d410
GTOP-CH041,RNA-seq,Illumina NovaSeq X,Pancreas_Head,fastq,GTOP-CH041-1108_1.fq.gz,7466,02052978-eec4-4080-a6a6-2d864a1f7fe8
GTOP-CH041,RNA-seq,Illumina NovaSeq X,Pancreas_Head,fastq,GTOP-CH041-1108_2.fq.gz,7497.6,fd54426d-d18f-4d7a-9dbf-b3fc8b97e53a
GTOP-CH041,RNA-seq,Illumina NovaSeq X,Pancreas_Body,fastq,GTOP-CH041-1236_1.fq.gz,4485,e65519dd-920c-4e57-b0d7-e78989c796a8
GTOP-CH041,RNA-seq,Illumina NovaSeq X,Pancreas_Body,fastq,GTOP-CH041-1236_2.fq.gz,4518.9,172ead0f-4e4e-4cf2-b4eb-51a9b694a9ab
GTOP-CH041,RNA-seq,Illumina NovaSeq X,Pancreas_Tail,fastq,GTOP-CH041-1392_1.fq.gz,7501.2,caf50cad-2de1-4f8d-b4fe-27b553fc8749
GTOP-CH041,RNA-seq,Illumina NovaSeq X,Pancreas_Tail,fastq,GTOP-CH041-1392_2.fq.gz,7514.3,b9fb8905-1488-42b2-ad27-160191db7f27
GTOP-CH041,RNA-seq,Illumina NovaSeq X,Gallbladder,fastq,GTOP-CH041-1856_1.fq.gz,8467.2,ee8481e2-f1ec-436c-a42d-1cae54bd865c
GTOP-CH041,RNA-seq,Illumina NovaSeq X,Gallbladder,fastq,GTOP-CH041-1856_2.fq.gz,8413.3,51517010-f157-440c-a73d-f1e618b0768e
GTOP-CH041,RNA-seq,Illumina NovaSeq X,Adrenal_Gland,fastq,GTOP-CH041-2099_1.fq.gz,6624.7,bb1fb895-db63-41c4-801e-c5fbfaa26389
GTOP-CH041,RNA-seq,Illumina NovaSeq X,Adrenal_Gland,fastq,GTOP-CH041-2099_2.fq.gz,6556.8,cf1e7eed-0125-4cf2-be4b-58015f0b4d5c
GTOP-CH041,RNA-seq,Illumina NovaSeq X,Lymph_node,fastq,GTOP-CH041-3170_1.fq.gz,9301,4956b989-69bb-47c7-9cf6-5a4f69e34244
GTOP-CH041,RNA-seq,Illumina NovaSeq X,Lymph_node,fastq,GTOP-CH041-3170_2.fq.gz,9238.6,6774d7f0-2147-45d8-92f4-b81614fc3ced
GTOP-CH081,RNA-seq,Illumina NovaSeq X,Adipose,fastq,GTOP-CH081-0160_1.fq.gz,7192.2,d6065a70-fec1-46ce-8c7b-e69d688629f4
GTOP-CH081,RNA-seq,Illumina NovaSeq X,Adipose,fastq,GTOP-CH081-0160_2.fq.gz,7201,f914db99-e494-41d3-89d2-2d402266d4a6
GTOP-CH081,RNA-seq,Illumina NovaSeq X,Whole_Blood,fastq,GTOP-CH081-0378_1.fq.gz,6866.1,72e84748-3a9b-4571-ba6a-a7aa39989732
GTOP-CH081,RNA-seq,Illumina NovaSeq X,Whole_Blood,fastq,GTOP-CH081-0378_2.fq.gz,6909.7,2a6a044f-00e7-40b1-a291-4e352e049091
GTOP-CH081,RNA-seq,Illumina NovaSeq X,Liver,fastq,GTOP-CH081-1053_1.fq.gz,4931,e22fa808-adcb-4b2f-a949-e3699bcd543e
GTOP-CH081,RNA-seq,Illumina NovaSeq X,Liver,fastq,GTOP-CH081-1053_2.fq.gz,4996.5,d5e21c2f-9228-4b33-9434-3371c4a96316
GTOP-CH081,RNA-seq,Illumina NovaSeq X,Pancreas_Head,fastq,GTOP-CH081-1108_1.fq.gz,7175.6,fd06ed50-75b4-4e48-9820-abec9459022e
GTOP-CH081,RNA-seq,Illumina NovaSeq X,Pancreas_Head,fastq,GTOP-CH081-1108_2.fq.gz,7168.4,e0a6a53a-9fb5-45cf-ab92-433c43df3c03
GTOP-CH081,RNA-seq,Illumina NovaSeq X,Pancreas_Body,fastq,GTOP-CH081-1236_1.fq.gz,4750.3,25016087-6510-41e5-b0cc-3ad123ca5855
GTOP-CH081,RNA-seq,Illumina NovaSeq X,Pancreas_Body,fastq,GTOP-CH081-1236_2.fq.gz,4779.5,a2526ce6-82b8-4b86-8ebe-a49b65371803
GTOP-CH081,RNA-seq,Illumina NovaSeq X,Gallbladder,fastq,GTOP-CH081-1856_1.fq.gz,6784,0f751b82-a537-4907-90f2-aa6ab11c7cb0
GTOP-CH081,RNA-seq,Illumina NovaSeq X,Gallbladder,fastq,GTOP-CH081-1856_2.fq.gz,6789.3,6ae5c88c-05b8-469b-993c-f586c5f17dc7
GTOP-CH081,RNA-seq,Illumina NovaSeq X,Adrenal_Gland,fastq,GTOP-CH081-2099_1.fq.gz,7954.2,8c7f087e-d068-41f6-816a-cd909c698156
GTOP-CH081,RNA-seq,Illumina NovaSeq X,Adrenal_Gland,fastq,GTOP-CH081-2099_2.fq.gz,7901.7,4a51531b-7646-4f55-bb00-548517c7aa41
GTOP-CH082,RNA-seq,Illumina NovaSeq X,Adipose,fastq,GTOP-CH082-0160_1.fq.gz,6824.9,dff9440a-4ef4-4fe3-a772-a9886f8ff9b2
GTOP-CH082,RNA-seq,Illumina NovaSeq X,Adipose,fastq,GTOP-CH082-0160_2.fq.gz,7007.6,4b7d24a1-1570-4673-bef5-d6e834d6b106
GTOP-CH082,RNA-seq,Illumina NovaSeq X,Whole_Blood,fastq,GTOP-CH082-0378_1.fq.gz,5571,8a1e2ba4-5357-4172-a776-0d5654b26bcf
GTOP-CH082,RNA-seq,Illumina NovaSeq X,Whole_Blood,fastq,GTOP-CH082-0378_2.fq.gz,5635.6,b5c5f42e-bdd7-4615-889f-1d20e17fb12c
GTOP-CH082,RNA-seq,Illumina NovaSeq X,Liver,fastq,GTOP-CH082-1053_1.fq.gz,5366.2,a8de0191-bdf9-43a4-b9a5-8ca5e45d34a9
GTOP-CH082,RNA-seq,Illumina NovaSeq X,Liver,fastq,GTOP-CH082-1053_2.fq.gz,5376.9,010da001-1cd6-4604-befe-86dbdf3be82f
GTOP-CH082,RNA-seq,Illumina NovaSeq X,Pancreas_Head,fastq,GTOP-CH082-1108_1.fq.gz,7490.3,305476b2-1919-484f-8b76-331682a36978
GTOP-CH082,RNA-seq,Illumina NovaSeq X,Pancreas_Head,fastq,GTOP-CH082-1108_2.fq.gz,7495.4,17d17fc8-87c5-4f23-8963-8ff7d65a2b3c
GTOP-CH082,RNA-seq,Illumina NovaSeq X,Pancreas_Body,fastq,GTOP-CH082-1236_1.fq.gz,4761,5d5c07ac-5031-4cd3-b5f7-e52cab050f83
GTOP-CH082,RNA-seq,Illumina NovaSeq X,Pancreas_Body,fastq,GTOP-CH082-1236_2.fq.gz,4798.9,16473438-ea04-433b-bd8f-27b2b11c8578
GTOP-CH082,RNA-seq,Illumina NovaSeq X,Gallbladder,fastq,GTOP-CH082-1856_1.fq.gz,7140.2,c029cbd3-cdba-4499-9df6-50cde10cbfdb
GTOP-CH082,RNA-seq,Illumina NovaSeq X,Gallbladder,fastq,GTOP-CH082-1856_2.fq.gz,7087.2,f4fa2ed9-a36a-4303-acdc-bd7bc142774e
GTOP-CH082,RNA-seq,Illumina NovaSeq X,Adrenal_Gland,fastq,GTOP-CH082-2099_1.fq.gz,6716.5,2b220ce6-dbb6-4b43-9e09-e5afb3b67105
GTOP-CH082,RNA-seq,Illumina NovaSeq X,Adrenal_Gland,fastq,GTOP-CH082-2099_2.fq.gz,6716.8,0c6cbee7-caa5-4423-8afc-7e299f99c6d4
GTOP-CH091,RNA-seq,Illumina NovaSeq X,Muscle,fastq,GTOP-CH091-0087_1.fq.gz,7536.6,638730b6-204e-4bd8-adef-82dedc13db40
GTOP-CH091,RNA-seq,Illumina NovaSeq X,Muscle,fastq,GTOP-CH091-0087_2.fq.gz,7498.8,5d2a679d-2e58-45d2-806a-cbeab01eebcb
GTOP-CH091,RNA-seq,Illumina NovaSeq X,Adipose,fastq,GTOP-CH091-0160_1.fq.gz,6986.9,b404c73d-4358-47cc-bb15-b2aca77f3eec
GTOP-CH091,RNA-seq,Illumina NovaSeq X,Adipose,fastq,GTOP-CH091-0160_2.fq.gz,6955.2,b875f600-6e41-4238-8d21-bd02dac70db8
GTOP-CH091,RNA-seq,Illumina NovaSeq X,Skin,fastq,GTOP-CH091-0262_1.fq.gz,7052.3,6306537c-c2bd-42ec-9325-94a53f4e0af4
GTOP-CH091,RNA-seq,Illumina NovaSeq X,Skin,fastq,GTOP-CH091-0262_2.fq.gz,6988.4,c19f9f7d-7e14-4893-b4c4-427259730c05
GTOP-CH091,RNA-seq,Illumina NovaSeq X,Whole_Blood,fastq,GTOP-CH091-0378_1.fq.gz,5815.9,7d691d51-b19d-41d4-a711-df16b9eda4fc
GTOP-CH091,RNA-seq,Illumina NovaSeq X,Whole_Blood,fastq,GTOP-CH091-0378_2.fq.gz,5726.7,b1640fa3-4fa5-425b-a737-db071b7e6453
GTOP-CH091,RNA-seq,Illumina NovaSeq X,Liver,fastq,GTOP-CH091-1053_1.fq.gz,4568.9,a30ee830-90e5-4c47-956c-4dd54bb9a424
GTOP-CH091,RNA-seq,Illumina NovaSeq X,Liver,fastq,GTOP-CH091-1053_2.fq.gz,4643.5,4320a4d7-711e-41fe-a90f-89d416de9dcf
GTOP-CH091,RNA-seq,Illumina NovaSeq X,Pancreas_Head,fastq,GTOP-CH091-1108_1.fq.gz,6865.4,b0d491a7-9b49-46bd-a058-54a0ca42bdc5
GTOP-CH091,RNA-seq,Illumina NovaSeq X,Pancreas_Head,fastq,GTOP-CH091-1108_2.fq.gz,6663.6,5a616986-33cb-4cfa-9fda-04b1b304dd5b
GTOP-CH091,RNA-seq,Illumina NovaSeq X,Pancreas_Body,fastq,GTOP-CH091-1236_1.fq.gz,6108.9,d25b4fc6-7875-4cba-84eb-d427dbcc263d
GTOP-CH091,RNA-seq,Illumina NovaSeq X,Pancreas_Body,fastq,GTOP-CH091-1236_2.fq.gz,6083,d6625442-a253-48a9-8376-6547ec9e5ca8
GTOP-CH091,RNA-seq,Illumina NovaSeq X,Pancreas_Tail,fastq,GTOP-CH091-1392_1.fq.gz,7382.5,8f190986-6a20-4633-b8ec-d32f36708d03
GTOP-CH091,RNA-seq,Illumina NovaSeq X,Pancreas_Tail,fastq,GTOP-CH091-1392_2.fq.gz,7372.7,f6401fa8-98f3-4f97-8ffe-4d7155ddcc42
GTOP-CH091,RNA-seq,Illumina NovaSeq X,Gallbladder,fastq,GTOP-CH091-1856_1.fq.gz,7255.6,10b8a97c-bc60-4947-845d-d50351fc2c00
GTOP-CH091,RNA-seq,Illumina NovaSeq X,Gallbladder,fastq,GTOP-CH091-1856_2.fq.gz,7201.3,be8b8fcd-8f87-43df-8727-85568ab8515d
GTOP-CH091,RNA-seq,Illumina NovaSeq X,Adrenal_Gland,fastq,GTOP-CH091-2099_1.fq.gz,6997.1,9980a33f-c31f-408b-9c78-611dc0fa774c
GTOP-CH091,RNA-seq,Illumina NovaSeq X,Adrenal_Gland,fastq,GTOP-CH091-2099_2.fq.gz,6861.1,7cc98918-374f-48f9-b6f3-6014472d80e2
GTOP-CH091,RNA-seq,Illumina NovaSeq X,Spleen,fastq,GTOP-CH091-3082_1.fq.gz,7414.8,9facb52a-9a68-4986-908c-a8b3ef22413f
GTOP-CH091,RNA-seq,Illumina NovaSeq X,Spleen,fastq,GTOP-CH091-3082_2.fq.gz,7288,ef0910c0-ff3b-478f-ad23-0e4ef55b2881
GTOP-CH101,RNA-seq,Illumina NovaSeq X,Whole_Blood,fastq,GTOP-CH101-0378_1.fq.gz,5905,e829d333-984f-451d-b9f3-ffb58117d6ca
GTOP-CH101,RNA-seq,Illumina NovaSeq X,Whole_Blood,fastq,GTOP-CH101-0378_2.fq.gz,5921.9,e9261727-3590-4927-8b0f-a241e9163fb5
GTOP-CH101,RNA-seq,Illumina NovaSeq X,Liver,fastq,GTOP-CH101-1053_1.fq.gz,5399.8,ddd5b0f4-8037-476f-90da-9f2f67cb4823
GTOP-CH101,RNA-seq,Illumina NovaSeq X,Liver,fastq,GTOP-CH101-1053_2.fq.gz,5416.3,71811ae9-1eb4-4b8d-8d86-f2ba392f06b1
GTOP-CH101,RNA-seq,Illumina NovaSeq X,Pancreas_Head,fastq,GTOP-CH101-1108_1.fq.gz,6341.8,8d9b303b-800d-499a-a334-3fea0484a8ee
GTOP-CH101,RNA-seq,Illumina NovaSeq X,Pancreas_Head,fastq,GTOP-CH101-1108_2.fq.gz,6242.7,df9541be-b73e-4c6a-bca7-cbeb6a296b54
GTOP-CH101,RNA-seq,Illumina NovaSeq X,Pancreas_Body,fastq,GTOP-CH101-1236_1.fq.gz,5511,4176f7c9-6de0-4878-8093-87432b5db8c5
GTOP-CH101,RNA-seq,Illumina NovaSeq X,Pancreas_Body,fastq,GTOP-CH101-1236_2.fq.gz,5581.8,e2f8957b-b600-48f8-8d95-1ddc30a8a17e
GTOP-CH101,RNA-seq,Illumina NovaSeq X,Pancreas_Tail,fastq,GTOP-CH101-1392_1.fq.gz,8236.1,b8fbf029-b994-4fed-a23a-800a1d978edb
GTOP-CH101,RNA-seq,Illumina NovaSeq X,Pancreas_Tail,fastq,GTOP-CH101-1392_2.fq.gz,8080.7,0aeed46d-b919-4b78-a2b7-7edce08fe976
GTOP-CH101,RNA-seq,Illumina NovaSeq X,Gallbladder,fastq,GTOP-CH101-1856_1.fq.gz,5751.2,33c184cd-52ec-4043-8f33-b08372fe0c1c
GTOP-CH101,RNA-seq,Illumina NovaSeq X,Gallbladder,fastq,GTOP-CH101-1856_2.fq.gz,5566.9,9271f073-d016-4127-b591-13e1d76d8be2
GTOP-CH101,RNA-seq,Illumina NovaSeq X,Adrenal_Gland,fastq,GTOP-CH101-2099_1.fq.gz,6833.7,e3b74741-a972-4285-a086-044352d2abb9
GTOP-CH101,RNA-seq,Illumina NovaSeq X,Adrenal_Gland,fastq,GTOP-CH101-2099_2.fq.gz,6674.7,3b1f68cb-a263-47a4-8f20-8bc09852fd34
GTOP-CH102,RNA-seq,Illumina NovaSeq X,Muscle,fastq,GTOP-CH102-0087_1.fq.gz,6517,50f8c0de-7cac-425e-aa64-302f18b0ddfd
GTOP-CH102,RNA-seq,Illumina NovaSeq X,Muscle,fastq,GTOP-CH102-0087_2.fq.gz,6291.6,d662f445-7670-4cf8-800e-9007f125dbc0
GTOP-CH102,RNA-seq,Illumina NovaSeq X,Adipose,fastq,GTOP-CH102-0160_1.fq.gz,6660.6,e1ffa4f8-e5e6-4977-bb37-8a64494fb93b
GTOP-CH102,RNA-seq,Illumina NovaSeq X,Adipose,fastq,GTOP-CH102-0160_2.fq.gz,6418.4,dccd754c-88fb-4726-83cc-9ee14f12b2a6
GTOP-CH102,RNA-seq,Illumina NovaSeq X,Skin,fastq,GTOP-CH102-0262_1.fq.gz,6069.2,9eecd311-ebf1-4892-838c-3083ab690f6d
GTOP-CH102,RNA-seq,Illumina NovaSeq X,Skin,fastq,GTOP-CH102-0262_2.fq.gz,5885.4,2fcb7c8d-ee33-4c50-9272-2c3ed8ef992a
GTOP-CH102,RNA-seq,Illumina NovaSeq X,Whole_Blood,fastq,GTOP-CH102-0378_1.fq.gz,6228.6,4f9b9bb7-5902-4f4b-ba72-cb9bba0446c4
GTOP-CH102,RNA-seq,Illumina NovaSeq X,Whole_Blood,fastq,GTOP-CH102-0378_2.fq.gz,6389.2,fdcb59de-b8b3-4f44-ac8b-dbcbd7c89cb4
GTOP-CH102,RNA-seq,Illumina NovaSeq X,Liver,fastq,GTOP-CH102-1053_1.fq.gz,5637.5,d17f784f-224f-4c7f-988e-bf00c3453c0d
GTOP-CH102,RNA-seq,Illumina NovaSeq X,Liver,fastq,GTOP-CH102-1053_2.fq.gz,5672.1,1983c8f5-0444-4fa5-a795-3d6f5717abea
GTOP-CH102,RNA-seq,Illumina NovaSeq X,Pancreas_Head,fastq,GTOP-CH102-1108_1.fq.gz,6257.3,8d5c1732-a4da-4acb-bfed-117aa286a56e
GTOP-CH102,RNA-seq,Illumina NovaSeq X,Pancreas_Head,fastq,GTOP-CH102-1108_2.fq.gz,6332.5,c309432f-ef99-4a8a-b716-e0f902ffb9c6
GTOP-CH102,RNA-seq,Illumina NovaSeq X,Pancreas_Body,fastq,GTOP-CH102-1236_1.fq.gz,5784.2,f2736fab-45ab-425c-a130-efaf7b3ecbe7
GTOP-CH102,RNA-seq,Illumina NovaSeq X,Pancreas_Body,fastq,GTOP-CH102-1236_2.fq.gz,5823.6,05dc027a-cccb-41c6-9de3-bff7c302db06
GTOP-CH102,RNA-seq,Illumina NovaSeq X,Pancreas_Tail,fastq,GTOP-CH102-1392_1.fq.gz,6301.8,43f36c87-e160-43a7-a0dc-4e1a4225ddac
GTOP-CH102,RNA-seq,Illumina NovaSeq X,Pancreas_Tail,fastq,GTOP-CH102-1392_2.fq.gz,6359.9,f285d24b-7360-44c0-9305-84efe10b4dd4
GTOP-CH102,RNA-seq,Illumina NovaSeq X,Gallbladder,fastq,GTOP-CH102-1856_1.fq.gz,7279.6,e463f257-0d09-4a66-96a2-0f7384e6c749
GTOP-CH102,RNA-seq,Illumina NovaSeq X,Gallbladder,fastq,GTOP-CH102-1856_2.fq.gz,7237.4,9f07aea0-7b57-4c2b-ae02-5e059cac8bd7
GTOP-CH102,RNA-seq,Illumina NovaSeq X,Adrenal_Gland,fastq,GTOP-CH102-2099_1.fq.gz,6983.7,e8b50bb4-39c6-42ad-935d-2eda7cc4e387
GTOP-CH102,RNA-seq,Illumina NovaSeq X,Adrenal_Gland,fastq,GTOP-CH102-2099_2.fq.gz,7020.5,4d2d4d24-2c11-4aba-92d9-a0936824a4dd
GTOP-CH102,RNA-seq,Illumina NovaSeq X,Spleen,fastq,GTOP-CH102-3082_1.fq.gz,7942.2,5d747c5f-ae9d-4463-95bf-da11705f2195
GTOP-CH102,RNA-seq,Illumina NovaSeq X,Spleen,fastq,GTOP-CH102-3082_2.fq.gz,7992.2,bfb65f4d-24f4-4056-a0ce-fc6878ad7106
GTOP-CI161,RNA-seq,Illumina NovaSeq X,Muscle,fastq,GTOP-CI161-0087_1.fq.gz,6745.6,3fffe9d2-ae57-4ae9-b82d-606837e5d1e1
GTOP-CI161,RNA-seq,Illumina NovaSeq X,Muscle,fastq,GTOP-CI161-0087_2.fq.gz,6740.5,c931c78c-520a-41b2-8590-d4d0b5f9e13f
GTOP-CI161,RNA-seq,Illumina NovaSeq X,Adipose,fastq,GTOP-CI161-0160_1.fq.gz,6646.4,2c8bf59d-6814-471b-9223-45bf99efbf1b
GTOP-CI161,RNA-seq,Illumina NovaSeq X,Adipose,fastq,GTOP-CI161-0160_2.fq.gz,6615.4,4e2a5a03-43b7-466c-8415-4d17d759ce7a
GTOP-CI161,RNA-seq,Illumina NovaSeq X,Whole_Blood,fastq,GTOP-CI161-0378_1.fq.gz,5227.6,f0e084b3-f2fa-482e-b745-80eca17a357f
GTOP-CI161,RNA-seq,Illumina NovaSeq X,Whole_Blood,fastq,GTOP-CI161-0378_2.fq.gz,5280.6,08041774-3dcd-42f0-b77c-b89f0eaa51d5
GTOP-CI161,RNA-seq,Illumina NovaSeq X,Liver,fastq,GTOP-CI161-1053_1.fq.gz,6474.3,842915c2-b201-4f15-871c-e733560eff72
GTOP-CI161,RNA-seq,Illumina NovaSeq X,Liver,fastq,GTOP-CI161-1053_2.fq.gz,6519.9,f1332fbb-a644-4338-805c-539df74f541d
GTOP-CI161,RNA-seq,Illumina NovaSeq X,Pancreas_Head,fastq,GTOP-CI161-1108_1.fq.gz,6163.5,c2b0f875-110e-4807-bafa-98627fdf3d65
GTOP-CI161,RNA-seq,Illumina NovaSeq X,Pancreas_Head,fastq,GTOP-CI161-1108_2.fq.gz,6177,38097de3-48e5-4406-9817-be9e1d1ac557
GTOP-CI161,RNA-seq,Illumina NovaSeq X,Pancreas_Body,fastq,GTOP-CI161-1236_1.fq.gz,5451.1,5c800505-2aa1-46f8-a392-8b98b6d2dd11
GTOP-CI161,RNA-seq,Illumina NovaSeq X,Pancreas_Body,fastq,GTOP-CI161-1236_2.fq.gz,5518.8,65cf0d88-e44e-4f1b-8a4d-42c4061c966b
GTOP-CI161,RNA-seq,Illumina NovaSeq X,Pancreas_Tail,fastq,GTOP-CI161-1392_1.fq.gz,6803.9,aaa05418-df7a-4192-809c-04a25138f79f
GTOP-CI161,RNA-seq,Illumina NovaSeq X,Pancreas_Tail,fastq,GTOP-CI161-1392_2.fq.gz,6864.6,407adba1-80e8-48fc-83ce-7f21c0ddbe98
GTOP-CI161,RNA-seq,Illumina NovaSeq X,Gallbladder,fastq,GTOP-CI161-1856_1.fq.gz,6117.5,ae7359de-f9d0-4fe4-9ebb-070d63da186e
GTOP-CI161,RNA-seq,Illumina NovaSeq X,Gallbladder,fastq,GTOP-CI161-1856_2.fq.gz,6111.8,82ce8fb9-c68c-4c17-86d0-b3b1924171b2
GTOP-CI161,RNA-seq,Illumina NovaSeq X,Adrenal_Gland,fastq,GTOP-CI161-2099_1.fq.gz,6694.2,5121df71-3123-42e3-97ca-4df85e88552e
GTOP-CI161,RNA-seq,Illumina NovaSeq X,Adrenal_Gland,fastq,GTOP-CI161-2099_2.fq.gz,6638.8,ac32f040-26e2-43b8-8964-3ec606344ed0
GTOP-CI161,RNA-seq,Illumina NovaSeq X,Diaphragm,fastq,GTOP-CI161-5415_1.fq.gz,6034.9,2e30c5bd-f3f7-467a-920c-d19fad1f2df4
GTOP-CI161,RNA-seq,Illumina NovaSeq X,Diaphragm,fastq,GTOP-CI161-5415_2.fq.gz,6019.8,7bc07cd8-487c-4694-968a-e29c6bf954bb
GTOP-CI201,RNA-seq,Illumina NovaSeq X,Adipose,fastq,GTOP-CI201-0160_1.fq.gz,6469.5,59642529-d670-4b0f-b930-3020a8dc32fb
GTOP-CI201,RNA-seq,Illumina NovaSeq X,Adipose,fastq,GTOP-CI201-0160_2.fq.gz,6446.9,8a6f7b71-310a-449a-ba23-a62f9c40eabb
GTOP-CI201,RNA-seq,Illumina NovaSeq X,Whole_Blood,fastq,GTOP-CI201-0378_1.fq.gz,5553.1,421220c0-c676-4b04-b6fb-e986d13d89d1
GTOP-CI201,RNA-seq,Illumina NovaSeq X,Whole_Blood,fastq,GTOP-CI201-0378_2.fq.gz,5684,e3b364b6-5cfc-4026-9361-82b4f3e05408
GTOP-CI201,RNA-seq,Illumina NovaSeq X,Liver,fastq,GTOP-CI201-1053_1.fq.gz,7118.5,2f0a172f-b8ea-475d-ae44-d649d38b7d5c
GTOP-CI201,RNA-seq,Illumina NovaSeq X,Liver,fastq,GTOP-CI201-1053_2.fq.gz,7122.3,d2a3758a-55a6-41c6-ad3b-2bb66028ec35
GTOP-CI201,RNA-seq,Illumina NovaSeq X,Pancreas_Head,fastq,GTOP-CI201-1108_1.fq.gz,6575.8,8f8cd3f1-c9e1-4792-81da-1debadab838d
GTOP-CI201,RNA-seq,Illumina NovaSeq X,Pancreas_Head,fastq,GTOP-CI201-1108_2.fq.gz,6677.7,d232ba32-5bfd-4e7d-adc4-1112b0fd2075
GTOP-CI201,RNA-seq,Illumina NovaSeq X,Pancreas_Body,fastq,GTOP-CI201-1236_1.fq.gz,6041.1,19e4efb8-915b-4860-bff2-bf1ed396a4d5
GTOP-CI201,RNA-seq,Illumina NovaSeq X,Pancreas_Body,fastq,GTOP-CI201-1236_2.fq.gz,6104.8,5ee1b055-291d-4a19-841c-d3439b1e579e
GTOP-CI201,RNA-seq,Illumina NovaSeq X,Pancreas_Tail,fastq,GTOP-CI201-1392_1.fq.gz,6639.3,4f8a403b-f4fd-402b-8dd5-c3cc2407d3ec
GTOP-CI201,RNA-seq,Illumina NovaSeq X,Pancreas_Tail,fastq,GTOP-CI201-1392_2.fq.gz,6678.4,c223a6d6-d80f-4f63-b0e6-c8a99e5356e9
GTOP-CI201,RNA-seq,Illumina NovaSeq X,Gallbladder,fastq,GTOP-CI201-1856_1.fq.gz,6047.7,d06fefc0-f08e-4db9-80e6-3a635caca838
GTOP-CI201,RNA-seq,Illumina NovaSeq X,Gallbladder,fastq,GTOP-CI201-1856_2.fq.gz,6069.1,77abbb0e-0a13-43d8-b62e-7da2f72bf46d
GTOP-CI201,RNA-seq,Illumina NovaSeq X,Adrenal_Gland,fastq,GTOP-CI201-2099_1.fq.gz,6527.4,8803898c-aea7-465e-893c-8e3d91a98d13
GTOP-CI201,RNA-seq,Illumina NovaSeq X,Adrenal_Gland,fastq,GTOP-CI201-2099_2.fq.gz,6558.1,98429e14-9139-48eb-a0b4-cebfe82a4175
GTOP-CI201,RNA-seq,Illumina NovaSeq X,Diaphragm,fastq,GTOP-CI201-5415_1.fq.gz,5907.5,b9e6f211-62d9-4e0c-83a2-b85020b74f1d
GTOP-CI201,RNA-seq,Illumina NovaSeq X,Diaphragm,fastq,GTOP-CI201-5415_2.fq.gz,5895.5,cea86cbf-6e71-45ef-85d3-af02ce103d51
GTOP-CI211,RNA-seq,Illumina NovaSeq X,Muscle,fastq,GTOP-CI211-0087_1.fq.gz,6991.9,ead086e9-d3a8-4194-8eb4-3d78b610e754
GTOP-CI211,RNA-seq,Illumina NovaSeq X,Muscle,fastq,GTOP-CI211-0087_2.fq.gz,6979.1,b3681931-a0ae-4e48-9805-9fc2cbaaacbb
GTOP-CI211,RNA-seq,Illumina NovaSeq X,Adipose,fastq,GTOP-CI211-0160_1.fq.gz,6578,41a05212-a41e-4291-a4a6-bc530301c348
GTOP-CI211,RNA-seq,Illumina NovaSeq X,Adipose,fastq,GTOP-CI211-0160_2.fq.gz,6584.4,93c1e1a7-fd91-481c-b2e3-e02415474ba6
GTOP-CI211,RNA-seq,Illumina NovaSeq X,Skin,fastq,GTOP-CI211-0262_1.fq.gz,6577.6,ddf16707-0fa0-4f0f-9639-10ab8bf1696d
GTOP-CI211,RNA-seq,Illumina NovaSeq X,Skin,fastq,GTOP-CI211-0262_2.fq.gz,6571.2,81825daa-4b09-4cb4-ad72-85d650013259
GTOP-CI211,RNA-seq,Illumina NovaSeq X,Whole_Blood,fastq,GTOP-CI211-0378_1.fq.gz,7452.2,38f062e8-3dc4-458a-88e6-d134e92cdb76
GTOP-CI211,RNA-seq,Illumina NovaSeq X,Whole_Blood,fastq,GTOP-CI211-0378_2.fq.gz,7381.8,1cfe3156-e150-4ebc-acd7-f83ae53b4944
GTOP-CI211,RNA-seq,Illumina NovaSeq X,Liver,fastq,GTOP-CI211-1053_1.fq.gz,5761.3,ba449e3b-aeb8-4019-a031-3554d10ed953
GTOP-CI211,RNA-seq,Illumina NovaSeq X,Liver,fastq,GTOP-CI211-1053_2.fq.gz,5795.7,9a4616ee-1bd7-4b9b-8039-de103986a3fd
GTOP-CI211,RNA-seq,Illumina NovaSeq X,Pancreas_Head,fastq,GTOP-CI211-1108_1.fq.gz,5824.8,808b1eb8-69aa-4577-97c4-4d0511d00db9
GTOP-CI211,RNA-seq,Illumina NovaSeq X,Pancreas_Head,fastq,GTOP-CI211-1108_2.fq.gz,5892.6,0498a66b-67ec-4ecf-8f0b-a2195d9e0675
GTOP-CI211,RNA-seq,Illumina NovaSeq X,Pancreas_Body,fastq,GTOP-CI211-1236_1.fq.gz,5903.7,8b36cff2-65c2-4114-a787-9b4f5e6e18d1
GTOP-CI211,RNA-seq,Illumina NovaSeq X,Pancreas_Body,fastq,GTOP-CI211-1236_2.fq.gz,5912.8,2d147a58-18e0-4d11-9072-37b41f2d6de8
GTOP-CI211,RNA-seq,Illumina NovaSeq X,Pancreas_Tail,fastq,GTOP-CI211-1392_1.fq.gz,6708.9,98dd7373-94cb-4c2b-bce0-e46d1144a103
GTOP-CI211,RNA-seq,Illumina NovaSeq X,Pancreas_Tail,fastq,GTOP-CI211-1392_2.fq.gz,6769.6,d4a37966-d4ba-4a5e-8d2f-5ef77bd1b281
GTOP-CI211,RNA-seq,Illumina NovaSeq X,Gallbladder,fastq,GTOP-CI211-1856_1.fq.gz,6291.8,4502348d-25bf-45dc-a2e1-67c2cc9b9a2c
GTOP-CI211,RNA-seq,Illumina NovaSeq X,Gallbladder,fastq,GTOP-CI211-1856_2.fq.gz,6272.2,a502a57a-f2dc-4137-be30-92b85d602781
GTOP-CI211,RNA-seq,Illumina NovaSeq X,Adrenal_Gland,fastq,GTOP-CI211-2099_1.fq.gz,5920.9,a9d9cc80-594e-4c0c-99fd-64b599e35873
GTOP-CI211,RNA-seq,Illumina NovaSeq X,Adrenal_Gland,fastq,GTOP-CI211-2099_2.fq.gz,5984.2,a791578a-2748-433f-be80-d056e841a5a3
GTOP-CI211,RNA-seq,Illumina NovaSeq X,Spleen,fastq,GTOP-CI211-3082_1.fq.gz,5840.1,6d97a207-dab6-4edd-b378-87a539cf99d0
GTOP-CI211,RNA-seq,Illumina NovaSeq X,Spleen,fastq,GTOP-CI211-3082_2.fq.gz,5912.7,6f411699-64bb-4bfc-ba9f-754e9fbfd4b4
GTOP-CI211,RNA-seq,Illumina NovaSeq X,Diaphragm,fastq,GTOP-CI211-5415_1.fq.gz,6902.7,153ab056-03a1-4e6e-8185-89f9a7b6476f
GTOP-CI211,RNA-seq,Illumina NovaSeq X,Diaphragm,fastq,GTOP-CI211-5415_2.fq.gz,6878,c5af45f2-51d2-46ef-bebc-bf9d1e3fa497
GTOP-CI221,RNA-seq,Illumina NovaSeq X,Muscle,fastq,GTOP-CI221-0087_1.fq.gz,6891.6,6b7d583c-08c2-4743-80ab-7a07b62b6a1c
GTOP-CI221,RNA-seq,Illumina NovaSeq X,Muscle,fastq,GTOP-CI221-0087_2.fq.gz,6896.4,39e6aafc-cdf0-426a-94d0-4c5e204b3ec4
GTOP-CI221,RNA-seq,Illumina NovaSeq X,Adipose,fastq,GTOP-CI221-0160_1.fq.gz,7216,4103c9fb-efb2-4e6f-9471-6942c814369b
GTOP-CI221,RNA-seq,Illumina NovaSeq X,Adipose,fastq,GTOP-CI221-0160_2.fq.gz,7224.4,5f805e03-df1d-4b09-85b3-51fa4ba61bb6
GTOP-CI221,RNA-seq,Illumina NovaSeq X,Skin,fastq,GTOP-CI221-0262_1.fq.gz,6651.8,3428c522-2ab8-4eeb-9790-7b95629ddc4e
GTOP-CI221,RNA-seq,Illumina NovaSeq X,Skin,fastq,GTOP-CI221-0262_2.fq.gz,6615.2,9c89a9e2-2ff0-4ac9-bc18-b60d77506715
GTOP-CI221,RNA-seq,Illumina NovaSeq X,Whole_Blood,fastq,GTOP-CI221-0378_1.fq.gz,9284.8,079f8354-fd9d-4fd6-b5f8-6f0cc936380f
GTOP-CI221,RNA-seq,Illumina NovaSeq X,Whole_Blood,fastq,GTOP-CI221-0378_2.fq.gz,9345.1,4382628c-12e2-4dde-96b5-b8688d59a3d5
GTOP-CI221,RNA-seq,Illumina NovaSeq X,Liver,fastq,GTOP-CI221-1053_1.fq.gz,5910.1,74a1b7e8-3be8-456c-b208-44cb44cab83a
GTOP-CI221,RNA-seq,Illumina NovaSeq X,Liver,fastq,GTOP-CI221-1053_2.fq.gz,5993.8,9062d734-bfd2-4704-8e91-9d6f254869a2
GTOP-CI221,RNA-seq,Illumina NovaSeq X,Pancreas_Tail,fastq,GTOP-CI221-1392_1.fq.gz,4243.6,dfb48b8c-cb45-4236-9599-df25f21bbbd1
GTOP-CI221,RNA-seq,Illumina NovaSeq X,Pancreas_Tail,fastq,GTOP-CI221-1392_2.fq.gz,4335.9,35852dad-55dc-4b20-bd78-90945b922daa
GTOP-CI221,RNA-seq,Illumina NovaSeq X,Gallbladder,fastq,GTOP-CI221-1856_1.fq.gz,5948.6,ff815993-dfb7-4af3-8680-6bafcf2da798
GTOP-CI221,RNA-seq,Illumina NovaSeq X,Gallbladder,fastq,GTOP-CI221-1856_2.fq.gz,5977.3,5313753a-564f-4bd4-b645-b2b1fd23e3c2
GTOP-CI221,RNA-seq,Illumina NovaSeq X,Adrenal_Gland,fastq,GTOP-CI221-2099_1.fq.gz,5878.8,4b22916a-7715-4a65-acfc-a551a45e7f8a
GTOP-CI221,RNA-seq,Illumina NovaSeq X,Adrenal_Gland,fastq,GTOP-CI221-2099_2.fq.gz,5924.3,b13000e6-dcc3-4ae7-9c11-15855d60ed44
GTOP-CI221,RNA-seq,Illumina NovaSeq X,Spleen,fastq,GTOP-CI221-3082_1.fq.gz,6684.9,31904152-ab19-4723-9cf0-11895978209a
GTOP-CI221,RNA-seq,Illumina NovaSeq X,Spleen,fastq,GTOP-CI221-3082_2.fq.gz,6692.9,00c1d60f-9099-4ecb-b7e0-aacac7bf39e0
GTOP-CI221,RNA-seq,Illumina NovaSeq X,Diaphragm,fastq,GTOP-CI221-5415_1.fq.gz,6824.1,a6628936-8f76-40a7-b46f-3f0678b4fd5f
GTOP-CI221,RNA-seq,Illumina NovaSeq X,Diaphragm,fastq,GTOP-CI221-5415_2.fq.gz,6832,cb6d5b5f-e1a6-4c62-9e65-c40e104d5b35
GTOP-CI221,RNA-seq,Illumina NovaSeq X,Prostate,fastq,GTOP-CI221-6145_1.fq.gz,5775.5,aebb4fb2-e7fa-4644-87ff-334cf6a19afb
GTOP-CI221,RNA-seq,Illumina NovaSeq X,Prostate,fastq,GTOP-CI221-6145_2.fq.gz,5790.6,b33e71dd-a9f5-4348-938b-49bf6f9c63ac
GTOP-CI222,RNA-seq,Illumina NovaSeq X,Adipose,fastq,GTOP-CI222-0160_1.fq.gz,6070.7,a7d0a9fd-d20e-4c92-8797-5dc159ba4379
GTOP-CI222,RNA-seq,Illumina NovaSeq X,Adipose,fastq,GTOP-CI222-0160_2.fq.gz,6182.6,2975907d-3be8-4fa3-b39b-b64882d13288
GTOP-CI222,RNA-seq,Illumina NovaSeq X,Whole_Blood,fastq,GTOP-CI222-0378_1.fq.gz,5400.9,c6d06eef-def5-4e71-81a0-7ae274c8b3cc
GTOP-CI222,RNA-seq,Illumina NovaSeq X,Whole_Blood,fastq,GTOP-CI222-0378_2.fq.gz,5400.1,330b5cf2-e13c-4f6f-90db-74538d7fa76b
GTOP-CI222,RNA-seq,Illumina NovaSeq X,Liver,fastq,GTOP-CI222-1053_1.fq.gz,5841.4,bc91935f-4c09-4cdc-8649-a5e539d4f79b
GTOP-CI222,RNA-seq,Illumina NovaSeq X,Liver,fastq,GTOP-CI222-1053_2.fq.gz,5850.9,dabcfcf5-5593-414d-82ea-b9e155621101
GTOP-CI222,RNA-seq,Illumina NovaSeq X,Pancreas_Head,fastq,GTOP-CI222-1108_1.fq.gz,6684,0e2fda2e-70bb-4085-8d33-812111475885
GTOP-CI222,RNA-seq,Illumina NovaSeq X,Pancreas_Head,fastq,GTOP-CI222-1108_2.fq.gz,6739.1,ee52aed0-aaf8-4afa-a9a0-5e89f7fd91fd
GTOP-CI222,RNA-seq,Illumina NovaSeq X,Pancreas_Body,fastq,GTOP-CI222-1236_1.fq.gz,4803.9,1d4f22d6-7306-4ca0-ba9d-581c3975f728
GTOP-CI222,RNA-seq,Illumina NovaSeq X,Pancreas_Body,fastq,GTOP-CI222-1236_2.fq.gz,4885.6,49206404-556c-4fb9-822a-d907e99d9894
GTOP-CI222,RNA-seq,Illumina NovaSeq X,Pancreas_Tail,fastq,GTOP-CI222-1392_1.fq.gz,6918.6,bbc22c84-81fc-4e42-938a-1ed8a7c8f17e
GTOP-CI222,RNA-seq,Illumina NovaSeq X,Pancreas_Tail,fastq,GTOP-CI222-1392_2.fq.gz,7003.5,276f3a1f-9f82-4ba6-84d7-ac5ccafbedd0
GTOP-CI222,RNA-seq,Illumina NovaSeq X,Gallbladder,fastq,GTOP-CI222-1856_1.fq.gz,6492.2,90e2d3b9-6519-40b7-b1c6-13867a9d56ec
GTOP-CI222,RNA-seq,Illumina NovaSeq X,Gallbladder,fastq,GTOP-CI222-1856_2.fq.gz,6476.8,864d0be3-0aa7-469f-8163-b9578e24f544
GTOP-CI222,RNA-seq,Illumina NovaSeq X,Adrenal_Gland,fastq,GTOP-CI222-2099_1.fq.gz,7002.4,fd299de1-4fe0-43d3-823b-33f92fe7854a
GTOP-CI222,RNA-seq,Illumina NovaSeq X,Adrenal_Gland,fastq,GTOP-CI222-2099_2.fq.gz,7016.7,619ad4b5-dada-4f3c-a288-489f08c3b164
GTOP-CI222,RNA-seq,Illumina NovaSeq X,Heart_Right_Atrium,fastq,GTOP-CI222-4018_1.fq.gz,6173.3,09a37942-ba9a-46cb-b2f4-dcc8b6cbfb53
GTOP-CI222,RNA-seq,Illumina NovaSeq X,Heart_Right_Atrium,fastq,GTOP-CI222-4018_2.fq.gz,6129.6,361cda8b-87d1-4292-8cec-86a3b9cb73b6
GTOP-CI222,RNA-seq,Illumina NovaSeq X,Diaphragm,fastq,GTOP-CI222-5415_1.fq.gz,6141.6,4626146c-4792-46d0-b73c-40e09068e3a0
GTOP-CI222,RNA-seq,Illumina NovaSeq X,Diaphragm,fastq,GTOP-CI222-5415_2.fq.gz,6127.3,08ffc95a-9691-4a60-b8a8-80cd9c2dd9ce
GTOP-CI231,RNA-seq,Illumina NovaSeq X,Adipose,fastq,GTOP-CI231-0160_1.fq.gz,6156.8,8193ac8c-36ab-4933-8f80-53b154002446
GTOP-CI231,RNA-seq,Illumina NovaSeq X,Adipose,fastq,GTOP-CI231-0160_2.fq.gz,6154,0a405a3a-3004-4c28-a066-f38726272c3c
GTOP-CI231,RNA-seq,Illumina NovaSeq X,Liver,fastq,GTOP-CI231-1053_1.fq.gz,5914.5,ca141355-7571-43ff-85e5-af316c2bc656
GTOP-CI231,RNA-seq,Illumina NovaSeq X,Liver,fastq,GTOP-CI231-1053_2.fq.gz,5925.9,14d1ef60-8d65-438a-9244-d0c1f567ea50
GTOP-CI231,RNA-seq,Illumina NovaSeq X,Pancreas_Head,fastq,GTOP-CI231-1108_1.fq.gz,5976.5,c393a50b-e26e-4560-95ff-a632e65577b7
GTOP-CI231,RNA-seq,Illumina NovaSeq X,Pancreas_Head,fastq,GTOP-CI231-1108_2.fq.gz,6027.2,144fd40b-6f41-43cc-bde1-c76ef644a7ec
GTOP-CI231,RNA-seq,Illumina NovaSeq X,Pancreas_Tail,fastq,GTOP-CI231-1392_1.fq.gz,6575.9,a10d4c9c-e4d5-4f80-8fc5-5c65c9bd2e1e
GTOP-CI231,RNA-seq,Illumina NovaSeq X,Pancreas_Tail,fastq,GTOP-CI231-1392_2.fq.gz,6577.1,7ebc4ab4-99cd-4784-b91d-037ef9ca44de
GTOP-CI231,RNA-seq,Illumina NovaSeq X,Gallbladder,fastq,GTOP-CI231-1856_1.fq.gz,6015.5,ef2e21cf-f438-48f0-8097-3b9afa2ff90a
GTOP-CI231,RNA-seq,Illumina NovaSeq X,Gallbladder,fastq,GTOP-CI231-1856_2.fq.gz,6006.2,fbce7059-2489-4d04-a97e-2578f0d97ca2
GTOP-CI231,RNA-seq,Illumina NovaSeq X,Adrenal_Gland,fastq,GTOP-CI231-2099_1.fq.gz,6203.9,4440a3bc-19c8-4901-99bd-17ed1c697e53
GTOP-CI231,RNA-seq,Illumina NovaSeq X,Adrenal_Gland,fastq,GTOP-CI231-2099_2.fq.gz,6233.9,158c97f8-0293-442c-ad2f-1d4a983236a7
GTOP-CI231,RNA-seq,Illumina NovaSeq X,Diaphragm,fastq,GTOP-CI231-5415_1.fq.gz,6438.2,b9acc5fc-767f-4f21-8fe9-066739a71719
GTOP-CI231,RNA-seq,Illumina NovaSeq X,Diaphragm,fastq,GTOP-CI231-5415_2.fq.gz,6465.3,701f1bb6-48ec-4e2d-b9ce-0b0ee73e5bf9
GTOP-CI251,RNA-seq,Illumina NovaSeq X,Adipose,fastq,GTOP-CI251-0160_1.fq.gz,5900.3,eb2ecb19-d32b-47a0-bf80-7e1e3a4cb22c
GTOP-CI251,RNA-seq,Illumina NovaSeq X,Adipose,fastq,GTOP-CI251-0160_2.fq.gz,5906.1,408cd26e-bb21-4706-a9b0-018bc03a3cba
GTOP-CI251,RNA-seq,Illumina NovaSeq X,Liver,fastq,GTOP-CI251-1053_1.fq.gz,5816.9,d358e8da-8001-4109-a341-df23fd4614d9
GTOP-CI251,RNA-seq,Illumina NovaSeq X,Liver,fastq,GTOP-CI251-1053_2.fq.gz,5826.4,78f12d23-3223-4cac-adbb-d0b70bc44c90
GTOP-CI251,RNA-seq,Illumina NovaSeq X,Pancreas_Head,fastq,GTOP-CI251-1108_1.fq.gz,6225.5,98371e15-0127-4fb3-9f9b-15e8744334f4
GTOP-CI251,RNA-seq,Illumina NovaSeq X,Pancreas_Head,fastq,GTOP-CI251-1108_2.fq.gz,6282,be2a4788-ad68-45d0-9cda-45cd40a602c5
GTOP-CI251,RNA-seq,Illumina NovaSeq X,Pancreas_Tail,fastq,GTOP-CI251-1392_1.fq.gz,6189.8,2dcde783-2d8f-4ee9-a6c1-b9040755f34a
GTOP-CI251,RNA-seq,Illumina NovaSeq X,Pancreas_Tail,fastq,GTOP-CI251-1392_2.fq.gz,6269.9,654f9850-d555-41bb-a36d-d9497d48b43b
GTOP-CI251,RNA-seq,Illumina NovaSeq X,Gallbladder,fastq,GTOP-CI251-1856_1.fq.gz,6177.9,e5ab49f2-3ac9-4b7f-97dd-ad872f9d15fc
GTOP-CI251,RNA-seq,Illumina NovaSeq X,Gallbladder,fastq,GTOP-CI251-1856_2.fq.gz,6189.9,36519c5c-9221-4da7-acab-11ad795d0470
GTOP-CI251,RNA-seq,Illumina NovaSeq X,Adrenal_Gland,fastq,GTOP-CI251-2099_1.fq.gz,5807.7,dc4b1334-c321-412d-936b-f0ab644dd896
GTOP-CI251,RNA-seq,Illumina NovaSeq X,Adrenal_Gland,fastq,GTOP-CI251-2099_2.fq.gz,5810.7,f269a129-eea7-4d3b-a94d-6256592ce9c6
GTOP-CI251,RNA-seq,Illumina NovaSeq X,Diaphragm,fastq,GTOP-CI251-5415_1.fq.gz,5886.4,69b40dd9-7b12-4144-a288-4df89aecac9f
GTOP-CI251,RNA-seq,Illumina NovaSeq X,Diaphragm,fastq,GTOP-CI251-5415_2.fq.gz,5873.8,6b48694f-4712-422f-8868-c407ce82b85b
GTOP-CI291,RNA-seq,Illumina NovaSeq X,Muscle,fastq,GTOP-CI291-0087_1.fq.gz,5372.9,3a564986-22e8-4665-9cbf-4afbe6f5b017
GTOP-CI291,RNA-seq,Illumina NovaSeq X,Muscle,fastq,GTOP-CI291-0087_2.fq.gz,5401.3,6af1dab3-71c0-4e13-84e7-05e28864d2b9
GTOP-CI291,RNA-seq,Illumina NovaSeq X,Adipose,fastq,GTOP-CI291-0160_1.fq.gz,5982.2,e739c0e7-4938-412d-a543-011b44165980
GTOP-CI291,RNA-seq,Illumina NovaSeq X,Adipose,fastq,GTOP-CI291-0160_2.fq.gz,6048.7,a17b6e68-81de-4f7d-b85f-b7ab4db21269
GTOP-CI291,RNA-seq,Illumina NovaSeq X,Skin,fastq,GTOP-CI291-0262_1.fq.gz,5988.7,5708c371-5d70-41f1-9a85-4dd1e3cb6d98
GTOP-CI291,RNA-seq,Illumina NovaSeq X,Skin,fastq,GTOP-CI291-0262_2.fq.gz,6001.3,9fd1660a-de74-4dae-826f-c5e35e12bac3
GTOP-CI291,RNA-seq,Illumina NovaSeq X,Pancreas_Head,fastq,GTOP-CI291-1108_1.fq.gz,7299,77d90a83-4d5d-4343-bb52-b7864bd97c46
GTOP-CI291,RNA-seq,Illumina NovaSeq X,Pancreas_Head,fastq,GTOP-CI291-1108_2.fq.gz,7319.2,1f41e823-2348-4b7e-9ef8-713e95a10845
GTOP-CI291,RNA-seq,Illumina NovaSeq X,Pancreas_Body,fastq,GTOP-CI291-1236_1.fq.gz,4975.8,04500cea-c94c-4db7-a8a4-b72895cc2ba7
GTOP-CI291,RNA-seq,Illumina NovaSeq X,Pancreas_Body,fastq,GTOP-CI291-1236_2.fq.gz,5047.9,e5fa2de2-f678-4c02-b355-913e8be08ec4
GTOP-CI291,RNA-seq,Illumina NovaSeq X,Pancreas_Tail,fastq,GTOP-CI291-1392_1.fq.gz,6872.4,c15cf368-3c2c-44a0-9ea5-85a7ebbc15d3
GTOP-CI291,RNA-seq,Illumina NovaSeq X,Pancreas_Tail,fastq,GTOP-CI291-1392_2.fq.gz,6904.4,a313129e-4c04-4661-937c-92dbffbf3270
GTOP-CI291,RNA-seq,Illumina NovaSeq X,Adrenal_Gland,fastq,GTOP-CI291-2099_1.fq.gz,7774.2,07190973-65a2-4b88-b411-28b3892c2e2d
GTOP-CI291,RNA-seq,Illumina NovaSeq X,Adrenal_Gland,fastq,GTOP-CI291-2099_2.fq.gz,7822.1,32c28430-0420-4834-a3b4-e7003e4432b0
GTOP-CI291,RNA-seq,Illumina NovaSeq X,Spleen,fastq,GTOP-CI291-3082_1.fq.gz,6715.5,05f3abee-3297-4bdd-98c4-674dbcd90f0f
GTOP-CI291,RNA-seq,Illumina NovaSeq X,Spleen,fastq,GTOP-CI291-3082_2.fq.gz,6728.7,717b8107-1a53-4a3d-b18a-7d91e9db5bfd
GTOP-CI291,RNA-seq,Illumina NovaSeq X,Diaphragm,fastq,GTOP-CI291-5415_1.fq.gz,6830.8,75f8338e-16a5-4db4-a525-c17b38dc7c2a
GTOP-CI291,RNA-seq,Illumina NovaSeq X,Diaphragm,fastq,GTOP-CI291-5415_2.fq.gz,6851.2,e67743b7-4ba9-4f30-98c4-83e2cc5de6cf
GTOP-CI301,RNA-seq,Illumina NovaSeq X,Muscle,fastq,GTOP-CI301-0087_1.fq.gz,6482.9,201877cd-981e-427c-893c-3ca1df6cb20f
GTOP-CI301,RNA-seq,Illumina NovaSeq X,Muscle,fastq,GTOP-CI301-0087_2.fq.gz,6484.6,8c8821a3-6a32-47ad-b7ac-ee1a1e9a3d9a
GTOP-CI301,RNA-seq,Illumina NovaSeq X,Adipose,fastq,GTOP-CI301-0160_1.fq.gz,8024.1,6c773882-321d-418f-a046-be2072043e31
GTOP-CI301,RNA-seq,Illumina NovaSeq X,Adipose,fastq,GTOP-CI301-0160_2.fq.gz,8049.9,a84753b6-15d7-4834-b200-070d6f5ceb4a
GTOP-CI301,RNA-seq,Illumina NovaSeq X,Whole_Blood,fastq,GTOP-CI301-0378_1.fq.gz,10184.8,3dd6046f-789c-4f21-95cf-fec5fb974120
GTOP-CI301,RNA-seq,Illumina NovaSeq X,Whole_Blood,fastq,GTOP-CI301-0378_2.fq.gz,10400,2e0a38e2-6d8b-4c17-8ece-dad41eb7fae6
GTOP-CI301,RNA-seq,Illumina NovaSeq X,Liver,fastq,GTOP-CI301-1053_1.fq.gz,5657.8,a19bdb65-5819-49cc-be2d-54639e78dc69
GTOP-CI301,RNA-seq,Illumina NovaSeq X,Liver,fastq,GTOP-CI301-1053_2.fq.gz,5669,352a315c-2134-457c-9ecf-cefccc6b834e
GTOP-CI301,RNA-seq,Illumina NovaSeq X,Pancreas_Head,fastq,GTOP-CI301-1108_1.fq.gz,7507.5,2a84a3d4-6bad-4085-93f1-6508f8b78c45
GTOP-CI301,RNA-seq,Illumina NovaSeq X,Pancreas_Head,fastq,GTOP-CI301-1108_2.fq.gz,7514.9,49108a50-133d-4d96-8e24-e82f82ae10ad
GTOP-CI301,RNA-seq,Illumina NovaSeq X,Pancreas_Body,fastq,GTOP-CI301-1236_1.fq.gz,5409.6,e2db05ba-97d3-48c6-bd82-5e961c2ba9fc
GTOP-CI301,RNA-seq,Illumina NovaSeq X,Pancreas_Body,fastq,GTOP-CI301-1236_2.fq.gz,5406.2,50b3ea12-fda0-481d-a43c-1e31c0bd48ae
GTOP-CI301,RNA-seq,Illumina NovaSeq X,Pancreas_Tail,fastq,GTOP-CI301-1392_1.fq.gz,6754.7,0c3eb707-77dd-46d9-a275-b5d9b067cbd7
GTOP-CI301,RNA-seq,Illumina NovaSeq X,Pancreas_Tail,fastq,GTOP-CI301-1392_2.fq.gz,6757,22dd0ead-7bbf-45ae-92f4-02e7c470f18d
GTOP-CI301,RNA-seq,Illumina NovaSeq X,Gallbladder,fastq,GTOP-CI301-1856_1.fq.gz,6729.6,748b95d0-cb84-4595-98d6-c60900adc1a8
GTOP-CI301,RNA-seq,Illumina NovaSeq X,Gallbladder,fastq,GTOP-CI301-1856_2.fq.gz,6751.6,f9bb8487-37c5-4968-b844-a9dd432e2584
GTOP-CI301,RNA-seq,Illumina NovaSeq X,Adrenal_Gland,fastq,GTOP-CI301-2099_1.fq.gz,5883.2,d7b731e6-3c7d-4238-95f0-e0a6439194c1
GTOP-CI301,RNA-seq,Illumina NovaSeq X,Adrenal_Gland,fastq,GTOP-CI301-2099_2.fq.gz,5908.4,9a21011a-eca4-4340-ae40-540fddcd3aa0
GTOP-CI301,RNA-seq,Illumina NovaSeq X,Spleen,fastq,GTOP-CI301-3082_1.fq.gz,6817.1,ae3b3fee-b31e-40ed-adc5-2fb35297a503
GTOP-CI301,RNA-seq,Illumina NovaSeq X,Spleen,fastq,GTOP-CI301-3082_2.fq.gz,6837.4,52f53ab0-5096-4008-8ae9-213e498c0de4
GTOP-CI301,RNA-seq,Illumina NovaSeq X,Heart_Left_Ventricle,fastq,GTOP-CI301-4002_1.fq.gz,6996.9,1089fe3c-0a97-43bc-af19-d8cbbc922ff9
GTOP-CI301,RNA-seq,Illumina NovaSeq X,Heart_Left_Ventricle,fastq,GTOP-CI301-4002_2.fq.gz,6999.6,f805dcbe-8401-4b27-8205-4318d1ba4eff
GTOP-CI301,RNA-seq,Illumina NovaSeq X,Heart_Right_Ventricle,fastq,GTOP-CI301-4003_1.fq.gz,8215,92391d2f-b73f-4f48-ac5d-5f99556a5051
GTOP-CI301,RNA-seq,Illumina NovaSeq X,Heart_Right_Ventricle,fastq,GTOP-CI301-4003_2.fq.gz,8294.1,ad9f5b33-34c7-4d1b-a8a8-c64bfc528ee6
GTOP-CI301,RNA-seq,Illumina NovaSeq X,Heart_Right_Atrium,fastq,GTOP-CI301-4018_1.fq.gz,7603.5,44912452-e561-4f75-a72a-96d0c147313f
GTOP-CI301,RNA-seq,Illumina NovaSeq X,Heart_Right_Atrium,fastq,GTOP-CI301-4018_2.fq.gz,7684.6,f5f739e3-2cc5-409a-9bbd-b92af76b9610
GTOP-CI301,RNA-seq,Illumina NovaSeq X,Heart_Left_Atrium,fastq,GTOP-CI301-4019_1.fq.gz,5616.7,c753a312-a613-4a8b-8640-edae3e8f8265
GTOP-CI301,RNA-seq,Illumina NovaSeq X,Heart_Left_Atrium,fastq,GTOP-CI301-4019_2.fq.gz,5650.7,6153e9ac-48df-480a-b4ad-dcc9c50f7009
GTOP-CI301,RNA-seq,Illumina NovaSeq X,Heart_Mitral_Valve,fastq,GTOP-CI301-4022_1.fq.gz,6150.2,a1ef0f0a-3515-45e0-8af8-975d34764b26
GTOP-CI301,RNA-seq,Illumina NovaSeq X,Heart_Mitral_Valve,fastq,GTOP-CI301-4022_2.fq.gz,6181.5,8370108a-bba5-45df-bb7f-bf7e7d46f912
GTOP-CI301,RNA-seq,Illumina NovaSeq X,Heart_Tricuspid_Valve,fastq,GTOP-CI301-4023_1.fq.gz,6245.7,12fb2847-8ed2-45e7-882b-b4b5f262a8f9
GTOP-CI301,RNA-seq,Illumina NovaSeq X,Heart_Tricuspid_Valve,fastq,GTOP-CI301-4023_2.fq.gz,6282.7,9a74d4c9-80a3-4658-9cbe-6264e7b0a5d1
GTOP-CI301,RNA-seq,Illumina NovaSeq X,Lung_Base,fastq,GTOP-CI301-5032_1.fq.gz,8311.6,0a3b848f-7aed-438b-86de-1f0540ceba3e
GTOP-CI301,RNA-seq,Illumina NovaSeq X,Lung_Base,fastq,GTOP-CI301-5032_2.fq.gz,8318.1,cd9377bf-ce2b-461d-8670-6f16aedcfa5a
GTOP-CI301,RNA-seq,Illumina NovaSeq X,Diaphragm,fastq,GTOP-CI301-5415_1.fq.gz,6018.4,881e40c2-428d-41ef-ba80-0d103ae40cb3
GTOP-CI301,RNA-seq,Illumina NovaSeq X,Diaphragm,fastq,GTOP-CI301-5415_2.fq.gz,6023.1,842e3726-9b1f-49a6-8ace-17b993295920
GTOP-CJ091,RNA-seq,Illumina NovaSeq X,Adipose,fastq,GTOP-CJ091-0160_1.fq.gz,5989.3,e18209b6-c633-411e-81d4-b076813a9429
GTOP-CJ091,RNA-seq,Illumina NovaSeq X,Adipose,fastq,GTOP-CJ091-0160_2.fq.gz,6012.3,547adcbc-7ffc-4d59-8cc3-649aed8dfc51
GTOP-CJ091,RNA-seq,Illumina NovaSeq X,Whole_Blood,fastq,GTOP-CJ091-0378_1.fq.gz,9866.5,4e5f5305-b128-43a6-bc25-14cec8475425
GTOP-CJ091,RNA-seq,Illumina NovaSeq X,Whole_Blood,fastq,GTOP-CJ091-0378_2.fq.gz,9886.9,9511828a-5da3-4059-bf35-04cc2f9736d3
GTOP-CJ091,RNA-seq,Illumina NovaSeq X,Liver,fastq,GTOP-CJ091-1053_1.fq.gz,7423.9,53d023e8-e884-4536-9025-71607a0cd4d5
GTOP-CJ091,RNA-seq,Illumina NovaSeq X,Liver,fastq,GTOP-CJ091-1053_2.fq.gz,7632.9,4524d318-47c0-498b-a7c6-70abc14b16a9
GTOP-CJ091,RNA-seq,Illumina NovaSeq X,Pancreas_Head,fastq,GTOP-CJ091-1108_1.fq.gz,7479.1,2e7fc1f8-5286-4425-9bfb-e70287acbd07
GTOP-CJ091,RNA-seq,Illumina NovaSeq X,Pancreas_Head,fastq,GTOP-CJ091-1108_2.fq.gz,7485.8,15c54ec0-10ee-4710-b361-395e63fce9f7
GTOP-CJ091,RNA-seq,Illumina NovaSeq X,Pancreas_Tail,fastq,GTOP-CJ091-1392_1.fq.gz,6224.6,99d74acd-f588-4dc6-bb51-2af9aab6cc74
GTOP-CJ091,RNA-seq,Illumina NovaSeq X,Pancreas_Tail,fastq,GTOP-CJ091-1392_2.fq.gz,6187.1,5f24309f-8105-426a-89d6-ac6a665bdc3c
GTOP-CJ091,RNA-seq,Illumina NovaSeq X,Gallbladder,fastq,GTOP-CJ091-1856_1.fq.gz,6225.4,67597c88-bcb8-45ee-afd0-970b517c94ab
GTOP-CJ091,RNA-seq,Illumina NovaSeq X,Gallbladder,fastq,GTOP-CJ091-1856_2.fq.gz,6220.2,1d0ea324-e6dc-4753-b474-cec00a291d63
GTOP-CJ091,RNA-seq,Illumina NovaSeq X,Adrenal_Gland,fastq,GTOP-CJ091-2099_1.fq.gz,7791,58b26eaa-9ce9-4759-ae0c-a70817753e74
GTOP-CJ091,RNA-seq,Illumina NovaSeq X,Adrenal_Gland,fastq,GTOP-CJ091-2099_2.fq.gz,7920.9,a014530a-1704-4749-8c4e-9617a70ad9c6
GTOP-CJ091,RNA-seq,Illumina NovaSeq X,Diaphragm,fastq,GTOP-CJ091-5415_1.fq.gz,6337.5,11d56cda-7483-4227-b82b-04bee05f5b53
GTOP-CJ091,RNA-seq,Illumina NovaSeq X,Diaphragm,fastq,GTOP-CJ091-5415_2.fq.gz,6334.6,84529429-5e79-4d4b-94d4-5a9657a7c491
GTOP-CJ092,RNA-seq,Illumina NovaSeq X,Muscle,fastq,GTOP-CJ092-0087_1.fq.gz,8358,6f3773ff-81fb-4d18-a4c6-b639d8ebeb70
GTOP-CJ092,RNA-seq,Illumina NovaSeq X,Muscle,fastq,GTOP-CJ092-0087_2.fq.gz,8298.8,0914e251-e1e8-41c2-b813-1fcae3ee958a
GTOP-CJ092,RNA-seq,Illumina NovaSeq X,Adipose,fastq,GTOP-CJ092-0160_1.fq.gz,7804.1,78c931db-f437-46a5-96c2-c365ea2247d8
GTOP-CJ092,RNA-seq,Illumina NovaSeq X,Adipose,fastq,GTOP-CJ092-0160_2.fq.gz,7767.8,4b7561df-e9aa-476f-95ac-881367d761ca
GTOP-CJ092,RNA-seq,Illumina NovaSeq X,Whole_Blood,fastq,GTOP-CJ092-0378_1.fq.gz,7976.3,6b1ad782-afb8-454d-9c89-290f3d07f891
GTOP-CJ092,RNA-seq,Illumina NovaSeq X,Whole_Blood,fastq,GTOP-CJ092-0378_2.fq.gz,7907.4,4ee62263-2e39-432c-a58b-5b559f59f93f
GTOP-CJ092,RNA-seq,Illumina NovaSeq X,Pancreas_Head,fastq,GTOP-CJ092-1108_1.fq.gz,7436.9,a63ec586-8b85-43f5-aa59-fe7d2ef8abbc
GTOP-CJ092,RNA-seq,Illumina NovaSeq X,Pancreas_Head,fastq,GTOP-CJ092-1108_2.fq.gz,7356.4,63a1c84e-22a9-43e9-b62e-74bb1ca29846
GTOP-CJ092,RNA-seq,Illumina NovaSeq X,Pancreas_Tail,fastq,GTOP-CJ092-1392_1.fq.gz,8694.7,252148f0-4748-4e65-8e1d-ae4f8467788c
GTOP-CJ092,RNA-seq,Illumina NovaSeq X,Pancreas_Tail,fastq,GTOP-CJ092-1392_2.fq.gz,8695,bfe94946-4b78-47c6-81e2-42457d0188bd
GTOP-CJ092,RNA-seq,Illumina NovaSeq X,Small_Intestine,fastq,GTOP-CJ092-1470_1.fq.gz,7640.7,7f2e5eda-1fb6-48aa-a90f-1052ba93d02c
GTOP-CJ092,RNA-seq,Illumina NovaSeq X,Small_Intestine,fastq,GTOP-CJ092-1470_2.fq.gz,7511.9,1fc05417-a2db-44e8-be00-5a6b8b413c7a
GTOP-CJ092,RNA-seq,Illumina NovaSeq X,Colon,fastq,GTOP-CJ092-1584_1.fq.gz,4507.5,db83058f-3811-4284-913c-a55c9d32ca4b
GTOP-CJ092,RNA-seq,Illumina NovaSeq X,Colon,fastq,GTOP-CJ092-1584_2.fq.gz,4502.1,25e651b3-6073-4ad5-b3c6-708e34110ef1
GTOP-CJ092,RNA-seq,Illumina NovaSeq X,Stomach,fastq,GTOP-CJ092-1601_1.fq.gz,7992.5,9fa7f46e-6145-4c62-914d-c681af1ffb1d
GTOP-CJ092,RNA-seq,Illumina NovaSeq X,Stomach,fastq,GTOP-CJ092-1601_2.fq.gz,7923.3,2514da10-3ba6-464a-97af-d36c8e304e12
GTOP-CJ092,RNA-seq,Illumina NovaSeq X,Gallbladder,fastq,GTOP-CJ092-1856_1.fq.gz,7658.1,ea8ee28c-7b7f-4770-a1ee-b5c8928640f9
GTOP-CJ092,RNA-seq,Illumina NovaSeq X,Gallbladder,fastq,GTOP-CJ092-1856_2.fq.gz,7609.2,67c8878a-cabd-4d34-8a5f-cf34776c11a7
GTOP-CJ092,RNA-seq,Illumina NovaSeq X,Adrenal_Gland,fastq,GTOP-CJ092-2099_1.fq.gz,8616.6,6171531f-bd89-46b3-a940-59735a87c1d9
GTOP-CJ092,RNA-seq,Illumina NovaSeq X,Adrenal_Gland,fastq,GTOP-CJ092-2099_2.fq.gz,8845.5,18b250dd-e0e7-4352-98bf-a210d827f198
GTOP-CJ092,RNA-seq,Illumina NovaSeq X,Spleen,fastq,GTOP-CJ092-3082_1.fq.gz,9137.2,0772cb31-540c-4814-86dc-f5916e4904eb
GTOP-CJ092,RNA-seq,Illumina NovaSeq X,Spleen,fastq,GTOP-CJ092-3082_2.fq.gz,9067.4,a4a8edbd-6a5b-4a2d-856e-6ee1a7e7190c
GTOP-CJ092,RNA-seq,Illumina NovaSeq X,Heart_Left_Ventricle,fastq,GTOP-CJ092-4002_1.fq.gz,6989.4,473440c6-f688-4ec8-bbef-4fea14c68a54
GTOP-CJ092,RNA-seq,Illumina NovaSeq X,Heart_Left_Ventricle,fastq,GTOP-CJ092-4002_2.fq.gz,6955.3,7f093a8f-7fac-4e27-8044-7ca7997189c6
GTOP-CJ092,RNA-seq,Illumina NovaSeq X,Heart_Right_Ventricle,fastq,GTOP-CJ092-4003_1.fq.gz,6783.1,091bf078-5bb8-4c12-9e3a-f74c3debc5e2
GTOP-CJ092,RNA-seq,Illumina NovaSeq X,Heart_Right_Ventricle,fastq,GTOP-CJ092-4003_2.fq.gz,6765.1,716d2960-4133-4477-86b0-7ed38be3f113
GTOP-CJ092,RNA-seq,Illumina NovaSeq X,Heart_Right_Atrium,fastq,GTOP-CJ092-4018_1.fq.gz,7085.4,6b7c20aa-1ee0-4f1c-a0fb-fd8e7513287a
GTOP-CJ092,RNA-seq,Illumina NovaSeq X,Heart_Right_Atrium,fastq,GTOP-CJ092-4018_2.fq.gz,7023,badf8551-0016-4ea6-b1ed-9a012b47beaf
GTOP-CJ092,RNA-seq,Illumina NovaSeq X,Heart_Left_Atrium,fastq,GTOP-CJ092-4019_1.fq.gz,6593,15c05066-5cb7-4099-b849-307ca6bfa253
GTOP-CJ092,RNA-seq,Illumina NovaSeq X,Heart_Left_Atrium,fastq,GTOP-CJ092-4019_2.fq.gz,6556.7,b41ffe9c-36d4-443d-a5a1-83f627194c91
GTOP-CJ092,RNA-seq,Illumina NovaSeq X,Heart_Mitral_Valve,fastq,GTOP-CJ092-4022_1.fq.gz,7010.4,80fe8d21-52f3-4b6e-932b-17ad826e7bbe
GTOP-CJ092,RNA-seq,Illumina NovaSeq X,Heart_Mitral_Valve,fastq,GTOP-CJ092-4022_2.fq.gz,7079.4,00ddc736-ff06-4cb9-a728-c8ac2a3ac037
GTOP-CJ092,RNA-seq,Illumina NovaSeq X,Heart_Tricuspid_Valve,fastq,GTOP-CJ092-4023_1.fq.gz,7531.6,e7b455a3-5491-4c72-83d3-e0416d013716
GTOP-CJ092,RNA-seq,Illumina NovaSeq X,Heart_Tricuspid_Valve,fastq,GTOP-CJ092-4023_2.fq.gz,7489.7,5e06a16e-0d78-43ee-bf94-232ce32c909f
GTOP-CJ092,RNA-seq,Illumina NovaSeq X,Lung_Base,fastq,GTOP-CJ092-5032_1.fq.gz,9041.3,abcebe33-2d71-4620-bed7-283ce07ae8fd
GTOP-CJ092,RNA-seq,Illumina NovaSeq X,Lung_Base,fastq,GTOP-CJ092-5032_2.fq.gz,8998.4,7a09a942-8201-4a07-81a4-46b0d313804b
GTOP-CJ092,RNA-seq,Illumina NovaSeq X,Lung_Apex,fastq,GTOP-CJ092-5156_1.fq.gz,7678.6,7798be0d-dbe8-48b0-9c7a-e42fc22423b6
GTOP-CJ092,RNA-seq,Illumina NovaSeq X,Lung_Apex,fastq,GTOP-CJ092-5156_2.fq.gz,7633.1,b7100944-035f-42b0-ada3-8ea6b17986ea
GTOP-CJ092,RNA-seq,Illumina NovaSeq X,Diaphragm,fastq,GTOP-CJ092-5415_1.fq.gz,7826.9,83191b30-361e-4bf8-86b4-08724288c3fc
GTOP-CJ092,RNA-seq,Illumina NovaSeq X,Diaphragm,fastq,GTOP-CJ092-5415_2.fq.gz,7786.5,e415bef5-65d0-466f-aa46-043c6ab65443
GTOP-CJ092,RNA-seq,Illumina NovaSeq X,Ovary,fastq,GTOP-CJ092-6235_1.fq.gz,6042.6,86239d3c-0657-4cf0-8b76-bec8d0f9bbf2
GTOP-CJ092,RNA-seq,Illumina NovaSeq X,Ovary,fastq,GTOP-CJ092-6235_2.fq.gz,6019.2,69a16b70-bbce-4ca1-bfd7-b91db1bd9f45
GTOP-CJ092,RNA-seq,Illumina NovaSeq X,Uterus,fastq,GTOP-CJ092-6246_1.fq.gz,6012.3,c1593498-ca0b-485c-a744-1470f712bc6f
GTOP-CJ092,RNA-seq,Illumina NovaSeq X,Uterus,fastq,GTOP-CJ092-6246_2.fq.gz,5971.3,d38c1dc5-737c-4e1c-968b-137d6758bdd0
GTOP-CJ093,RNA-seq,Illumina NovaSeq X,Muscle,fastq,GTOP-CJ093-0087_1.fq.gz,5527,59f30b34-e68e-46c7-a4bb-40e4a0884c80
GTOP-CJ093,RNA-seq,Illumina NovaSeq X,Muscle,fastq,GTOP-CJ093-0087_2.fq.gz,5485.8,57fbfe43-9bef-4509-8714-5dca9c39109f
GTOP-CJ093,RNA-seq,Illumina NovaSeq X,Adipose,fastq,GTOP-CJ093-0160_1.fq.gz,5578.8,bd36fe88-d17b-4ade-83a7-61e5974e9c3b
GTOP-CJ093,RNA-seq,Illumina NovaSeq X,Adipose,fastq,GTOP-CJ093-0160_2.fq.gz,5540.2,defd958e-d996-4c31-8bc3-6aadd35ed8a4
GTOP-CJ093,RNA-seq,Illumina NovaSeq X,Skin,fastq,GTOP-CJ093-0262_1.fq.gz,5470.6,55e46374-02a1-4610-97f9-e8b2780c25b2
GTOP-CJ093,RNA-seq,Illumina NovaSeq X,Skin,fastq,GTOP-CJ093-0262_2.fq.gz,5447.5,dead417c-4294-4b84-a729-9371740cb367
GTOP-CJ093,RNA-seq,Illumina NovaSeq X,Whole_Blood,fastq,GTOP-CJ093-0378_1.fq.gz,6105,92b50f13-274b-47ee-83e0-5bb821f16b5a
GTOP-CJ093,RNA-seq,Illumina NovaSeq X,Whole_Blood,fastq,GTOP-CJ093-0378_2.fq.gz,6150.5,fac88b4c-2f3a-4fb1-9a93-c1aa9ccf5636
GTOP-CJ093,RNA-seq,Illumina NovaSeq X,Liver,fastq,GTOP-CJ093-1053_1.fq.gz,6088.3,e38a4fca-e6c2-46de-a991-4d574bb6d172
GTOP-CJ093,RNA-seq,Illumina NovaSeq X,Liver,fastq,GTOP-CJ093-1053_2.fq.gz,6107.1,47b4f37d-ce6f-49a6-9f18-a75a6210634f
GTOP-CJ093,RNA-seq,Illumina NovaSeq X,Adrenal_Gland,fastq,GTOP-CJ093-2099_1.fq.gz,5482.6,ceb74f64-1091-4d94-bde1-f1af826eae93
GTOP-CJ093,RNA-seq,Illumina NovaSeq X,Adrenal_Gland,fastq,GTOP-CJ093-2099_2.fq.gz,5460.5,4c96cbfc-924d-4c83-acf6-9449bcab9565
GTOP-CJ093,RNA-seq,Illumina NovaSeq X,Spleen,fastq,GTOP-CJ093-3082_1.fq.gz,5463.7,b9a54305-e3ec-4da2-b5b2-1c65296747d5
GTOP-CJ093,RNA-seq,Illumina NovaSeq X,Spleen,fastq,GTOP-CJ093-3082_2.fq.gz,5430.3,6908038c-99d7-49ab-a1b8-ae83e96a09bf
GTOP-CJ093,RNA-seq,Illumina NovaSeq X,Diaphragm,fastq,GTOP-CJ093-5415_1.fq.gz,5418.7,a1a7f57b-afe5-4ce3-a66f-3e6ae1c7c272
GTOP-CJ093,RNA-seq,Illumina NovaSeq X,Diaphragm,fastq,GTOP-CJ093-5415_2.fq.gz,5395.9,a27af636-e334-43a7-84d9-45ff5a6032d4
GTOP-CJ111,RNA-seq,Illumina NovaSeq X,Whole_Blood,fastq,GTOP-CJ111-0378_1.fq.gz,6898.3,ac0f3a1a-5cfd-4cf7-971d-af893038c99e
GTOP-CJ111,RNA-seq,Illumina NovaSeq X,Whole_Blood,fastq,GTOP-CJ111-0378_2.fq.gz,6948.7,72382cc9-b18e-4021-aee0-bd812f3fe599
GTOP-CJ111,RNA-seq,Illumina NovaSeq X,Pancreas_Head,fastq,GTOP-CJ111-1108_1.fq.gz,6194,708a5442-4301-45cc-a50b-09357b8dc61a
GTOP-CJ111,RNA-seq,Illumina NovaSeq X,Pancreas_Head,fastq,GTOP-CJ111-1108_2.fq.gz,6166.5,4285b605-ad84-441f-bdc5-81dc674cc327
GTOP-CJ111,RNA-seq,Illumina NovaSeq X,Pancreas_Body,fastq,GTOP-CJ111-1236_1.fq.gz,5633.5,c9e90620-ab8d-4132-8c5c-4384f2b7cd8a
GTOP-CJ111,RNA-seq,Illumina NovaSeq X,Pancreas_Body,fastq,GTOP-CJ111-1236_2.fq.gz,5631.8,dbc6c1d7-cd41-4e0a-a5ac-0845a6bc4f2b
GTOP-CJ111,RNA-seq,Illumina NovaSeq X,Pancreas_Tail,fastq,GTOP-CJ111-1392_1.fq.gz,7378.3,73e96b08-c6fe-4144-9ef8-b5395aae2042
GTOP-CJ111,RNA-seq,Illumina NovaSeq X,Pancreas_Tail,fastq,GTOP-CJ111-1392_2.fq.gz,7348.9,d972ee89-6162-4506-a2ad-46ca724cf5d3
GTOP-CJ111,RNA-seq,Illumina NovaSeq X,Gallbladder,fastq,GTOP-CJ111-1856_1.fq.gz,7159.3,4dd5224a-6184-4773-8f9a-9f67fab1692a
GTOP-CJ111,RNA-seq,Illumina NovaSeq X,Gallbladder,fastq,GTOP-CJ111-1856_2.fq.gz,7063.3,1282536e-8b6d-430b-ae61-6f44b60fc54b
GTOP-CJ111,RNA-seq,Illumina NovaSeq X,Diaphragm,fastq,GTOP-CJ111-5415_1.fq.gz,6804.7,0bdb5185-9809-43e0-bb07-fbc1ee6584aa
GTOP-CJ111,RNA-seq,Illumina NovaSeq X,Diaphragm,fastq,GTOP-CJ111-5415_2.fq.gz,6740.3,94e7bb45-60bc-411e-b86d-ef95715c0d29
GTOP-CJ151,RNA-seq,Illumina NovaSeq X,Adipose,fastq,GTOP-CJ151-0160_1.fq.gz,6100.2,c828df35-6dee-433c-9139-cc2725162558
GTOP-CJ151,RNA-seq,Illumina NovaSeq X,Adipose,fastq,GTOP-CJ151-0160_2.fq.gz,6194.1,e3a51727-7295-49bf-8881-840b2fb53685
GTOP-CJ151,RNA-seq,Illumina NovaSeq X,Liver,fastq,GTOP-CJ151-1053_1.fq.gz,7089.1,ec165c92-c6a3-4016-ab9e-555f748b36eb
GTOP-CJ151,RNA-seq,Illumina NovaSeq X,Liver,fastq,GTOP-CJ151-1053_2.fq.gz,7129.3,90cf5f44-8efc-4a64-81dc-58bc41aab6ce
GTOP-CJ151,RNA-seq,Illumina NovaSeq X,Pancreas_Tail,fastq,GTOP-CJ151-1392_1.fq.gz,5646.1,1f04b760-83a1-4564-a3f3-93ca7d430c81
GTOP-CJ151,RNA-seq,Illumina NovaSeq X,Pancreas_Tail,fastq,GTOP-CJ151-1392_2.fq.gz,5670.9,815b1531-5cf0-408d-bbc0-8d2d35d13d89
GTOP-CJ151,RNA-seq,Illumina NovaSeq X,Adrenal_Gland,fastq,GTOP-CJ151-2099_1.fq.gz,6851.3,d6d408d2-efd1-4ce0-9854-4121bae83413
GTOP-CJ151,RNA-seq,Illumina NovaSeq X,Adrenal_Gland,fastq,GTOP-CJ151-2099_2.fq.gz,6869,2094a059-3217-40f9-bacc-023db77e2002
GTOP-CJ151,RNA-seq,Illumina NovaSeq X,Diaphragm,fastq,GTOP-CJ151-5415_1.fq.gz,6981.8,e4bbe57c-6f0c-450b-9a18-a7aacf857b87
GTOP-CJ151,RNA-seq,Illumina NovaSeq X,Diaphragm,fastq,GTOP-CJ151-5415_2.fq.gz,6991.5,75a4dde1-e439-4bb9-8b19-b2b0c3a80f28
GTOP-CJ151,RNA-seq,Illumina NovaSeq X,Prostate,fastq,GTOP-CJ151-6145_1.fq.gz,7605.1,fc942623-2572-44ab-9760-7093ddbd140d
GTOP-CJ151,RNA-seq,Illumina NovaSeq X,Prostate,fastq,GTOP-CJ151-6145_2.fq.gz,7625.7,d8bca5d0-7f4c-4d76-be01-5f10406b1f09
GTOP-CJ231,RNA-seq,Illumina NovaSeq X,Adipose,fastq,GTOP-CJ231-0160_1.fq.gz,6324.3,04424f2a-961d-4adb-9933-a3659b17e7de
GTOP-CJ231,RNA-seq,Illumina NovaSeq X,Adipose,fastq,GTOP-CJ231-0160_2.fq.gz,6348.9,befc7f7b-6c8b-4cc2-a89b-186ddd97d752
GTOP-CJ231,RNA-seq,Illumina NovaSeq X,Whole_Blood,fastq,GTOP-CJ231-0378_1.fq.gz,5732.7,f250c245-febd-4d6c-94f2-17b9bd51126d
GTOP-CJ231,RNA-seq,Illumina NovaSeq X,Whole_Blood,fastq,GTOP-CJ231-0378_2.fq.gz,5779.7,10cdbe65-f07c-4621-a7ec-5f454b032c0d
GTOP-CJ231,RNA-seq,Illumina NovaSeq X,Liver,fastq,GTOP-CJ231-1053_1.fq.gz,6022.5,e931bf73-7b8d-48ec-a0c6-c5f2a759467b
GTOP-CJ231,RNA-seq,Illumina NovaSeq X,Liver,fastq,GTOP-CJ231-1053_2.fq.gz,6053.2,b8db60f9-43fa-43da-9be6-b01b017efaef
GTOP-CJ231,RNA-seq,Illumina NovaSeq X,Pancreas_Head,fastq,GTOP-CJ231-1108_1.fq.gz,5849.1,d260f602-b62b-431b-b442-2bc874a3b1f0
GTOP-CJ231,RNA-seq,Illumina NovaSeq X,Pancreas_Head,fastq,GTOP-CJ231-1108_2.fq.gz,5908.6,ac5ee0a0-5cf2-4dc7-9977-c5032451e07d
GTOP-CJ231,RNA-seq,Illumina NovaSeq X,Pancreas_Body,fastq,GTOP-CJ231-1236_1.fq.gz,7423.8,277b37d2-f2ed-4ccd-9947-4dfe5a487d98
GTOP-CJ231,RNA-seq,Illumina NovaSeq X,Pancreas_Body,fastq,GTOP-CJ231-1236_2.fq.gz,7523.6,4d35961a-aead-448f-889c-65be1f6e8789
GTOP-CJ231,RNA-seq,Illumina NovaSeq X,Pancreas_Tail,fastq,GTOP-CJ231-1392_1.fq.gz,5661.3,0b0007b3-fa9c-4e88-b2e0-f900d24d1abd
GTOP-CJ231,RNA-seq,Illumina NovaSeq X,Pancreas_Tail,fastq,GTOP-CJ231-1392_2.fq.gz,5690.6,1e99fd8f-4d56-47df-8407-ec12b63b1c17
GTOP-CJ231,RNA-seq,Illumina NovaSeq X,Gallbladder,fastq,GTOP-CJ231-1856_1.fq.gz,6695.1,52539ac8-3dbb-4348-b2a0-162fc6338a37
GTOP-CJ231,RNA-seq,Illumina NovaSeq X,Gallbladder,fastq,GTOP-CJ231-1856_2.fq.gz,6708.7,b312669d-cd4d-4ec5-a7b9-b0f5980166eb
GTOP-CJ231,RNA-seq,Illumina NovaSeq X,Adrenal_Gland,fastq,GTOP-CJ231-2099_1.fq.gz,7470.1,f311148c-5932-40df-aa6b-57de9cd3eae6
GTOP-CJ231,RNA-seq,Illumina NovaSeq X,Adrenal_Gland,fastq,GTOP-CJ231-2099_2.fq.gz,7484.5,29085fb0-ae4d-4db3-9c8a-62b813269cc3
GTOP-CJ231,RNA-seq,Illumina NovaSeq X,Diaphragm,fastq,GTOP-CJ231-5415_1.fq.gz,6866.8,e3e331c3-150f-4a40-a964-f7c6d1a1ce6a
GTOP-CJ231,RNA-seq,Illumina NovaSeq X,Diaphragm,fastq,GTOP-CJ231-5415_2.fq.gz,6885.1,e50bcac9-0c58-4896-ae48-28f87d605036
GTOP-CK031,RNA-seq,Illumina NovaSeq X,Muscle,fastq,GTOP-CK031-0087_1.fq.gz,6760.5,ba7519be-25f4-4865-8fc9-ece4f259135c
GTOP-CK031,RNA-seq,Illumina NovaSeq X,Muscle,fastq,GTOP-CK031-0087_2.fq.gz,6778.9,fd099797-3172-4412-8f65-5f3d8d8977bc
GTOP-CK031,RNA-seq,Illumina NovaSeq X,Adipose,fastq,GTOP-CK031-0160_1.fq.gz,7218.7,0bd7ccd1-d8dc-4468-8aa6-7d15f33e3e12
GTOP-CK031,RNA-seq,Illumina NovaSeq X,Adipose,fastq,GTOP-CK031-0160_2.fq.gz,7250.5,2b443f44-3d6f-4d8f-8b36-9de22a572a06
GTOP-CK031,RNA-seq,Illumina NovaSeq X,Skin,fastq,GTOP-CK031-0262_1.fq.gz,7358.9,1a380ed2-1015-4c3e-8d9d-7ba0a689ed80
GTOP-CK031,RNA-seq,Illumina NovaSeq X,Skin,fastq,GTOP-CK031-0262_2.fq.gz,7396.1,447f4ffc-b744-4e68-926f-18abab631fed
GTOP-CK031,RNA-seq,Illumina NovaSeq X,Liver,fastq,GTOP-CK031-1053_1.fq.gz,5841.4,e1d68aa6-79d9-4f1b-88e2-33ce8931032f
GTOP-CK031,RNA-seq,Illumina NovaSeq X,Liver,fastq,GTOP-CK031-1053_2.fq.gz,5876.5,e407498b-8bdd-4e23-8428-cfe177895386
GTOP-CK031,RNA-seq,Illumina NovaSeq X,Pancreas_Tail,fastq,GTOP-CK031-1392_1.fq.gz,6095.3,e8d9dac2-eee0-453e-adc4-6e5ef5999d5f
GTOP-CK031,RNA-seq,Illumina NovaSeq X,Pancreas_Tail,fastq,GTOP-CK031-1392_2.fq.gz,6170.6,ac5a6418-7a2b-4f79-930b-d450340cc492
GTOP-CK031,RNA-seq,Illumina NovaSeq X,Small_Intestine,fastq,GTOP-CK031-1470_1.fq.gz,6564.5,0ca0f130-05c7-4cc4-bba9-0dc438aede74
GTOP-CK031,RNA-seq,Illumina NovaSeq X,Small_Intestine,fastq,GTOP-CK031-1470_2.fq.gz,6546.8,9c313e79-178b-48cd-b8b5-68937320617f
GTOP-CK031,RNA-seq,Illumina NovaSeq X,Colon,fastq,GTOP-CK031-1584_1.fq.gz,5995.4,c27ccf80-a0e6-4fe6-b3e4-12ff243223c5
GTOP-CK031,RNA-seq,Illumina NovaSeq X,Colon,fastq,GTOP-CK031-1584_2.fq.gz,5996.1,4b7dd88f-20c4-452e-8f7d-a5515add135d
GTOP-CK031,RNA-seq,Illumina NovaSeq X,Stomach,fastq,GTOP-CK031-1601_1.fq.gz,7016.7,58e198a0-a283-4d5b-8b4e-2f10ffc1747c
GTOP-CK031,RNA-seq,Illumina NovaSeq X,Stomach,fastq,GTOP-CK031-1601_2.fq.gz,6992.3,a561d988-5581-4cef-b992-70d3c5942704
GTOP-CK031,RNA-seq,Illumina NovaSeq X,Esophagus,fastq,GTOP-CK031-1710_1.fq.gz,6152,3dd1005c-35e1-447c-8ccc-5ed0d69f9bf9
GTOP-CK031,RNA-seq,Illumina NovaSeq X,Esophagus,fastq,GTOP-CK031-1710_2.fq.gz,6150.8,6d93b784-fdff-447b-81a1-65d715a9c4f0
GTOP-CK031,RNA-seq,Illumina NovaSeq X,Gallbladder,fastq,GTOP-CK031-1856_1.fq.gz,5738.9,7cf95e19-86b6-4d28-9333-b964ac8c5302
GTOP-CK031,RNA-seq,Illumina NovaSeq X,Gallbladder,fastq,GTOP-CK031-1856_2.fq.gz,5756.1,1d4783b4-8942-4940-9c9d-7b7e3f08a04a
GTOP-CK031,RNA-seq,Illumina NovaSeq X,Adrenal_Gland,fastq,GTOP-CK031-2099_1.fq.gz,6382.1,fc6debbb-ed9c-400b-8835-054b74af0545
GTOP-CK031,RNA-seq,Illumina NovaSeq X,Adrenal_Gland,fastq,GTOP-CK031-2099_2.fq.gz,6410,86f85f1e-5f46-488f-80d2-a924ac50c037
GTOP-CK031,RNA-seq,Illumina NovaSeq X,Spleen,fastq,GTOP-CK031-3082_1.fq.gz,5815.6,938f97f9-d009-4eaf-9c09-172663b2240f
GTOP-CK031,RNA-seq,Illumina NovaSeq X,Spleen,fastq,GTOP-CK031-3082_2.fq.gz,5840.9,e9dbba69-33d4-4bd7-9487-0956f434456c
GTOP-CK031,RNA-seq,Illumina NovaSeq X,Heart_Left_Ventricle,fastq,GTOP-CK031-4002_1.fq.gz,6640.9,8efdd456-6840-438c-8cc8-67d55ee6b01f
GTOP-CK031,RNA-seq,Illumina NovaSeq X,Heart_Left_Ventricle,fastq,GTOP-CK031-4002_2.fq.gz,6660.5,1449d6a7-9ef1-41f0-a373-d98356b76b07
GTOP-CK031,RNA-seq,Illumina NovaSeq X,Heart_Right_Ventricle,fastq,GTOP-CK031-4003_1.fq.gz,6195.6,d9b2f55b-4b58-408f-a69e-baa8aa11cd55
GTOP-CK031,RNA-seq,Illumina NovaSeq X,Heart_Right_Ventricle,fastq,GTOP-CK031-4003_2.fq.gz,6201.7,5d975a50-2491-4631-bbe2-0016f6e6a619
GTOP-CK031,RNA-seq,Illumina NovaSeq X,Heart_Right_Atrium,fastq,GTOP-CK031-4018_1.fq.gz,7153.8,468388aa-aefb-41b7-baca-2757a0f4faf2
GTOP-CK031,RNA-seq,Illumina NovaSeq X,Heart_Right_Atrium,fastq,GTOP-CK031-4018_2.fq.gz,7168.3,1191b153-6e57-4906-8aac-00df5e9ecfd6
GTOP-CK031,RNA-seq,Illumina NovaSeq X,Heart_Left_Atrium,fastq,GTOP-CK031-4019_1.fq.gz,6910.3,79a61183-ad66-47ab-9c94-cf073d572731
GTOP-CK031,RNA-seq,Illumina NovaSeq X,Heart_Left_Atrium,fastq,GTOP-CK031-4019_2.fq.gz,6935.8,9284de81-7d58-4e39-9481-8d6cb7f3db07
GTOP-CK031,RNA-seq,Illumina NovaSeq X,Heart_Mitral_Valve,fastq,GTOP-CK031-4022_1.fq.gz,6691.3,fdb03c82-2917-4b66-9bbf-46f6dd8f92bb
GTOP-CK031,RNA-seq,Illumina NovaSeq X,Heart_Mitral_Valve,fastq,GTOP-CK031-4022_2.fq.gz,6691.4,514bd115-11f2-4172-a0ad-13e644d8af52
GTOP-CK031,RNA-seq,Illumina NovaSeq X,Heart_Tricuspid_Valve,fastq,GTOP-CK031-4023_1.fq.gz,5729.6,1dd49ad9-daf5-4d70-b256-2142d6e4e1a0
GTOP-CK031,RNA-seq,Illumina NovaSeq X,Heart_Tricuspid_Valve,fastq,GTOP-CK031-4023_2.fq.gz,5730.9,35cfd799-e925-4c07-b7c6-4363de7c82d2
GTOP-CK031,RNA-seq,Illumina NovaSeq X,Lung_Base,fastq,GTOP-CK031-5032_1.fq.gz,6081.4,454375de-5c75-4dce-a499-05ffbb157b50
GTOP-CK031,RNA-seq,Illumina NovaSeq X,Lung_Base,fastq,GTOP-CK031-5032_2.fq.gz,6099.4,996b4d1d-de3e-48c8-aa83-ae2a5f7b7d55
GTOP-CK031,RNA-seq,Illumina NovaSeq X,Lung_Apex,fastq,GTOP-CK031-5156_1.fq.gz,5528.2,d16ac5fb-c285-4ec8-8d15-cd25576aa280
GTOP-CK031,RNA-seq,Illumina NovaSeq X,Lung_Apex,fastq,GTOP-CK031-5156_2.fq.gz,5521.8,becd3216-7dc1-4d28-8443-77e32c043594
GTOP-CK031,RNA-seq,Illumina NovaSeq X,Diaphragm,fastq,GTOP-CK031-5415_1.fq.gz,7194.6,b088242e-165b-4403-85ea-8ded3c579738
GTOP-CK031,RNA-seq,Illumina NovaSeq X,Diaphragm,fastq,GTOP-CK031-5415_2.fq.gz,7221.7,360fe248-dbb1-495b-8798-70773c693c2d
GTOP-CL111,RNA-seq,Illumina NovaSeq X,Muscle,fastq,GTOP-CL111-0087_1.fq.gz,5559.6,964ed9f9-0126-4f70-a994-053cb4b4f4f2
GTOP-CL111,RNA-seq,Illumina NovaSeq X,Muscle,fastq,GTOP-CL111-0087_2.fq.gz,5670.4,0913afa3-ff03-48b0-b783-373dd7a58cf5
GTOP-CL111,RNA-seq,Illumina NovaSeq X,Adipose,fastq,GTOP-CL111-0160_1.fq.gz,7615.6,0ea0a2b6-9481-4027-932a-a8a164ab29ac
GTOP-CL111,RNA-seq,Illumina NovaSeq X,Adipose,fastq,GTOP-CL111-0160_2.fq.gz,7808.5,c0b3f265-89fe-4b6a-8b41-92b363d6c107
GTOP-CL111,RNA-seq,Illumina NovaSeq X,Skin,fastq,GTOP-CL111-0262_1.fq.gz,5578.3,52832330-fa99-484e-8dbb-01aced82d79e
GTOP-CL111,RNA-seq,Illumina NovaSeq X,Skin,fastq,GTOP-CL111-0262_2.fq.gz,5706.2,5357796d-0b39-4d35-a9c4-8c953a56234f
GTOP-CL111,RNA-seq,Illumina NovaSeq X,Liver,fastq,GTOP-CL111-1053_1.fq.gz,5680.2,b5a02ec9-8a2c-44fd-9f6b-2e4356ccf03a
GTOP-CL111,RNA-seq,Illumina NovaSeq X,Liver,fastq,GTOP-CL111-1053_2.fq.gz,5811.7,d65c237f-040f-4fc3-8e5d-9135aeedf19d
GTOP-CL111,RNA-seq,Illumina NovaSeq X,Pancreas_Head,fastq,GTOP-CL111-1108_1.fq.gz,5419.1,39de3e49-bacc-4113-9c13-ce89ae514214
GTOP-CL111,RNA-seq,Illumina NovaSeq X,Pancreas_Head,fastq,GTOP-CL111-1108_2.fq.gz,5557.3,db700dbb-f07d-4e20-b4de-b0ba7ba27f9e
GTOP-CL111,RNA-seq,Illumina NovaSeq X,Pancreas_Body,fastq,GTOP-CL111-1236_1.fq.gz,7865.8,52eb283e-bf7b-4e7a-bf97-cde00e87f483
GTOP-CL111,RNA-seq,Illumina NovaSeq X,Pancreas_Body,fastq,GTOP-CL111-1236_2.fq.gz,8108.6,a2511980-2a02-457d-866f-b1007cc749c2
GTOP-CL111,RNA-seq,Illumina NovaSeq X,Pancreas_Tail,fastq,GTOP-CL111-1392_1.fq.gz,6969.3,cc88d320-164b-4283-88e6-abd2f5e493ef
GTOP-CL111,RNA-seq,Illumina NovaSeq X,Pancreas_Tail,fastq,GTOP-CL111-1392_2.fq.gz,7206.2,4afa2067-f831-43fa-8826-03a19e1287f0
GTOP-CL111,RNA-seq,Illumina NovaSeq X,Small_Intestine,fastq,GTOP-CL111-1470_1.fq.gz,5582.5,3badc053-fa56-4c6b-a37e-47e32cd0f12c
GTOP-CL111,RNA-seq,Illumina NovaSeq X,Small_Intestine,fastq,GTOP-CL111-1470_2.fq.gz,5699.4,ea8f9e86-e0b2-4f61-9591-347fce6a54de
GTOP-CL111,RNA-seq,Illumina NovaSeq X,Colon,fastq,GTOP-CL111-1584_1.fq.gz,8742.4,3f3fe0c8-5b94-45f0-ad50-f0239d4fbd17
GTOP-CL111,RNA-seq,Illumina NovaSeq X,Colon,fastq,GTOP-CL111-1584_2.fq.gz,8992.7,11769054-df06-4e27-846e-dab27c66feaf
GTOP-CL111,RNA-seq,Illumina NovaSeq X,Stomach,fastq,GTOP-CL111-1601_1.fq.gz,5621.7,11d411e5-67ed-404d-b05a-0f8b32928d7e
GTOP-CL111,RNA-seq,Illumina NovaSeq X,Stomach,fastq,GTOP-CL111-1601_2.fq.gz,5754.1,2d7e6d06-7a2d-4fad-afe4-f10e0118ee16
GTOP-CL111,RNA-seq,Illumina NovaSeq X,Gallbladder,fastq,GTOP-CL111-1856_1.fq.gz,8516.2,66a8a1be-438f-4bb1-96cb-04dbe0f6931b
GTOP-CL111,RNA-seq,Illumina NovaSeq X,Gallbladder,fastq,GTOP-CL111-1856_2.fq.gz,8750,0928c8e5-5f35-4f67-bbc5-0aa87a43860f
GTOP-CL111,RNA-seq,Illumina NovaSeq X,Adrenal_Gland,fastq,GTOP-CL111-2099_1.fq.gz,6123.2,051de79e-666f-44a3-b1db-ed4f650d7e45
GTOP-CL111,RNA-seq,Illumina NovaSeq X,Adrenal_Gland,fastq,GTOP-CL111-2099_2.fq.gz,6235.1,d23064e5-9546-42ac-8d68-42bf0a2348cf
GTOP-CL111,RNA-seq,Illumina NovaSeq X,Spleen,fastq,GTOP-CL111-3082_1.fq.gz,9174,32b27031-d890-4da4-8e43-f467789ea897
GTOP-CL111,RNA-seq,Illumina NovaSeq X,Spleen,fastq,GTOP-CL111-3082_2.fq.gz,9441.4,cc27dbd6-07c5-4fbf-a54e-96b410dd7a44
GTOP-CL111,RNA-seq,Illumina NovaSeq X,Lung_Base,fastq,GTOP-CL111-5032_1.fq.gz,5361.3,c86a33ba-88e7-4805-bdb7-fd5374b808d3
GTOP-CL111,RNA-seq,Illumina NovaSeq X,Lung_Base,fastq,GTOP-CL111-5032_2.fq.gz,5473.3,c606629d-da30-464c-9420-dcac3eb0a4c9
GTOP-CL111,RNA-seq,Illumina NovaSeq X,Lung_Apex,fastq,GTOP-CL111-5156_1.fq.gz,5658.3,64c9d32e-109b-4860-9a50-4cc7f1d7cfcb
GTOP-CL111,RNA-seq,Illumina NovaSeq X,Lung_Apex,fastq,GTOP-CL111-5156_2.fq.gz,5766.2,6eb8a7a7-64fb-4d09-9466-b3723d257660
GTOP-CL111,RNA-seq,Illumina NovaSeq X,Prostate,fastq,GTOP-CL111-6145_1.fq.gz,9392.9,af35831c-b49f-468a-bf62-26050093d178
GTOP-CL111,RNA-seq,Illumina NovaSeq X,Prostate,fastq,GTOP-CL111-6145_2.fq.gz,9617.2,bf6f16cd-105d-4f8f-8287-40032d1c8ae8
GTOP-CL141,RNA-seq,Illumina NovaSeq X,Adipose,fastq,GTOP-CL141-0160_1.fq.gz,6089.7,c1bacba2-dd11-430f-8a8c-cd20b7a35349
GTOP-CL141,RNA-seq,Illumina NovaSeq X,Adipose,fastq,GTOP-CL141-0160_2.fq.gz,6199.4,bc4ee195-130a-4826-8619-47501010529e
GTOP-CL141,RNA-seq,Illumina NovaSeq X,Liver,fastq,GTOP-CL141-1053_1.fq.gz,7669.9,7587fdab-745f-4457-a84a-fd1b1e2afdd5
GTOP-CL141,RNA-seq,Illumina NovaSeq X,Liver,fastq,GTOP-CL141-1053_2.fq.gz,7934.1,9fa89b27-2a46-44f6-a06d-38c7346aceb0
GTOP-CL141,RNA-seq,Illumina NovaSeq X,Pancreas_Head,fastq,GTOP-CL141-1108_1.fq.gz,6029,870d5d84-5cc3-4a45-9aa8-4e583902ec09
GTOP-CL141,RNA-seq,Illumina NovaSeq X,Pancreas_Head,fastq,GTOP-CL141-1108_2.fq.gz,6181.8,ddccb482-ee6c-40d4-b947-eb5f16a7d369
GTOP-CL141,RNA-seq,Illumina NovaSeq X,Pancreas_Body,fastq,GTOP-CL141-1236_1.fq.gz,10752,715d179d-3022-40c6-b504-bc323e92bd42
GTOP-CL141,RNA-seq,Illumina NovaSeq X,Pancreas_Body,fastq,GTOP-CL141-1236_2.fq.gz,11058.8,ffd2ca6a-82ed-4135-9655-a1e15a16d32b
GTOP-CL141,RNA-seq,Illumina NovaSeq X,Pancreas_Tail,fastq,GTOP-CL141-1392_1.fq.gz,7171.6,1ce26532-26fa-4018-a138-09e0d893935b
GTOP-CL141,RNA-seq,Illumina NovaSeq X,Pancreas_Tail,fastq,GTOP-CL141-1392_2.fq.gz,7419,2dd037b0-c65a-4d6d-9384-a8a256491438
GTOP-CL141,RNA-seq,Illumina NovaSeq X,Gallbladder,fastq,GTOP-CL141-1856_1.fq.gz,5957.1,b260662f-3797-41f4-8ee7-45700fc745c1
GTOP-CL141,RNA-seq,Illumina NovaSeq X,Gallbladder,fastq,GTOP-CL141-1856_2.fq.gz,6082.2,a4da3081-8f36-4a28-a6b9-d1b23a4f873d
GTOP-CL141,RNA-seq,Illumina NovaSeq X,Adrenal_Gland,fastq,GTOP-CL141-2099_1.fq.gz,5817.6,9c58ecd5-cd1b-484a-9e4e-50109f134021
GTOP-CL141,RNA-seq,Illumina NovaSeq X,Adrenal_Gland,fastq,GTOP-CL141-2099_2.fq.gz,5936.2,a416fce0-cd04-48bd-a7a6-56bbec5835c7
GTOP-CL141,RNA-seq,Illumina NovaSeq X,Diaphragm,fastq,GTOP-CL141-5415_1.fq.gz,5666.8,e4d8802d-4b3f-4446-a8dd-26c18f7bf344
GTOP-CL141,RNA-seq,Illumina NovaSeq X,Diaphragm,fastq,GTOP-CL141-5415_2.fq.gz,5778,7c7b2050-63fb-4c2b-9804-8d1afdde6fa2
GTOP-CL161,RNA-seq,Illumina NovaSeq X,Muscle,fastq,GTOP-CL161-0087_1.fq.gz,9603,860e8ec9-7d55-4e34-909c-a13ceb4a53b7
GTOP-CL161,RNA-seq,Illumina NovaSeq X,Muscle,fastq,GTOP-CL161-0087_2.fq.gz,9849.3,84ce53a3-cd89-4703-9fa3-d772f1896108
GTOP-CL161,RNA-seq,Illumina NovaSeq X,Adipose,fastq,GTOP-CL161-0160_1.fq.gz,8876,edb164ee-fc5c-441d-a4bf-bca820500145
GTOP-CL161,RNA-seq,Illumina NovaSeq X,Adipose,fastq,GTOP-CL161-0160_2.fq.gz,9099,d568ec39-60c0-4405-be39-da7061d491c0
GTOP-CL161,RNA-seq,Illumina NovaSeq X,Skin,fastq,GTOP-CL161-0262_1.fq.gz,5767.9,89387458-964c-496b-84fb-3e0e26bc71c9
GTOP-CL161,RNA-seq,Illumina NovaSeq X,Skin,fastq,GTOP-CL161-0262_2.fq.gz,5891,78acd0b4-7b97-4178-9743-91b5bbd1c2c6
GTOP-CL161,RNA-seq,Illumina NovaSeq X,Liver,fastq,GTOP-CL161-1053_1.fq.gz,8414.9,c2e28d8b-800e-45c9-a030-9880e1dfdc4b
GTOP-CL161,RNA-seq,Illumina NovaSeq X,Liver,fastq,GTOP-CL161-1053_2.fq.gz,8675.9,b06a3b9e-cab0-4edc-8de1-0481c8c049e0
GTOP-CL161,RNA-seq,Illumina NovaSeq X,Pancreas_Head,fastq,GTOP-CL161-1108_1.fq.gz,9126.4,0c0a7a87-689f-4320-ab25-2b816237cddc
GTOP-CL161,RNA-seq,Illumina NovaSeq X,Pancreas_Head,fastq,GTOP-CL161-1108_2.fq.gz,9372.4,dcbefc55-ca84-4cc7-b259-ba35238f365e
GTOP-CL161,RNA-seq,Illumina NovaSeq X,Pancreas_Body,fastq,GTOP-CL161-1236_1.fq.gz,7641,3f5eb328-8219-438a-b953-17e2a084e845
GTOP-CL161,RNA-seq,Illumina NovaSeq X,Pancreas_Body,fastq,GTOP-CL161-1236_2.fq.gz,7870.3,f264d050-7dde-43f6-b711-c7f082f84a04
GTOP-CL161,RNA-seq,Illumina NovaSeq X,Pancreas_Tail,fastq,GTOP-CL161-1392_1.fq.gz,6957,b4089b84-46c1-41de-b94d-94a43571bff4
GTOP-CL161,RNA-seq,Illumina NovaSeq X,Pancreas_Tail,fastq,GTOP-CL161-1392_2.fq.gz,7171.1,e6853c9b-b8ba-4b5f-9b6e-e9498ca28404
GTOP-CL161,RNA-seq,Illumina NovaSeq X,Gallbladder,fastq,GTOP-CL161-1856_1.fq.gz,8419.6,5567a874-86f6-4093-9e3a-2b6a7a532417
GTOP-CL161,RNA-seq,Illumina NovaSeq X,Gallbladder,fastq,GTOP-CL161-1856_2.fq.gz,8610,994bbf4b-3633-4b60-a16a-d1a871329db2
GTOP-CL161,RNA-seq,Illumina NovaSeq X,Adrenal_Gland,fastq,GTOP-CL161-2099_1.fq.gz,7587.3,d731fecf-5fb6-4039-aa2a-af2c5c04019b
GTOP-CL161,RNA-seq,Illumina NovaSeq X,Adrenal_Gland,fastq,GTOP-CL161-2099_2.fq.gz,7768.4,e8f988d9-a079-4726-b9ea-09c8042573c1
GTOP-CL161,RNA-seq,Illumina NovaSeq X,Spleen,fastq,GTOP-CL161-3082_1.fq.gz,5602.1,4ff2b90f-c777-4354-a291-a34e33b941c0
GTOP-CL161,RNA-seq,Illumina NovaSeq X,Spleen,fastq,GTOP-CL161-3082_2.fq.gz,5726.7,79e9a2c4-3c13-4908-8240-29bc5cdc9d77
GTOP-CL161,RNA-seq,Illumina NovaSeq X,Heart_Left_Ventricle,fastq,GTOP-CL161-4002_1.fq.gz,6876.7,3563e87f-a04c-4d68-99d5-28a0ec70f43b
GTOP-CL161,RNA-seq,Illumina NovaSeq X,Heart_Left_Ventricle,fastq,GTOP-CL161-4002_2.fq.gz,6869.2,34604c8a-b882-42e2-ad03-40047344cd40
GTOP-CL161,RNA-seq,Illumina NovaSeq X,Heart_Right_Ventricle,fastq,GTOP-CL161-4003_1.fq.gz,7878.1,020e21c6-ec6b-4f11-aeb3-d1e062e93565
GTOP-CL161,RNA-seq,Illumina NovaSeq X,Heart_Right_Ventricle,fastq,GTOP-CL161-4003_2.fq.gz,7907.9,5ff1d30e-a825-465a-a281-ae60d3cc8f76
GTOP-CL161,RNA-seq,Illumina NovaSeq X,Heart_Right_Atrium,fastq,GTOP-CL161-4018_1.fq.gz,6557.5,d7efd5d5-ef0b-4763-a4b5-898425f32e0f
GTOP-CL161,RNA-seq,Illumina NovaSeq X,Heart_Right_Atrium,fastq,GTOP-CL161-4018_2.fq.gz,6585.7,33d9dbb5-f1ca-4965-a1f6-e0c291e0f0af
GTOP-CL161,RNA-seq,Illumina NovaSeq X,Heart_Left_Atrium,fastq,GTOP-CL161-4019_1.fq.gz,7411.4,5c4ed7ec-3252-4926-b527-228ad4ca2802
GTOP-CL161,RNA-seq,Illumina NovaSeq X,Heart_Left_Atrium,fastq,GTOP-CL161-4019_2.fq.gz,7425.5,3cb08e5f-989d-4a3f-ae91-4bedb7e46b96
GTOP-CL161,RNA-seq,Illumina NovaSeq X,Lung_Base,fastq,GTOP-CL161-5032_1.fq.gz,8268.5,37b3c8e6-8acb-46a0-8e77-11ffaef0d478
GTOP-CL161,RNA-seq,Illumina NovaSeq X,Lung_Base,fastq,GTOP-CL161-5032_2.fq.gz,8299.9,4bc40432-49d4-48f8-bfad-6043c33f4eaa
GTOP-CL161,RNA-seq,Illumina NovaSeq X,Lung_Apex,fastq,GTOP-CL161-5156_1.fq.gz,8410.8,366a5c52-cf2f-40c1-a9ec-e3c7d59683ea
GTOP-CL161,RNA-seq,Illumina NovaSeq X,Lung_Apex,fastq,GTOP-CL161-5156_2.fq.gz,8622.4,45d1fe4f-5b09-46bd-a748-ecd77fb499e5
GTOP-CL161,RNA-seq,Illumina NovaSeq X,Diaphragm,fastq,GTOP-CL161-5415_1.fq.gz,9516.2,0e3e073a-8c86-4c96-a73d-ca035f569f8e
GTOP-CL161,RNA-seq,Illumina NovaSeq X,Diaphragm,fastq,GTOP-CL161-5415_2.fq.gz,9726.7,fcaa36a1-f08a-46c3-b0c5-b18da24017b7
GTOP-CL171,RNA-seq,Illumina NovaSeq X,Muscle,fastq,GTOP-CL171-0087_1.fq.gz,7781.5,bed117f1-cc88-4911-8c9f-e831705e9043
GTOP-CL171,RNA-seq,Illumina NovaSeq X,Muscle,fastq,GTOP-CL171-0087_2.fq.gz,7796.2,5f26b6ba-5533-4c30-8196-c05b94e43c1e
GTOP-CL171,RNA-seq,Illumina NovaSeq X,Adipose,fastq,GTOP-CL171-0160_1.fq.gz,6385.6,67d871eb-71c1-45ba-920b-ce80a7f0d435
GTOP-CL171,RNA-seq,Illumina NovaSeq X,Adipose,fastq,GTOP-CL171-0160_2.fq.gz,6392.4,5c29a12d-3bba-4ee1-8775-ae77c90e66bc
GTOP-CL171,RNA-seq,Illumina NovaSeq X,Skin,fastq,GTOP-CL171-0262_1.fq.gz,8064.2,2de95569-132a-497c-ad5f-0fb2aba3bd4c
GTOP-CL171,RNA-seq,Illumina NovaSeq X,Skin,fastq,GTOP-CL171-0262_2.fq.gz,8309.9,d6d72fa0-d9fc-451b-b544-7d804c417ae4
GTOP-CL171,RNA-seq,Illumina NovaSeq X,Pancreas_Head,fastq,GTOP-CL171-1108_1.fq.gz,5683.2,2a8543a8-5d03-42f7-8501-90a09be33a95
GTOP-CL171,RNA-seq,Illumina NovaSeq X,Pancreas_Head,fastq,GTOP-CL171-1108_2.fq.gz,5887.3,70baf769-600f-41ff-b96d-9e28e8affd2e
GTOP-CL171,RNA-seq,Illumina NovaSeq X,Pancreas_Body,fastq,GTOP-CL171-1236_1.fq.gz,7300.4,043d7543-4990-4442-854b-319f8e30cd0a
GTOP-CL171,RNA-seq,Illumina NovaSeq X,Pancreas_Body,fastq,GTOP-CL171-1236_2.fq.gz,7333.5,f8cee253-db02-455b-9796-fdd86db6c3b7
GTOP-CL171,RNA-seq,Illumina NovaSeq X,Pancreas_Tail,fastq,GTOP-CL171-1392_1.fq.gz,5746.3,c03f749b-7b2f-46c9-aa34-295240d8bb54
GTOP-CL171,RNA-seq,Illumina NovaSeq X,Pancreas_Tail,fastq,GTOP-CL171-1392_2.fq.gz,5928.6,fee2a568-4126-424c-b064-a4a0632f8a6c
GTOP-CL171,RNA-seq,Illumina NovaSeq X,Colon,fastq,GTOP-CL171-1584_1.fq.gz,7946.9,2070825c-3848-4a4e-afab-1469579702aa
GTOP-CL171,RNA-seq,Illumina NovaSeq X,Colon,fastq,GTOP-CL171-1584_2.fq.gz,7949.2,7494a7d2-ee47-4dc5-a7ad-c858664ee272
GTOP-CL171,RNA-seq,Illumina NovaSeq X,Stomach,fastq,GTOP-CL171-1601_1.fq.gz,7019.3,d9208d27-363b-4c9e-81ca-8b50051722bb
GTOP-CL171,RNA-seq,Illumina NovaSeq X,Stomach,fastq,GTOP-CL171-1601_2.fq.gz,7064.4,570b815a-b22b-470f-871d-02f6eb876e3d
GTOP-CL171,RNA-seq,Illumina NovaSeq X,Adrenal_Gland,fastq,GTOP-CL171-2099_1.fq.gz,7000.1,96d340cc-f41e-4e4a-8178-e11a037e4985
GTOP-CL171,RNA-seq,Illumina NovaSeq X,Adrenal_Gland,fastq,GTOP-CL171-2099_2.fq.gz,6977,7a39c2bc-fc4a-46b4-bb77-fc4e31049b07
GTOP-CL171,RNA-seq,Illumina NovaSeq X,Spleen,fastq,GTOP-CL171-3082_1.fq.gz,8259.9,bb2c2da2-d267-4019-8ff2-9dd5a282ab0d
GTOP-CL171,RNA-seq,Illumina NovaSeq X,Spleen,fastq,GTOP-CL171-3082_2.fq.gz,8261,87aaa2ef-2201-471d-a328-040001cc0a8e
GTOP-CL171,RNA-seq,Illumina NovaSeq X,Heart_Left_Ventricle,fastq,GTOP-CL171-4002_1.fq.gz,8052.4,f55b3d6a-1ca7-48df-b4ad-cc4431780d4b
GTOP-CL171,RNA-seq,Illumina NovaSeq X,Heart_Left_Ventricle,fastq,GTOP-CL171-4002_2.fq.gz,8039.5,429aeeb1-dd7b-40ee-b142-0d5e9edfcf62
GTOP-CL171,RNA-seq,Illumina NovaSeq X,Heart_Right_Ventricle,fastq,GTOP-CL171-4003_1.fq.gz,7123.7,cfd98971-f201-47a7-8299-3d26c571178b
GTOP-CL171,RNA-seq,Illumina NovaSeq X,Heart_Right_Ventricle,fastq,GTOP-CL171-4003_2.fq.gz,7089.8,545a9a50-d163-4a71-b323-054907a7f313
GTOP-CL171,RNA-seq,Illumina NovaSeq X,Heart_Right_Atrium,fastq,GTOP-CL171-4018_1.fq.gz,7386.5,44101901-1c02-4f12-bcdb-f5e88e0add64
GTOP-CL171,RNA-seq,Illumina NovaSeq X,Heart_Right_Atrium,fastq,GTOP-CL171-4018_2.fq.gz,7381.9,b7bbcbf2-5a47-4970-a47a-5e47aa1118f7
GTOP-CL171,RNA-seq,Illumina NovaSeq X,Heart_Left_Atrium,fastq,GTOP-CL171-4019_1.fq.gz,8184.7,2e500853-e0ab-4071-86a3-de30fe94855b
GTOP-CL171,RNA-seq,Illumina NovaSeq X,Heart_Left_Atrium,fastq,GTOP-CL171-4019_2.fq.gz,8174.7,fab666ae-ac6c-4e0e-aa6b-4a9d8cefc7de
GTOP-CL171,RNA-seq,Illumina NovaSeq X,Heart_Mitral_Valve,fastq,GTOP-CL171-4022_1.fq.gz,7300.6,b472ddcf-b531-4087-b246-161329501f6d
GTOP-CL171,RNA-seq,Illumina NovaSeq X,Heart_Mitral_Valve,fastq,GTOP-CL171-4022_2.fq.gz,7285.5,2ce2be6d-d5ef-43c2-a192-e7657e599e7b
GTOP-CL171,RNA-seq,Illumina NovaSeq X,Heart_Tricuspid_Valve,fastq,GTOP-CL171-4023_1.fq.gz,6507.1,9b89e098-f687-4c9b-9aee-f6f41f24fcff
GTOP-CL171,RNA-seq,Illumina NovaSeq X,Heart_Tricuspid_Valve,fastq,GTOP-CL171-4023_2.fq.gz,6494.7,98252fe2-81f0-44ff-801e-d62e8ef56e49
GTOP-CL171,RNA-seq,Illumina NovaSeq X,Lung_Base,fastq,GTOP-CL171-5032_1.fq.gz,8261.5,e3873843-975e-442f-a8ca-15411c4d7094
GTOP-CL171,RNA-seq,Illumina NovaSeq X,Lung_Base,fastq,GTOP-CL171-5032_2.fq.gz,8246.4,f2f97e4a-22e0-4a18-aadf-e573ac7d1fd3
GTOP-CL171,RNA-seq,Illumina NovaSeq X,Lung_Apex,fastq,GTOP-CL171-5156_1.fq.gz,6762.9,091eb746-64e3-4379-819d-50bde730a45a
GTOP-CL171,RNA-seq,Illumina NovaSeq X,Lung_Apex,fastq,GTOP-CL171-5156_2.fq.gz,6758,8fb1915c-6767-4a7e-a1bf-dcb9772a9663
GTOP-CL171,RNA-seq,Illumina NovaSeq X,Diaphragm,fastq,GTOP-CL171-5415_1.fq.gz,6868.4,1f468d6d-acbf-4f37-9000-216c35d0c10e
GTOP-CL171,RNA-seq,Illumina NovaSeq X,Diaphragm,fastq,GTOP-CL171-5415_2.fq.gz,6849.5,906dd12a-8af5-4488-8574-9bf6ad3003cc
GTOP-AJ221,WGS,DNBSEQ-T7,Heart_Left_Ventricle,fastq,AJ221-4002_1.fq.gz,246643.7,7c7574f2-0f38-46cd-9a2b-b8e1d82d9bef
GTOP-AJ221,WGS,DNBSEQ-T7,Heart_Left_Ventricle,fastq,AJ221-4002_2.fq.gz,236094,57c5219a-a872-4c1b-b95e-6e37dc34898a
GTOP-AJ221,WGS,DNBSEQ-T7,Heart_Right_Atrium,fastq,AJ221-4018_1.fq.gz,233535.9,e8be2904-d4f3-4ba0-bb58-373b87264d02
GTOP-AJ221,WGS,DNBSEQ-T7,Heart_Right_Atrium,fastq,AJ221-4018_2.fq.gz,225112.7,ed07c0b2-031c-4919-a62f-add145996e1c
GTOP-AJ221,WGS,DNBSEQ-T7,Heart_Right_Ventricle,fastq,AJ221-4003_1.fq.gz,229998,48c889ab-837b-4275-b939-1600745224af
GTOP-AJ221,WGS,DNBSEQ-T7,Heart_Right_Ventricle,fastq,AJ221-4003_2.fq.gz,220705.9,ae148d0b-d3b0-48ea-b537-548918a773b4
GTOP-AJ221,WGS,DNBSEQ-T7,Heart_Tricuspid_Valve,fastq,AJ221-4023_1.fq.gz,199939.1,9179a7b4-9b31-428b-a179-f3d898640fa2
GTOP-AJ221,WGS,DNBSEQ-T7,Heart_Tricuspid_Valve,fastq,AJ221-4023_2.fq.gz,200185.8,c94fdb4a-35c1-4379-b066-3eeeef07fedd
GTOP-AJ221,WGS,DNBSEQ-T7,Lung_Apex,fastq,AJ221-5156_1.fq.gz,215236,01db1b68-dd5a-4caa-9d16-56949482f8d4
GTOP-AJ221,WGS,DNBSEQ-T7,Lung_Apex,fastq,AJ221-5156_2.fq.gz,205407.6,79893260-3a0f-40a0-ba91-85efd1545b06
GTOP-AJ221,WGS,DNBSEQ-T7,Whole_Blood,fastq,AJ221-0378_1.fq.gz,232031.6,461a46ca-3d38-41bb-ad2d-b49a9f937bea
GTOP-AJ221,WGS,DNBSEQ-T7,Whole_Blood,fastq,AJ221-0378_2.fq.gz,230679.5,afc70625-d5b8-4174-af48-3f300a0a7111
GTOP-AJ221,WGS,DNBSEQ-T7,Heart_Left_Ventricle,bam,AJ221-4002.bam,508015.6,d4300449-f1ad-4e42-8544-a33fbcb58fd2
GTOP-AJ221,WGS,DNBSEQ-T7,Heart_Left_Ventricle,bam,AJ221-4002.hap2.bam,270828.2,12109154-cf71-40f5-b14f-951f0272f8ea
GTOP-AJ221,WGS,DNBSEQ-T7,Heart_Left_Ventricle,bam,AJ221-4002.hap1.bam,268773.9,2b73d279-2d49-40cd-8707-bbf42f9ca5fd
GTOP-AJ221,WGS,DNBSEQ-T7,Heart_Right_Atrium,bam,AJ221-4018.bam,489138.5,5258e7e5-57a1-45fd-b453-0c3ec5d850d7
GTOP-AJ221,WGS,DNBSEQ-T7,Heart_Right_Atrium,bam,AJ221-4018.hap1.bam,256456.2,56e63220-8fcd-43fa-8c8e-2103c0aa8841
GTOP-AJ221,WGS,DNBSEQ-T7,Heart_Right_Atrium,bam,AJ221-4018.hap2.bam,258425.1,464d2774-11da-49cb-8005-c8d5bd11152c
GTOP-AJ221,WGS,DNBSEQ-T7,Heart_Right_Ventricle,bam,AJ221-4003.bam,472770.1,87c771ca-9e9d-4cb1-9f67-d8aca9a38c8d
GTOP-AJ221,WGS,DNBSEQ-T7,Heart_Right_Ventricle,bam,AJ221-4003.hap1.bam,251524.4,6a5fa9c9-aaab-413e-a4f0-66256b3f8189
GTOP-AJ221,WGS,DNBSEQ-T7,Heart_Right_Ventricle,bam,AJ221-4003.hap2.bam,253515.6,8d69c949-10e0-4dea-8200-2d7bc1709215
GTOP-AJ221,WGS,DNBSEQ-T7,Heart_Tricuspid_Valve,bam,AJ221-4023.bam,362977.6,ba3c7f7f-6040-436f-9174-0af9475fef6c
GTOP-AJ221,WGS,DNBSEQ-T7,Heart_Tricuspid_Valve,bam,AJ221-4023.hap1.bam,225669.9,6a2ec0ec-24fa-463c-95ee-9ea54c87094f
GTOP-AJ221,WGS,DNBSEQ-T7,Heart_Tricuspid_Valve,bam,AJ221-4023.hap2.bam,227421.8,192c22f3-41c7-475d-8143-52f1af66017d
GTOP-AJ221,WGS,DNBSEQ-T7,Lung_Apex,bam,AJ221-5156.bam,515543.6,90d1471e-19de-4ca9-950e-e7bfb12be82e
GTOP-AJ221,WGS,DNBSEQ-T7,Lung_Apex,bam,AJ221-5156.hap1.bam,217634.5,8fe8b523-7fd3-47bf-bf92-cef1f07a2737
GTOP-AJ221,WGS,DNBSEQ-T7,Lung_Apex,bam,AJ221-5156.hap2.bam,219547.8,8259e57b-2816-4ad2-a5d2-1d10e8fadf86
GTOP-AJ221,WGS,DNBSEQ-T7,Whole_Blood,bam,AJ221-0378.bam,464755.9,e34104b0-e7bd-406d-bbab-eebd3c68808f
GTOP-AJ221,WGS,DNBSEQ-T7,Whole_Blood,bam,AJ221-0378.hap2.bam,256001,6beed5d7-c800-4db2-8eb1-8d3225479e64
GTOP-AJ221,WGS,DNBSEQ-T7,Whole_Blood,bam,AJ221-0378.hap1.bam,253857,a7d62a8f-644d-4315-b289-9f70ce8ba54f
GTOP-AJ221,WGS,PacBio HiFi,Whole_Blood,fasta,AJ221-DMSO.hap1.corrected.fa,2947.4,6b637bad-f31a-4958-a42e-3b3d5d03b08f
GTOP-AJ221,WGS,PacBio HiFi,Whole_Blood,fasta,AJ221-DMSO.hap2.corrected.fa,2825.2,9009152e-3bc5-4e0c-a18e-b436cb6d1f29
GTOP-AJ221,WGS,PacBio HiFi,Whole_Blood,chain,AJ221-DMSO.hap1Tohap2.liftover.chain,5.2,31c93b7c-83e2-4521-b63e-c706c84c4e01
GTOP-AJ221,WGS,PacBio HiFi,Whole_Blood,chain,AJ221-DMSO.hap2Tohap1.liftover.chain,5.2,0b4ac36e-bb13-43f2-9302-1d6927114371
GTOP-AJ221,WGS,PacBio HiFi,Whole_Blood,chain,AJ221-DMSO.hap1.hg38ToDSA.liftover.chain,6.6,6ba1d2a5-0ba7-47f0-b534-61bc5be1302a
GTOP-AJ221,WGS,PacBio HiFi,Whole_Blood,chain,AJ221-DMSO.hap2.hg38ToDSA.liftover.chain,6.6,9ef2ac7b-70ed-4933-b023-d71f9a707fd9
GTOP-AJ221,WGS,PacBio HiFi,Whole_Blood,chain,AJ221-DMSO.hap1.DSATohg38.liftover.chain,7,5d904a9c-a539-46ea-b2d5-5c12d95e7d57
GTOP-AJ221,WGS,PacBio HiFi,Whole_Blood,chain,AJ221-DMSO.hap2.DSATohg38.liftover.chain,6.9,1ee0fb03-1431-42f1-b22c-c852ef93e9ec
GTOP-AJ231,WGS,DNBSEQ-T7,Adrenal_Gland,fastq,AJ231-2099_1.fq.gz,292412.1,356d8938-562f-401d-a53f-b0e0b9ae04d9
GTOP-AJ231,WGS,DNBSEQ-T7,Adrenal_Gland,fastq,AJ231-2099_2.fq.gz,291459.7,c35e5b5c-d528-4c4d-a45a-370b59fb7f0f
GTOP-AJ231,WGS,DNBSEQ-T7,Muscle,fastq,AJ231-0087_1.fq.gz,278463,d1f807c7-c834-4cdb-8834-4dc2cd672823
GTOP-AJ231,WGS,DNBSEQ-T7,Muscle,fastq,AJ231-0087_2.fq.gz,277071,fe154004-a5a4-47aa-bafc-80adb9af26f3
GTOP-AJ231,WGS,DNBSEQ-T7,Whole_Blood,fastq,AJ231-0378_1.fq.gz,229521.5,b3bce52e-ef06-481d-86c3-b5f95c9c31ec
GTOP-AJ231,WGS,DNBSEQ-T7,Whole_Blood,fastq,AJ231-0378_2.fq.gz,230157.3,8d595b15-9a15-49ea-adcd-27e2087b5953
GTOP-AJ231,WGS,DNBSEQ-T7,Adrenal_Gland,bam,AJ231-2099.bam,525562.9,a3f6cdef-2228-4f7f-b03c-b108d8cbbbae
GTOP-AJ231,WGS,DNBSEQ-T7,Adrenal_Gland,bam,AJ231-2099.hap1.bam,351465.2,1f166d9b-0c0c-4794-86e2-5d0915497147
GTOP-AJ231,WGS,DNBSEQ-T7,Adrenal_Gland,bam,AJ231-2099.hap2.bam,351262.3,5dd01d7d-4dd3-4018-8e15-f4c1f213c5ca
GTOP-AJ231,WGS,DNBSEQ-T7,Muscle,bam,AJ231-0087.bam,502180.2,66504231-2caf-472d-9fd1-38e81a19f87e
GTOP-AJ231,WGS,DNBSEQ-T7,Muscle,bam,AJ231-0087.hap2.bam,346617.4,8e5c00b2-7801-41af-83a8-a3a2c49b1660
GTOP-AJ231,WGS,DNBSEQ-T7,Muscle,bam,AJ231-0087.hap1.bam,346718.2,72d47e3e-7463-4e7d-aaa0-2b2306a051f4
GTOP-AJ231,WGS,DNBSEQ-T7,Whole_Blood,bam,AJ231-0378.bam,453696.1,0bb72552-7bf6-4ced-ba54-478e2b790756
GTOP-AJ231,WGS,DNBSEQ-T7,Whole_Blood,bam,AJ231-0378.hap1.bam,272559,98fde712-6c24-4c5b-a70e-f1eeeb424111
GTOP-AJ231,WGS,DNBSEQ-T7,Whole_Blood,bam,AJ231-0378.hap2.bam,272732,84e44ac8-5d41-468e-bdb3-08facee041d7
GTOP-AJ231,WGS,PacBio HiFi,Whole_Blood,fasta,AJ231-DMSO.hap2.corrected.fa,2899,8647116d-9e9f-476f-a9c8-70da21c70420
GTOP-AJ231,WGS,PacBio HiFi,Whole_Blood,fasta,AJ231-DMSO.hap1.corrected.fa,2936.3,804584c3-312b-4611-9df8-4ff28f3155fd
GTOP-AJ231,WGS,PacBio HiFi,Whole_Blood,chain,AJ231-DMSO.hap1Tohap2.liftover.chain,5.4,d7bb5068-c1f3-4425-bd8e-d7f8ea0ed4f3
GTOP-AJ231,WGS,PacBio HiFi,Whole_Blood,chain,AJ231-DMSO.hap2Tohap1.liftover.chain,5.4,711f0421-4240-4940-9cc5-b0d4bf0669ce
GTOP-AJ231,WGS,PacBio HiFi,Whole_Blood,chain,AJ231-DMSO.hap1.hg38ToDSA.liftover.chain,6.8,0ac7fa0e-dc6b-4492-bcaa-a6336e398371
GTOP-AJ231,WGS,PacBio HiFi,Whole_Blood,chain,AJ231-DMSO.hap2.hg38ToDSA.liftover.chain,6.7,b772949f-a95d-4d4c-953f-1c51e2958eb5
GTOP-AJ231,WGS,PacBio HiFi,Whole_Blood,chain,AJ231-DMSO.hap1.DSATohg38.liftover.chain,7,01385eff-a0ca-4057-9d04-972c6ea27e9f
GTOP-AJ231,WGS,PacBio HiFi,Whole_Blood,chain,AJ231-DMSO.hap2.DSATohg38.liftover.chain,7,f0c2a256-d2b6-4deb-9edf-419a4248b0a1
GTOP-AK091,WGS,DNBSEQ-T7,Adrenal_Gland,fastq,AK091-2099_1.fq.gz,328271.9,1719e002-b899-41a9-8474-309786cb159d
GTOP-AK091,WGS,DNBSEQ-T7,Adrenal_Gland,fastq,AK091-2099_2.fq.gz,336742.1,5eb25337-514a-4ec9-91be-9d964e917cc4
GTOP-AK091,WGS,DNBSEQ-T7,Colon,fastq,AK091-1584_1.fq.gz,201618.8,4ba1a9a6-4a8a-4bd5-a92d-f5535053cb95
GTOP-AK091,WGS,DNBSEQ-T7,Colon,fastq,AK091-1584_2.fq.gz,192774.9,fb3ead86-600d-4b09-8621-36dc7b498338
GTOP-AK091,WGS,DNBSEQ-T7,Gallbladder,fastq,AK091-1856_1.fq.gz,217821.6,1eff3467-d6aa-47fe-b34d-1aaf05445ec0
GTOP-AK091,WGS,DNBSEQ-T7,Gallbladder,fastq,AK091-1856_2.fq.gz,212065,e20877e5-6a24-44e5-957b-60dcffc97023
GTOP-AK091,WGS,DNBSEQ-T7,Heart_Left_Atrium,fastq,AK091-4019_1.fq.gz,238595.5,c957e4b5-4374-4e27-9480-b5b797d7a2d8
GTOP-AK091,WGS,DNBSEQ-T7,Heart_Left_Atrium,fastq,AK091-4019_2.fq.gz,228759.8,7fec7858-adf6-49d5-a770-c89b7d8912a2
GTOP-AK091,WGS,DNBSEQ-T7,Heart_Mitral_Valve,fastq,AK091-4022_1.fq.gz,217129.8,0247099c-725c-4b5b-bef6-06485abf7c20
GTOP-AK091,WGS,DNBSEQ-T7,Heart_Mitral_Valve,fastq,AK091-4022_2.fq.gz,209283.1,5a84a5a3-d2ee-4e37-a7fc-91a9f226e2e2
GTOP-AK091,WGS,DNBSEQ-T7,Heart_Right_Atrium,fastq,AK091-4018_1.fq.gz,222348.6,d803ae17-f91d-4137-ac73-5c784764b6c1
GTOP-AK091,WGS,DNBSEQ-T7,Heart_Right_Atrium,fastq,AK091-4018_2.fq.gz,214488.2,ad7d5410-96d2-4fc7-9e30-f7c42ea462fd
GTOP-AK091,WGS,DNBSEQ-T7,Small_Intestine,fastq,AK091-1470_1.fq.gz,242745.6,84948071-b275-43b7-8463-a697a51ad236
GTOP-AK091,WGS,DNBSEQ-T7,Small_Intestine,fastq,AK091-1470_2.fq.gz,223012.5,022ab82a-c299-4991-9f53-683e5c04c156
GTOP-AK091,WGS,DNBSEQ-T7,Whole_Blood,fastq,AK091-0378_1.fq.gz,251519.1,5b9d315d-26c9-4254-8c73-01fc4b3e2451
GTOP-AK091,WGS,DNBSEQ-T7,Whole_Blood,fastq,AK091-0378_2.fq.gz,242507.1,89c502b7-cbae-4bbc-b5be-6267ed7edc1d
GTOP-AK091,WGS,DNBSEQ-T7,Adrenal_Gland,bam,AK091-2099.bam,616643.8,e65b7f10-0a13-4c4c-9e23-6a4bd2a86523
GTOP-AK091,WGS,DNBSEQ-T7,Adrenal_Gland,bam,AK091-2099.hap2.bam,396123.1,9326257b-912b-4626-841e-9b0a0f09792f
GTOP-AK091,WGS,DNBSEQ-T7,Adrenal_Gland,bam,AK091-2099.hap1.bam,399344.9,bbd2e5d4-32e9-4001-a7c4-b16d06eeab23
GTOP-AK091,WGS,DNBSEQ-T7,Colon,bam,AK091-1584.bam,489082.5,8e6ad201-db0d-4088-bc24-e93434910596
GTOP-AK091,WGS,DNBSEQ-T7,Colon,bam,AK091-1584.hap2.bam,203874.6,82fff9d8-4140-448c-a08e-503b3296b143
GTOP-AK091,WGS,DNBSEQ-T7,Colon,bam,AK091-1584.hap1.bam,205793.8,be5a84fa-3420-43d8-b428-5ac8a351934c
GTOP-AK091,WGS,DNBSEQ-T7,Gallbladder,bam,AK091-1856.bam,458044.3,f0f0b06d-b7b8-4e1d-acc5-eaaf84fc4005
GTOP-AK091,WGS,DNBSEQ-T7,Gallbladder,bam,AK091-1856.hap2.bam,242308.8,3a11419c-2ebb-4045-b5ce-c48ff423171c
GTOP-AK091,WGS,DNBSEQ-T7,Gallbladder,bam,AK091-1856.hap1.bam,244393.2,8e869286-6f7a-4e50-95c3-ff8c5cbff455
GTOP-AK091,WGS,DNBSEQ-T7,Heart_Left_Atrium,bam,AK091-4019.bam,492299.2,596717eb-81c2-4f22-b691-708cfea43b22
GTOP-AK091,WGS,DNBSEQ-T7,Heart_Left_Atrium,bam,AK091-4019.hap2.bam,259348.3,a942be6f-6b36-4dac-80a2-3ac48c8058eb
GTOP-AK091,WGS,DNBSEQ-T7,Heart_Left_Atrium,bam,AK091-4019.hap1.bam,261559.2,a7ccb032-26b1-4fc1-9dcf-6ab5e3c9b20f
GTOP-AK091,WGS,DNBSEQ-T7,Heart_Mitral_Valve,bam,AK091-4022.bam,462199.1,1442fe19-94ec-4442-a57f-83d43033746c
GTOP-AK091,WGS,DNBSEQ-T7,Heart_Mitral_Valve,bam,AK091-4022.hap2.bam,238823.9,526c4584-5f88-4ba9-acb0-5db72f7f358f
GTOP-AK091,WGS,DNBSEQ-T7,Heart_Mitral_Valve,bam,AK091-4022.hap1.bam,240869.4,eaaf7747-ebc3-4996-b72d-7005f234e250
GTOP-AK091,WGS,DNBSEQ-T7,Heart_Right_Atrium,bam,AK091-4018.bam,459113.3,04d19c50-8b0d-4a80-9255-0e7d2b855afd
GTOP-AK091,WGS,DNBSEQ-T7,Heart_Right_Atrium,bam,AK091-4018.hap1.bam,245792,29b2e7ce-8841-4d7e-bac1-782187e9d86f
GTOP-AK091,WGS,DNBSEQ-T7,Heart_Right_Atrium,bam,AK091-4018.hap2.bam,243704.3,6a922cdb-50a9-4122-983e-9718acd435a0
GTOP-AK091,WGS,DNBSEQ-T7,Small_Intestine,bam,AK091-1470.bam,537951.9,8375d443-8a6e-4df1-bd4f-993bdc864af8
GTOP-AK091,WGS,DNBSEQ-T7,Small_Intestine,bam,AK091-1470.hap2.bam,229712.9,b097177d-9764-4511-ab52-bf3d7b60ff54
GTOP-AK091,WGS,DNBSEQ-T7,Small_Intestine,bam,AK091-1470.hap1.bam,231885.6,fe3a3402-0815-4185-8f51-74b3f0e54e37
GTOP-AK091,WGS,DNBSEQ-T7,Whole_Blood,bam,AK091-0378.bam,523304.5,91b9ed68-85c8-41f0-8108-e33cddfbbd87
GTOP-AK091,WGS,DNBSEQ-T7,Whole_Blood,bam,AK091-0378.hap2.bam,260560.6,04019cc5-4496-4bec-b437-c27e5c04abfd
GTOP-AK091,WGS,DNBSEQ-T7,Whole_Blood,bam,AK091-0378.hap1.bam,263019.6,4699952d-5e1b-4cca-8db8-ab39f34cd291
GTOP-AK091,WGS,PacBio HiFi,Whole_Blood,fasta,AK091-DMSO.hap1.corrected.fa,2887.5,72574001-c7eb-4494-9f12-e0f2925b06ff
GTOP-AK091,WGS,PacBio HiFi,Whole_Blood,fasta,AK091-DMSO.hap2.corrected.fa,2944.1,ad55809b-c6f1-4165-975e-a1323f61b386
GTOP-AK091,WGS,PacBio HiFi,Whole_Blood,chain,AK091-DMSO.hap1Tohap2.liftover.chain,5.4,2b978b5b-94ee-4bb7-9076-8ebee79c81cc
GTOP-AK091,WGS,PacBio HiFi,Whole_Blood,chain,AK091-DMSO.hap2Tohap1.liftover.chain,5.3,8dfd7596-354b-4196-8de3-df0aa41d2d7f
GTOP-AK091,WGS,PacBio HiFi,Whole_Blood,chain,AK091-DMSO.hap1.hg38ToDSA.liftover.chain,6.7,0b2b75bf-2a48-429e-8632-bbf474cb0bd2
GTOP-AK091,WGS,PacBio HiFi,Whole_Blood,chain,AK091-DMSO.hap2.hg38ToDSA.liftover.chain,6.7,d1e0f3eb-7fcc-4f3e-8467-89412a704722
GTOP-AK091,WGS,PacBio HiFi,Whole_Blood,chain,AK091-DMSO.hap1.DSATohg38.liftover.chain,6.9,1dae39c1-fdf3-4081-a6fb-94f4747369b8
GTOP-AK091,WGS,PacBio HiFi,Whole_Blood,chain,AK091-DMSO.hap2.DSATohg38.liftover.chain,7,fe77ccb6-a52e-404c-acc0-fcf76e01f9e0
GTOP-AK111,WGS,DNBSEQ-T7,Adrenal_Gland,fastq,AK111-2099_1.fq.gz,328065.5,ea41e95c-2f4a-4c39-8129-6b00fb2d239a
GTOP-AK111,WGS,DNBSEQ-T7,Adrenal_Gland,fastq,AK111-2099_2.fq.gz,330778.6,a48615e3-b290-4769-af50-6e85bdb09136
GTOP-AK111,WGS,DNBSEQ-T7,Pancreas_Head,fastq,AK111-1108_1.fq.gz,264497.7,a2fb2795-2e67-46cc-be0a-4ea972ad3025
GTOP-AK111,WGS,DNBSEQ-T7,Pancreas_Head,fastq,AK111-1108_2.fq.gz,278789.9,750561ac-3d31-494a-860a-b53b0f42e3da
GTOP-AK111,WGS,DNBSEQ-T7,Whole_Blood,fastq,AK111-0378_1.fq.gz,267312.6,a0d5e178-1693-470d-98e6-207c82bdccdc
GTOP-AK111,WGS,DNBSEQ-T7,Whole_Blood,fastq,AK111-0378_2.fq.gz,263273.1,a0e0c1e9-8d30-40f1-8643-d2a6cd9307ea
GTOP-AK111,WGS,DNBSEQ-T7,Adrenal_Gland,bam,AK111-2099.bam,544812.1,55dfd9b7-7d90-4c16-a3b6-8db71fc28f2c
GTOP-AK111,WGS,DNBSEQ-T7,Adrenal_Gland,bam,AK111-2099.hap1.bam,403348.4,67e2a12a-06f6-4b33-ae2d-e3c2672b82e2
GTOP-AK111,WGS,DNBSEQ-T7,Adrenal_Gland,bam,AK111-2099.hap2.bam,404589.4,2c7d87f6-3384-4d18-b4ed-cda001d20e92
GTOP-AK111,WGS,DNBSEQ-T7,Pancreas_Head,bam,AK111-1108.bam,483022,b298f9cd-1f40-48e2-ab11-8312dcb3fd6d
GTOP-AK111,WGS,DNBSEQ-T7,Pancreas_Head,bam,AK111-1108.hap1.bam,329545,295ba9f9-6681-45d1-9468-7dd1ea8d194c
GTOP-AK111,WGS,DNBSEQ-T7,Pancreas_Head,bam,AK111-1108.hap2.bam,330578.4,79d14aa7-db82-4d7b-933f-ce751bca44b9
GTOP-AK111,WGS,DNBSEQ-T7,Whole_Blood,bam,AK111-0378.bam,537198.4,10babe36-69cf-4992-8300-bd79a891e8ef
GTOP-AK111,WGS,DNBSEQ-T7,Whole_Blood,bam,AK111-0378.hap1.bam,290710.2,8b2170a0-26ab-4673-9253-68afed442e7f
GTOP-AK111,WGS,DNBSEQ-T7,Whole_Blood,bam,AK111-0378.hap2.bam,291692.8,e1518116-f4bd-4bb3-a5ab-78d0f3456cca
GTOP-AK111,WGS,PacBio HiFi,Whole_Blood,fasta,AK111-DMSO.hap2.corrected.fa,2890.1,eb4e2bbb-06bb-4073-b340-5cd7686387aa
GTOP-AK111,WGS,PacBio HiFi,Whole_Blood,fasta,AK111-DMSO.hap1.corrected.fa,2904.2,93099a65-4380-48cb-955c-f4b415c885bc
GTOP-AK111,WGS,PacBio HiFi,Whole_Blood,chain,AK111-DMSO.hap1Tohap2.liftover.chain,5.6,f6a7efcd-6382-4fba-af63-a434dc046cdd
GTOP-AK111,WGS,PacBio HiFi,Whole_Blood,chain,AK111-DMSO.hap2Tohap1.liftover.chain,5.6,e50a1ff1-868e-4a99-a931-32d2978efcba
GTOP-AK111,WGS,PacBio HiFi,Whole_Blood,chain,AK111-DMSO.hap1.hg38ToDSA.liftover.chain,6.6,8403e347-3777-4606-a534-528821d4be12
GTOP-AK111,WGS,PacBio HiFi,Whole_Blood,chain,AK111-DMSO.hap2.hg38ToDSA.liftover.chain,6.6,91029869-af16-4686-b442-0d2a37194b3c
GTOP-AK111,WGS,PacBio HiFi,Whole_Blood,chain,AK111-DMSO.hap1.DSATohg38.liftover.chain,6.8,f82d909a-bbfe-4a26-9b81-659c96a3b3b5
GTOP-AK111,WGS,PacBio HiFi,Whole_Blood,chain,AK111-DMSO.hap2.DSATohg38.liftover.chain,6.9,5dfa6cb1-cb79-47a0-9339-28f4628a47d5
GTOP-AK112,WGS,DNBSEQ-T7,Adrenal_Gland,fastq,AK112-2099_1.fq.gz,289644.2,e04a595c-f9eb-4fc6-b99b-2c7d6c18a469
GTOP-AK112,WGS,DNBSEQ-T7,Adrenal_Gland,fastq,AK112-2099_2.fq.gz,290553.7,0fbed67b-8163-4219-80be-a8a3d00d8b09
GTOP-AK112,WGS,DNBSEQ-T7,Colon,fastq,AK112-1584_1.fq.gz,236664.4,d790441f-6e22-47a4-9a53-288720f94f90
GTOP-AK112,WGS,DNBSEQ-T7,Colon,fastq,AK112-1584_2.fq.gz,218863.5,95aa7880-398b-4953-80bd-e42f5b795e73
GTOP-AK112,WGS,DNBSEQ-T7,Esophagus,fastq,AK112-1710_1.fq.gz,221155.5,5eff637d-e085-402d-bddb-2b1bcb3d7b6f
GTOP-AK112,WGS,DNBSEQ-T7,Esophagus,fastq,AK112-1710_2.fq.gz,207260.3,d41816f5-fff8-47d8-8041-18a147eeb4d8
GTOP-AK112,WGS,DNBSEQ-T7,Gallbladder,fastq,AK112-1856_1.fq.gz,236533.6,ade622b4-9282-4733-a5b6-ec242e5882ba
GTOP-AK112,WGS,DNBSEQ-T7,Gallbladder,fastq,AK112-1856_2.fq.gz,226278.3,5e4f882a-6733-4107-9d13-32645b38f107
GTOP-AK112,WGS,DNBSEQ-T7,Heart_Left_Atrium,fastq,AK112-4019_1.fq.gz,442689.6,2a03c9c9-34be-491a-a7bb-98484f327b56
GTOP-AK112,WGS,DNBSEQ-T7,Heart_Left_Atrium,fastq,AK112-4019_2.fq.gz,485275.4,337c46e0-4d8d-42be-ab81-e80aca56e468
GTOP-AK112,WGS,DNBSEQ-T7,Heart_Left_Ventricle,fastq,AK112-4002_1.fq.gz,246963.7,b13606b1-6ea9-4317-9638-6f396651b267
GTOP-AK112,WGS,DNBSEQ-T7,Heart_Left_Ventricle,fastq,AK112-4002_2.fq.gz,239320.1,647205aa-a63b-419b-a5f4-ec6bfd83855a
GTOP-AK112,WGS,DNBSEQ-T7,Heart_Mitral_Valve,fastq,AK112-4022_1.fq.gz,230807.2,6159167f-8563-4322-ad6a-e6bc8f023816
GTOP-AK112,WGS,DNBSEQ-T7,Heart_Mitral_Valve,fastq,AK112-4022_2.fq.gz,222254.6,06605d19-35a5-4871-a856-df23efa8ecb5
GTOP-AK112,WGS,DNBSEQ-T7,Heart_Right_Atrium,fastq,AK112-4018_1.fq.gz,215207.1,049e34d7-a81b-47d8-8ae2-e0e4d7a8b826
GTOP-AK112,WGS,DNBSEQ-T7,Heart_Right_Atrium,fastq,AK112-4018_2.fq.gz,207441.9,e020db31-5a88-47ce-9f7c-a9d252c16b90
GTOP-AK112,WGS,DNBSEQ-T7,Heart_Right_Ventricle,fastq,AK112-4003_1.fq.gz,221387.4,895e69d4-17d6-4efe-b8ab-457d723d65ec
GTOP-AK112,WGS,DNBSEQ-T7,Heart_Right_Ventricle,fastq,AK112-4003_2.fq.gz,218612.6,bc18822b-e1d2-4cce-bd23-237cb5a668b5
GTOP-AK112,WGS,DNBSEQ-T7,Heart_Tricuspid_Valve,fastq,AK112-4023_1.fq.gz,237351.3,2a461d48-40d7-4be7-af29-c3092113c9fa
GTOP-AK112,WGS,DNBSEQ-T7,Heart_Tricuspid_Valve,fastq,AK112-4023_2.fq.gz,232399.6,1b5d4b1f-49f2-49a3-8752-5482c31e36bf
GTOP-AK112,WGS,DNBSEQ-T7,Lung_Apex,fastq,AK112-5156_1.fq.gz,230676.9,c6f0706e-f5f6-4ddb-86d3-afd344756191
GTOP-AK112,WGS,DNBSEQ-T7,Lung_Apex,fastq,AK112-5156_2.fq.gz,210422.9,4423a3d9-5f33-4c69-a409-3e9ea9a176e3
GTOP-AK112,WGS,DNBSEQ-T7,Lung_Base,fastq,AK112-5032_1.fq.gz,214079.5,3ed19389-fca9-421b-80db-5b1f1945715d
GTOP-AK112,WGS,DNBSEQ-T7,Lung_Base,fastq,AK112-5032_2.fq.gz,202150.9,3041fd08-55ba-4244-bd5c-36f2a3825067
GTOP-AK112,WGS,DNBSEQ-T7,Whole_Blood,fastq,AK112-0378_1.fq.gz,243730.5,785330db-087a-4b80-ac39-135eddd24f6c
GTOP-AK112,WGS,DNBSEQ-T7,Whole_Blood,fastq,AK112-0378_2.fq.gz,241906.6,4617c699-937b-4f39-b0b4-6d6a6cd5c2ec
GTOP-AK112,WGS,DNBSEQ-T7,Adrenal_Gland,bam,AK112-2099.bam,497430,b9a16079-8048-47f1-bce1-7163c77de635
GTOP-AK112,WGS,DNBSEQ-T7,Adrenal_Gland,bam,AK112-2099.hap2.bam,351174.2,9d64b838-40fa-4e46-95ef-f138c1f0f8f4
GTOP-AK112,WGS,DNBSEQ-T7,Adrenal_Gland,bam,AK112-2099.hap1.bam,351656.4,05da99ee-8012-4125-9f47-3dc9fd263223
GTOP-AK112,WGS,DNBSEQ-T7,Colon,bam,AK112-1584.bam,521654.3,55e1ef71-c1c2-44b4-864b-391fddfa2057
GTOP-AK112,WGS,DNBSEQ-T7,Colon,bam,AK112-1584.hap2.bam,231321.2,d31cdd8d-6f28-4ca0-a95d-41aec7e4526a
GTOP-AK112,WGS,DNBSEQ-T7,Colon,bam,AK112-1584.hap1.bam,231491.9,c5c42907-4785-4bc8-8290-02142edc0776
GTOP-AK112,WGS,DNBSEQ-T7,Esophagus,bam,AK112-1710.bam,502981.8,cb2d8391-05c5-407e-ac7a-383506a45a16
GTOP-AK112,WGS,DNBSEQ-T7,Esophagus,bam,AK112-1710.hap1.bam,215102.2,5220204c-b376-4c6b-bddd-91b168c6ebaf
GTOP-AK112,WGS,DNBSEQ-T7,Esophagus,bam,AK112-1710.hap2.bam,214956.6,c372af92-9bca-4f84-9035-bfdf2fe3b4f3
GTOP-AK112,WGS,DNBSEQ-T7,Gallbladder,bam,AK112-1856.bam,496868.4,8b4fc97e-f0b5-4a8b-bc31-bbb4498e833a
GTOP-AK112,WGS,DNBSEQ-T7,Gallbladder,bam,AK112-1856.hap2.bam,259469,e498ae8f-0f4f-492e-b69b-643ecf179590
GTOP-AK112,WGS,DNBSEQ-T7,Gallbladder,bam,AK112-1856.hap1.bam,259703.7,541975c7-3b69-46d7-941f-334652e27102
GTOP-AK112,WGS,DNBSEQ-T7,Heart_Left_Atrium,bam,AK112-4019.bam,627070.3,e02842f0-a4ed-40dd-b50d-cf9e5921473e
GTOP-AK112,WGS,DNBSEQ-T7,Heart_Left_Atrium,bam,AK112-4019.hap2.bam,516843,15a0d33d-22dd-4011-9dd3-b965f7e18975
GTOP-AK112,WGS,DNBSEQ-T7,Heart_Left_Atrium,bam,AK112-4019.hap1.bam,517631,45a7dc13-f18a-4c69-8059-d7f69bd3f844
GTOP-AK112,WGS,DNBSEQ-T7,Heart_Left_Ventricle,bam,AK112-4002.bam,521844.3,fab51e06-757c-4ed9-abba-ff759b6a8187
GTOP-AK112,WGS,DNBSEQ-T7,Heart_Left_Ventricle,bam,AK112-4002.hap2.bam,272861.7,f881ead8-60ff-4f60-b0ae-e31de21a5bb7
GTOP-AK112,WGS,DNBSEQ-T7,Heart_Left_Ventricle,bam,AK112-4002.hap1.bam,273080,ce04d8d9-5ee7-445a-a5d3-c2b80086dcaa
GTOP-AK112,WGS,DNBSEQ-T7,Heart_Mitral_Valve,bam,AK112-4022.bam,477557.8,520b07bb-c57e-4634-b3b4-a28ef7c8fb15
GTOP-AK112,WGS,DNBSEQ-T7,Heart_Mitral_Valve,bam,AK112-4022.hap2.bam,254592.9,1cf7ce46-2dc5-4ace-8c2b-330f90d41769
GTOP-AK112,WGS,DNBSEQ-T7,Heart_Mitral_Valve,bam,AK112-4022.hap1.bam,254807,0adce6af-8ef8-4bba-8af1-e1c6725a2d8c
GTOP-AK112,WGS,DNBSEQ-T7,Heart_Right_Atrium,bam,AK112-4018.bam,456622.8,95df20d6-d1d3-4be2-8e9e-d5f609f2837a
GTOP-AK112,WGS,DNBSEQ-T7,Heart_Right_Atrium,bam,AK112-4018.hap1.bam,238093.2,b5bcebe6-5320-4016-bdde-67caf5007847
GTOP-AK112,WGS,DNBSEQ-T7,Heart_Right_Atrium,bam,AK112-4018.hap2.bam,237900.7,5997b10d-b7c7-4735-ab60-400e41bee434
GTOP-AK112,WGS,DNBSEQ-T7,Heart_Right_Ventricle,bam,AK112-4003.bam,448723.1,31d80539-bb2a-491c-a0cf-d583db046e2f
GTOP-AK112,WGS,DNBSEQ-T7,Heart_Right_Ventricle,bam,AK112-4003.hap1.bam,248765.4,2d8109aa-709d-4031-9b66-b3c4d81a2488
GTOP-AK112,WGS,DNBSEQ-T7,Heart_Right_Ventricle,bam,AK112-4003.hap2.bam,248592.3,6009e4bb-85b5-402b-a521-e8fc67c070fb
GTOP-AK112,WGS,DNBSEQ-T7,Heart_Tricuspid_Valve,bam,AK112-4023.bam,487520.6,8febb74f-71c3-47bc-9037-f2ce2e8423d2
GTOP-AK112,WGS,DNBSEQ-T7,Heart_Tricuspid_Valve,bam,AK112-4023.hap1.bam,281313.7,99cd1e5f-6b0c-483a-8d9e-7bef0290fac8
GTOP-AK112,WGS,DNBSEQ-T7,Heart_Tricuspid_Valve,bam,AK112-4023.hap2.bam,281079.5,d2be24e2-b580-409d-8962-cdbb95b45d69
GTOP-AK112,WGS,DNBSEQ-T7,Lung_Apex,bam,AK112-5156.bam,501563.3,35c73df4-f67f-4c1e-ac31-9552f08d54f2
GTOP-AK112,WGS,DNBSEQ-T7,Lung_Apex,bam,AK112-5156.hap1.bam,223327.5,5a844f2d-6bd3-4385-b464-46cde36dafa6
GTOP-AK112,WGS,DNBSEQ-T7,Lung_Apex,bam,AK112-5156.hap2.bam,223173.8,ce31d717-e096-4e54-9160-20b219dddc27
GTOP-AK112,WGS,DNBSEQ-T7,Lung_Base,bam,AK112-5032.bam,485832.9,e03b137e-dafc-4d46-a7f5-bbfac5e42a0f
GTOP-AK112,WGS,DNBSEQ-T7,Lung_Base,bam,AK112-5032.hap2.bam,215113.4,0bce73d3-22c9-4649-acd9-a9b76f5e0fab
GTOP-AK112,WGS,DNBSEQ-T7,Lung_Base,bam,AK112-5032.hap1.bam,215261.5,8dabef5c-b2eb-4315-9d14-e82dbe5b97a8
GTOP-AK112,WGS,DNBSEQ-T7,Whole_Blood,bam,AK112-0378.bam,473966.5,9362722e-d191-4726-a499-51d4de39db38
GTOP-AK112,WGS,DNBSEQ-T7,Whole_Blood,bam,AK112-0378.hap2.bam,266702.1,f10f7f81-63b1-401f-9580-3e34722f8a86
GTOP-AK112,WGS,DNBSEQ-T7,Whole_Blood,bam,AK112-0378.hap1.bam,266952.1,5ba49608-1147-4edd-9b21-e5316303fb72
GTOP-AK112,WGS,PacBio HiFi,Whole_Blood,fasta,AK112-DMSO.hap1.corrected.fa,2916.5,14dd542c-e4d3-4431-bede-6a9751cff5ed
GTOP-AK112,WGS,PacBio HiFi,Whole_Blood,fasta,AK112-DMSO.hap2.corrected.fa,2852.3,28ee569f-b797-4ec4-89d0-b14b7f894bad
GTOP-AK112,WGS,PacBio HiFi,Whole_Blood,chain,AK112-DMSO.hap1Tohap2.liftover.chain,5.3,361bc0d4-8522-41b4-95a1-291cef04294d
GTOP-AK112,WGS,PacBio HiFi,Whole_Blood,chain,AK112-DMSO.hap2Tohap1.liftover.chain,5.4,7e2d733a-5692-4c19-a545-767e8e574bd6
GTOP-AK112,WGS,PacBio HiFi,Whole_Blood,chain,AK112-DMSO.hap1.hg38ToDSA.liftover.chain,6.6,b68da3e9-6777-4c0b-ab5c-4b480c20b151
GTOP-AK112,WGS,PacBio HiFi,Whole_Blood,chain,AK112-DMSO.hap2.hg38ToDSA.liftover.chain,6.6,512a0d3b-88c1-4411-a510-e006e4dbc5b9
GTOP-AK112,WGS,PacBio HiFi,Whole_Blood,chain,AK112-DMSO.hap1.DSATohg38.liftover.chain,6.9,7e39d069-f72c-4cdc-a595-3d0d99d52e12
GTOP-AK112,WGS,PacBio HiFi,Whole_Blood,chain,AK112-DMSO.hap2.DSATohg38.liftover.chain,6.9,65d14596-8073-4363-9cf4-bda216c20d3a
GTOP-AK231,WGS,DNBSEQ-T7,Adipose,fastq,AK231-0160_1.fq.gz,244745.5,92e5c7c8-c64d-403d-9e95-ab4517ff2fc8
GTOP-AK231,WGS,DNBSEQ-T7,Adipose,fastq,AK231-0160_2.fq.gz,228127.4,d05f96f9-7fc0-42eb-b3a0-285f7d3a4902
GTOP-AK231,WGS,DNBSEQ-T7,Aortic_Arch,fastq,AK231-4155_1.fq.gz,222891.9,45fb20e7-e39f-48af-8934-4c3c0496ff97
GTOP-AK231,WGS,DNBSEQ-T7,Aortic_Arch,fastq,AK231-4155_2.fq.gz,197112.6,e3a30eb6-c646-4868-9181-fca8c94751c5
GTOP-AK231,WGS,DNBSEQ-T7,Heart_Left_Atrium,fastq,AK231-4019_1.fq.gz,225726.8,307238ec-2743-4bea-bb6a-88ceb581eb66
GTOP-AK231,WGS,DNBSEQ-T7,Heart_Left_Atrium,fastq,AK231-4019_2.fq.gz,218478.8,64536520-870b-4700-b4b6-5ddd510285b0
GTOP-AK231,WGS,DNBSEQ-T7,Heart_Left_Ventricle,fastq,AK231-4002_1.fq.gz,217777,f628d88c-3bdd-40fe-8126-3fbe698a7fb1
GTOP-AK231,WGS,DNBSEQ-T7,Heart_Left_Ventricle,fastq,AK231-4002_2.fq.gz,208315.7,c3cab6c4-ea0a-49d9-bfbe-409f1e04f94c
GTOP-AK231,WGS,DNBSEQ-T7,Heart_Right_Atrium,fastq,AK231-4018_1.fq.gz,223597.4,1988d94f-d7e0-4054-88b7-c9d0dec37710
GTOP-AK231,WGS,DNBSEQ-T7,Heart_Right_Atrium,fastq,AK231-4018_2.fq.gz,215273.4,d76472f5-fec5-424b-a62c-9bc59f0ec781
GTOP-AK231,WGS,DNBSEQ-T7,Heart_Right_Ventricle,fastq,AK231-4003_1.fq.gz,206520.5,4bad4f6d-4dc8-41cb-8de6-a9ad0c675838
GTOP-AK231,WGS,DNBSEQ-T7,Heart_Right_Ventricle,fastq,AK231-4003_2.fq.gz,205387.6,ed3f351d-6872-4ea3-969f-c8093d443787
GTOP-AK231,WGS,DNBSEQ-T7,Thoracic_Aorta,fastq,AK231-4149_1.fq.gz,219524.2,30471a00-cb71-4fb6-939f-ade8380ebbae
GTOP-AK231,WGS,DNBSEQ-T7,Thoracic_Aorta,fastq,AK231-4149_2.fq.gz,198128,f9b04270-ffb9-40ba-a598-91d5d5a016bf
GTOP-AK231,WGS,DNBSEQ-T7,Whole_Blood,fastq,AK231-0378_1.fq.gz,240991,f4927683-b918-4828-9e64-a621d45b2ae9
GTOP-AK231,WGS,DNBSEQ-T7,Whole_Blood,fastq,AK231-0378_2.fq.gz,240041.8,27877550-98df-40d2-aefa-a9219666ed9e
GTOP-AK231,WGS,DNBSEQ-T7,Adipose,bam,AK231-0160.bam,586369.4,20f474d4-056d-42a8-b887-fe0efab5e39c
GTOP-AK231,WGS,DNBSEQ-T7,Adipose,bam,AK231-0160.hap1.bam,237692.7,0c8e3235-35b5-41e7-a2fd-6d2fed000ec3
GTOP-AK231,WGS,DNBSEQ-T7,Adipose,bam,AK231-0160.hap2.bam,234758.2,71b12fee-aa3e-4944-ac47-80acd2ca2174
GTOP-AK231,WGS,DNBSEQ-T7,Aortic_Arch,bam,AK231-4155.bam,469853.6,f5127cba-3999-47f0-b771-a707dad6fd97
GTOP-AK231,WGS,DNBSEQ-T7,Aortic_Arch,bam,AK231-4155.hap1.bam,209869.8,0a1d02fc-b24d-4dea-bbbf-1bea6aeded85
GTOP-AK231,WGS,DNBSEQ-T7,Aortic_Arch,bam,AK231-4155.hap2.bam,207238.5,d25e9131-790c-4e03-bf2a-c5c44d1a4057
GTOP-AK231,WGS,DNBSEQ-T7,Heart_Left_Atrium,bam,AK231-4019.bam,466657.8,7b9bbf6a-1ff5-449e-be84-bb08a5c19e05
GTOP-AK231,WGS,DNBSEQ-T7,Heart_Left_Atrium,bam,AK231-4019.hap2.bam,249501.6,7f088608-5c78-4521-a79f-1878218e84b7
GTOP-AK231,WGS,DNBSEQ-T7,Heart_Left_Atrium,bam,AK231-4019.hap1.bam,252448.2,a24118d8-691f-471b-9ba0-4a62ce500864
GTOP-AK231,WGS,DNBSEQ-T7,Heart_Left_Ventricle,bam,AK231-4002.bam,456266.5,2aa1147b-1a60-4853-ad65-f421a8b1cf7f
GTOP-AK231,WGS,DNBSEQ-T7,Heart_Left_Ventricle,bam,AK231-4002.hap2.bam,238564.1,91956c69-e6f1-4bee-a412-820f73f0b39c
GTOP-AK231,WGS,DNBSEQ-T7,Heart_Left_Ventricle,bam,AK231-4002.hap1.bam,241391.8,3df773d7-751f-4b5e-a253-c597116bc9c1
GTOP-AK231,WGS,DNBSEQ-T7,Heart_Right_Atrium,bam,AK231-4018.bam,479549.4,3857b756-be07-4354-a40a-a6b4e83d7111
GTOP-AK231,WGS,DNBSEQ-T7,Heart_Right_Atrium,bam,AK231-4018.hap1.bam,247562,3b62802b-1e10-49d8-aa6e-4e27ec9f68f3
GTOP-AK231,WGS,DNBSEQ-T7,Heart_Right_Atrium,bam,AK231-4018.hap2.bam,244672.9,8c57b95b-7b3f-45f1-81fa-a61e6b599f4f
GTOP-AK231,WGS,DNBSEQ-T7,Heart_Right_Ventricle,bam,AK231-4003.bam,398410,b025b1f0-cf80-4705-9c07-8a6d193152ad
GTOP-AK231,WGS,DNBSEQ-T7,Heart_Right_Ventricle,bam,AK231-4003.hap1.bam,225812.6,4b895939-b97e-4f00-b69e-2b51a87792f6
GTOP-AK231,WGS,DNBSEQ-T7,Heart_Right_Ventricle,bam,AK231-4003.hap2.bam,222950.2,75d49f8b-4c47-4503-a671-0b839d60debe
GTOP-AK231,WGS,DNBSEQ-T7,Thoracic_Aorta,bam,AK231-4149.bam,469640.7,bb309789-2280-4d76-a16f-d25d6e589436
GTOP-AK231,WGS,DNBSEQ-T7,Thoracic_Aorta,bam,AK231-4149.hap2.bam,207675.6,67b27acb-a1b0-47d7-a185-2c27377ab6aa
GTOP-AK231,WGS,DNBSEQ-T7,Thoracic_Aorta,bam,AK231-4149.hap1.bam,210341,5caae446-4d22-4c4a-97fb-27558bbfebf1
GTOP-AK231,WGS,DNBSEQ-T7,Whole_Blood,bam,AK231-0378.bam,490449.8,5fea0e63-1d58-461a-acfd-cd90476d8a07
GTOP-AK231,WGS,DNBSEQ-T7,Whole_Blood,bam,AK231-0378.hap2.bam,263148.9,dee7c99e-bc37-43b5-b49e-3a80840cf14d
GTOP-AK231,WGS,DNBSEQ-T7,Whole_Blood,bam,AK231-0378.hap1.bam,266129.3,69a0f01a-e8de-41d4-bc27-6bb83585cfdc
GTOP-AK231,WGS,PacBio HiFi,Whole_Blood,fasta,AK231-DMSO.hap1.corrected.fa,2830.9,ffc95b79-c10d-41e0-b74c-43f245457b34
GTOP-AK231,WGS,PacBio HiFi,Whole_Blood,fasta,AK231-DMSO.hap2.corrected.fa,2927.3,4fbaf0ce-2bc7-44a8-b4e3-d868546ad423
GTOP-AK231,WGS,PacBio HiFi,Whole_Blood,chain,AK231-DMSO.hap1Tohap2.liftover.chain,5.3,2f0906db-9938-4bd3-9cc2-a86b4c6fd676
GTOP-AK231,WGS,PacBio HiFi,Whole_Blood,chain,AK231-DMSO.hap2Tohap1.liftover.chain,5.3,73674d03-0139-4aa9-be7d-550eb49b97d8
GTOP-AK231,WGS,PacBio HiFi,Whole_Blood,chain,AK231-DMSO.hap1.hg38ToDSA.liftover.chain,6.5,af855096-0a7c-4503-9de3-2fb03538792c
GTOP-AK231,WGS,PacBio HiFi,Whole_Blood,chain,AK231-DMSO.hap2.hg38ToDSA.liftover.chain,6.7,78cd4d14-d2c9-4d80-a66f-b97c7d6745fe
GTOP-AK231,WGS,PacBio HiFi,Whole_Blood,chain,AK231-DMSO.hap1.DSATohg38.liftover.chain,6.7,24669448-5c11-49b4-b34e-35cc436adbf5
GTOP-AK231,WGS,PacBio HiFi,Whole_Blood,chain,AK231-DMSO.hap2.DSATohg38.liftover.chain,7,127100a3-8cfc-449a-8e7b-cb4267bc96dd
GTOP-AK281,WGS,DNBSEQ-T7,Adrenal_Gland,fastq,AK281-2099_1.fq.gz,278681.2,e4725392-7f9c-4952-b021-19f82f488cfd
GTOP-AK281,WGS,DNBSEQ-T7,Adrenal_Gland,fastq,AK281-2099_2.fq.gz,285068.3,8b1d4874-1aaf-4f97-b210-31f797467f89
GTOP-AK281,WGS,DNBSEQ-T7,Whole_Blood,fastq,AK281-0378_1.fq.gz,292108,95e5046e-16f5-4ce2-8057-980e0e2b4124
GTOP-AK281,WGS,DNBSEQ-T7,Whole_Blood,fastq,AK281-0378_2.fq.gz,297873.9,7d82f98a-16f4-4c78-80e0-2e097a6654cf
GTOP-AK281,WGS,DNBSEQ-T7,Adrenal_Gland,bam,AK281-2099.bam,530394.1,f5b23f6e-2c82-4bba-bb35-a040a1229c7a
GTOP-AK281,WGS,DNBSEQ-T7,Adrenal_Gland,bam,AK281-2099.hap1.bam,328992.3,b1422cd8-821d-40b1-aece-3a30e100c262
GTOP-AK281,WGS,DNBSEQ-T7,Adrenal_Gland,bam,AK281-2099.hap2.bam,329242.7,d8e7bcfb-bb00-4e20-bddf-0b8c91e35020
GTOP-AK281,WGS,DNBSEQ-T7,Whole_Blood,bam,AK281-0378.bam,535417.3,f9f81425-9e63-4b59-bd9b-7a43c1c009e1
GTOP-AK281,WGS,DNBSEQ-T7,Whole_Blood,bam,AK281-0378.hap1.bam,335104.5,e08659e3-406a-49bb-ac7a-de1c3ef29b48
GTOP-AK281,WGS,DNBSEQ-T7,Whole_Blood,bam,AK281-0378.hap2.bam,335185.6,5c53fb94-1d4c-4073-b389-05cde978ff4c
GTOP-AK281,WGS,PacBio HiFi,Whole_Blood,fasta,AK281-DMSO.hap2.corrected.fa,2874.2,167e0675-5002-4b7a-8664-0431a1d89c2d
GTOP-AK281,WGS,PacBio HiFi,Whole_Blood,fasta,AK281-DMSO.hap1.corrected.fa,2894.3,1185aec9-cbc9-4eb7-884c-dd77c48dd202
GTOP-AK281,WGS,PacBio HiFi,Whole_Blood,chain,AK281-DMSO.hap1Tohap2.liftover.chain,5.5,40257970-a9f7-4336-9e23-1f8ef6226924
GTOP-AK281,WGS,PacBio HiFi,Whole_Blood,chain,AK281-DMSO.hap2Tohap1.liftover.chain,5.6,3e08bbfd-1cea-4df9-9e94-53bd313164e0
GTOP-AK281,WGS,PacBio HiFi,Whole_Blood,chain,AK281-DMSO.hap1.hg38ToDSA.liftover.chain,6.7,b9b48f71-e0e2-4dbc-8ff2-76cfd144c99c
GTOP-AK281,WGS,PacBio HiFi,Whole_Blood,chain,AK281-DMSO.hap2.hg38ToDSA.liftover.chain,6.6,15a9ba66-c174-40ae-a2f5-41557aa05ea4
GTOP-AK281,WGS,PacBio HiFi,Whole_Blood,chain,AK281-DMSO.hap1.DSATohg38.liftover.chain,6.9,86ad6e67-ca2c-414f-b268-f70f469668c1
GTOP-AK281,WGS,PacBio HiFi,Whole_Blood,chain,AK281-DMSO.hap2.DSATohg38.liftover.chain,6.8,be4ca7e2-cc3a-4d8d-aef6-a139c5b1842d
GTOP-AL271,WGS,DNBSEQ-T7,Adrenal_Gland,fastq,AL271-2099_1.fq.gz,321242.9,19c01510-9011-4af7-9404-9fbdf9f692fd
GTOP-AL271,WGS,DNBSEQ-T7,Adrenal_Gland,fastq,AL271-2099_2.fq.gz,319780.5,7659b035-1018-42dd-9795-b05d2fb84f37
GTOP-AL271,WGS,DNBSEQ-T7,Whole_Blood,fastq,AL271-0378_1.fq.gz,256493.6,644209ba-002e-4e28-bd91-6885d485dc08
GTOP-AL271,WGS,DNBSEQ-T7,Whole_Blood,fastq,AL271-0378_2.fq.gz,252643.1,9ac95f42-1183-4c63-9d02-df30534907c3
GTOP-AL271,WGS,DNBSEQ-T7,Adrenal_Gland,bam,AL271-2099.bam,579276.3,5fcdfcaa-74e4-4467-9ea3-5a9eb5d50272
GTOP-AL271,WGS,DNBSEQ-T7,Adrenal_Gland,bam,AL271-2099.hap1.bam,378437.3,d5d18922-00d3-4dce-82a9-097a565157fd
GTOP-AL271,WGS,DNBSEQ-T7,Adrenal_Gland,bam,AL271-2099.hap2.bam,378217.4,461ce0a9-8312-45e0-9ecb-88e4fe03922f
GTOP-AL271,WGS,DNBSEQ-T7,Whole_Blood,bam,AL271-0378.bam,511176,1b6032d9-184b-46ce-903d-230293ae8f0b
GTOP-AL271,WGS,DNBSEQ-T7,Whole_Blood,bam,AL271-0378.hap1.bam,276392,4fb96688-86ee-4434-85f1-ee7ad3254992
GTOP-AL271,WGS,DNBSEQ-T7,Whole_Blood,bam,AL271-0378.hap2.bam,276276,2d6433cc-06f2-4827-8f9b-9f2f56ed9b49
GTOP-AL271,WGS,PacBio HiFi,Whole_Blood,fasta,AL271-DMSO.hap2.corrected.fa,2887.3,c5964e4f-58b6-44ca-8f73-250363992a68
GTOP-AL271,WGS,PacBio HiFi,Whole_Blood,fasta,AL271-DMSO.hap1.corrected.fa,2920.7,abe3922f-c6a2-4a5a-9834-9aa66e1c52a8
GTOP-AL271,WGS,PacBio HiFi,Whole_Blood,chain,AL271-DMSO.hap1Tohap2.liftover.chain,5.4,30393783-3268-4cfb-95f1-35fecaec390a
GTOP-AL271,WGS,PacBio HiFi,Whole_Blood,chain,AL271-DMSO.hap2Tohap1.liftover.chain,5.5,24d5bb80-7d7c-4832-bc47-9309f729a727
GTOP-AL271,WGS,PacBio HiFi,Whole_Blood,chain,AL271-DMSO.hap1.hg38ToDSA.liftover.chain,6.7,7544a889-3575-4fce-b999-a6fe2d4f6eb7
GTOP-AL271,WGS,PacBio HiFi,Whole_Blood,chain,AL271-DMSO.hap2.hg38ToDSA.liftover.chain,6.7,88b18cf2-60f5-4fe4-a36c-f662bf5b0e50
GTOP-AL271,WGS,PacBio HiFi,Whole_Blood,chain,AL271-DMSO.hap1.DSATohg38.liftover.chain,6.9,e1adf189-1d79-433a-a829-d825b8df6998
GTOP-AL271,WGS,PacBio HiFi,Whole_Blood,chain,AL271-DMSO.hap2.DSATohg38.liftover.chain,6.9,6bb95394-e25c-4596-8ab0-6f7ec19bb70f
GTOP-BA082,WGS,DNBSEQ-T7,Adrenal_Gland,fastq,BA082-2099_1.fq.gz,271465.8,80c741d2-bacc-40a0-91f7-d8590637d26b
GTOP-BA082,WGS,DNBSEQ-T7,Adrenal_Gland,fastq,BA082-2099_2.fq.gz,281030.8,9dce48ec-9296-4633-b393-217f9e35058d
GTOP-BA082,WGS,DNBSEQ-T7,Whole_Blood,fastq,BA082-0378_1.fq.gz,293035,3bf24b67-3120-43d4-a64d-d3ab8754e98a
GTOP-BA082,WGS,DNBSEQ-T7,Whole_Blood,fastq,BA082-0378_2.fq.gz,303149.4,22c6df41-d8d7-49f3-b6f7-e9c0ee589acc
GTOP-BA082,WGS,DNBSEQ-T7,Adrenal_Gland,bam,BA082-2099.bam,469077,11cae73c-e3cc-4fd1-b801-924d3ac790b2
GTOP-BA082,WGS,DNBSEQ-T7,Adrenal_Gland,bam,BA082-2099.hap1.bam,337117.2,c536d55c-688b-4ed6-a87c-961d855294d2
GTOP-BA082,WGS,DNBSEQ-T7,Adrenal_Gland,bam,BA082-2099.hap2.bam,337597.2,28e03635-deaa-4152-9211-dc6b0eccf6b2
GTOP-BA082,WGS,DNBSEQ-T7,Whole_Blood,bam,BA082-0378.bam,483353.5,09ff3fb6-703e-4e33-a027-b222e92a2a84
GTOP-BA082,WGS,DNBSEQ-T7,Whole_Blood,bam,BA082-0378.hap1.bam,350416.3,e32e0282-a9e4-4f57-a5cd-2c7c4206d195
GTOP-BA082,WGS,DNBSEQ-T7,Whole_Blood,bam,BA082-0378.hap2.bam,350892.6,e870eead-319a-4867-b4cd-fa8df88d41d8
GTOP-BA082,WGS,PacBio HiFi,Whole_Blood,fasta,BA082-DMSO.hap2.corrected.fa,2884.2,ac2b076f-cb84-49dc-8c64-7d73fa4d158c
GTOP-BA082,WGS,PacBio HiFi,Whole_Blood,fasta,BA082-DMSO.hap1.corrected.fa,2928.3,6311ed9a-896b-4d57-90c3-e83397e41f7d
GTOP-BA082,WGS,PacBio HiFi,Whole_Blood,chain,BA082-DMSO.hap1Tohap2.liftover.chain,5.4,7e670599-86b1-4490-96ff-90691dd9e99d
GTOP-BA082,WGS,PacBio HiFi,Whole_Blood,chain,BA082-DMSO.hap2Tohap1.liftover.chain,5.5,ad026510-cfdb-43b8-9cc7-d2a9e5fc8ecb
GTOP-BA082,WGS,PacBio HiFi,Whole_Blood,chain,BA082-DMSO.hap1.hg38ToDSA.liftover.chain,6.8,85326fc9-ca86-493c-9a1c-bba67a55bed3
GTOP-BA082,WGS,PacBio HiFi,Whole_Blood,chain,BA082-DMSO.hap2.hg38ToDSA.liftover.chain,6.7,3017c9ec-82cc-40a1-93f9-b30d56beb0d1
GTOP-BA082,WGS,PacBio HiFi,Whole_Blood,chain,BA082-DMSO.hap1.DSATohg38.liftover.chain,7,c7c195e8-e314-43a8-b165-a33e22938cbb
GTOP-BA082,WGS,PacBio HiFi,Whole_Blood,chain,BA082-DMSO.hap2.DSATohg38.liftover.chain,7,fce88521-9ca6-42d3-88d9-ed9290ef0d00
GTOP-BA191,WGS,DNBSEQ-T7,Adrenal_Gland,fastq,BA191-2099_1.fq.gz,302637,f01c0515-36ac-4d39-a5dd-0f6b83cc03b9
GTOP-BA191,WGS,DNBSEQ-T7,Adrenal_Gland,fastq,BA191-2099_2.fq.gz,306847,bb0e961a-07b5-4f2a-8282-87cf6899f2d1
GTOP-BA191,WGS,DNBSEQ-T7,Pancreas_Tail,fastq,BA191-1392_1.fq.gz,199675.4,fa56bfda-07ac-4141-b5c4-16dbd9687bbe
GTOP-BA191,WGS,DNBSEQ-T7,Pancreas_Tail,fastq,BA191-1392_2.fq.gz,196202.2,eb9aa652-ecf0-4c3e-acad-d7e83aa6c14a
GTOP-BA191,WGS,DNBSEQ-T7,Adrenal_Gland,bam,BA191-2099.bam,544917.5,25acd680-1b90-40b2-82be-b916a454a84b
GTOP-BA191,WGS,DNBSEQ-T7,Adrenal_Gland,bam,BA191-2099.hap2.bam,369571.8,05c88479-bc00-4b79-8878-c4821c0a8e98
GTOP-BA191,WGS,DNBSEQ-T7,Adrenal_Gland,bam,BA191-2099.hap1.bam,369986.3,9d33265c-3527-4c6f-a205-8a93ba317e35
GTOP-BA191,WGS,DNBSEQ-T7,Pancreas_Tail,bam,BA191-1392.bam,490566.7,dc044ee2-2b3a-4cd1-a5a9-b3bec43a889e
GTOP-BA191,WGS,DNBSEQ-T7,Pancreas_Tail,bam,BA191-1392.hap1.bam,206167.6,20e1deba-afd2-4652-a7d2-516a0ba0a221
GTOP-BA191,WGS,DNBSEQ-T7,Pancreas_Tail,bam,BA191-1392.hap2.bam,205778.1,aa4a0549-536d-40f1-ab41-abba5d59360f
GTOP-BA191,WGS,PacBio HiFi,Whole_Blood,fasta,BA191-DMSO.hap1.corrected.fa,2893.3,1443bb0c-17f8-4fc7-82ea-581f28c31ab3
GTOP-BA191,WGS,PacBio HiFi,Whole_Blood,fasta,BA191-DMSO.hap2.corrected.fa,2886,38b250d3-8aa0-4302-9c4d-dd62a35fc338
GTOP-BA191,WGS,PacBio HiFi,Whole_Blood,chain,BA191-DMSO.hap1Tohap2.liftover.chain,5.4,2832845a-bddc-49c1-97bd-15af3a236a9b
GTOP-BA191,WGS,PacBio HiFi,Whole_Blood,chain,BA191-DMSO.hap2Tohap1.liftover.chain,5.4,befd9485-0b1a-4698-8761-9fae4130b64e
GTOP-BA191,WGS,PacBio HiFi,Whole_Blood,chain,BA191-DMSO.hap1.hg38ToDSA.liftover.chain,6.7,5ed55db4-ee70-44f7-9d03-801e8bb0c587
GTOP-BA191,WGS,PacBio HiFi,Whole_Blood,chain,BA191-DMSO.hap2.hg38ToDSA.liftover.chain,6.7,1dcbb68b-ffdb-4345-b0e9-c40655872401
GTOP-BA191,WGS,PacBio HiFi,Whole_Blood,chain,BA191-DMSO.hap1.DSATohg38.liftover.chain,7,f18c2ea1-02ec-4628-aad3-511e7c3b1895
GTOP-BA191,WGS,PacBio HiFi,Whole_Blood,chain,BA191-DMSO.hap2.DSATohg38.liftover.chain,7,a3893fb6-dcbf-48e4-80e4-b3ed0d28537d
GTOP-BA232,WGS,DNBSEQ-T7,Adrenal_Gland,fastq,BA232-2099_1.fq.gz,272200.9,d577131a-b528-4c1d-92a8-0d9b7cdf3005
GTOP-BA232,WGS,DNBSEQ-T7,Adrenal_Gland,fastq,BA232-2099_2.fq.gz,280620,7c2c35dc-b8a9-4823-8f43-2b517f347285
GTOP-BA232,WGS,DNBSEQ-T7,Whole_Blood,fastq,BA232-0378_1.fq.gz,309299.4,d20d41fb-4a6e-48d4-b82e-50ae42da564c
GTOP-BA232,WGS,DNBSEQ-T7,Whole_Blood,fastq,BA232-0378_2.fq.gz,319944.3,577b4678-f41e-4938-88cb-5f7a5d3f0a48
GTOP-BA232,WGS,DNBSEQ-T7,Adrenal_Gland,bam,BA232-2099.bam,496531.2,8513df41-a44f-455f-934b-2358fb1458fa
GTOP-BA232,WGS,DNBSEQ-T7,Adrenal_Gland,bam,BA232-2099.hap2.bam,334292.6,93e4967a-dcba-46e4-bc16-63310f0e23af
GTOP-BA232,WGS,DNBSEQ-T7,Adrenal_Gland,bam,BA232-2099.hap1.bam,337356.4,745befbd-1006-4026-aa7a-3ef9347a0afe
GTOP-BA232,WGS,DNBSEQ-T7,Whole_Blood,bam,BA232-0378.bam,546909.5,6513fdb5-9a9f-4544-a483-d796d2621e31
GTOP-BA232,WGS,DNBSEQ-T7,Whole_Blood,bam,BA232-0378.hap2.bam,365340,e2411ec0-9a7a-4ad9-b361-58dbe5be32db
GTOP-BA232,WGS,DNBSEQ-T7,Whole_Blood,bam,BA232-0378.hap1.bam,368913,caa43430-0037-47aa-8551-7fbe10009923
GTOP-BA232,WGS,PacBio HiFi,Whole_Blood,fasta,BA232-DMSO.hap1.corrected.fa,2875.5,913f43e5-bb49-4ad6-92a0-9162e88d4949
GTOP-BA232,WGS,PacBio HiFi,Whole_Blood,fasta,BA232-DMSO.hap2.corrected.fa,2889.3,34012e6d-b008-4a95-a20d-8577754bbf6a
GTOP-BA232,WGS,PacBio HiFi,Whole_Blood,chain,BA232-DMSO.hap1Tohap2.liftover.chain,5,84a5eae1-66e8-49d1-b077-6b292afb9e4e
GTOP-BA232,WGS,PacBio HiFi,Whole_Blood,chain,BA232-DMSO.hap2Tohap1.liftover.chain,5.1,3a0587b7-aeb1-4b58-aa5e-81e8326764cc
GTOP-BA232,WGS,PacBio HiFi,Whole_Blood,chain,BA232-DMSO.hap1.hg38ToDSA.liftover.chain,6.6,f9abc4c4-36c0-4d47-b0a2-713dade24eb9
GTOP-BA232,WGS,PacBio HiFi,Whole_Blood,chain,BA232-DMSO.hap2.hg38ToDSA.liftover.chain,6.8,3a0cb16a-1d64-40d1-83e2-afc311bdb6b6
GTOP-BA232,WGS,PacBio HiFi,Whole_Blood,chain,BA232-DMSO.hap1.DSATohg38.liftover.chain,7,b1ca7754-590f-43cf-9a9a-dc278dc9f7f9
GTOP-BA232,WGS,PacBio HiFi,Whole_Blood,chain,BA232-DMSO.hap2.DSATohg38.liftover.chain,7,089aa306-e956-4843-bb30-8886ebed1e87
GTOP-BA251,WGS,DNBSEQ-T7,Whole_Blood,fastq,BA251-0378_1.fq.gz,336375.1,86195ae4-d733-438d-8e8a-d0dcfe5c62d3
GTOP-BA251,WGS,DNBSEQ-T7,Whole_Blood,fastq,BA251-0378_2.fq.gz,343488.6,9d71176f-b0a7-4e47-82ac-0bc3922c6234
GTOP-BA251,WGS,DNBSEQ-T7,Whole_Blood,bam,BA251-0378.bam,561936.3,0da794cf-3caa-430f-af85-404217359607
GTOP-BA251,WGS,DNBSEQ-T7,Whole_Blood,bam,BA251-0378.hap1.bam,391066.1,389880d1-4b1c-4399-a50a-35ccc31b2c62
GTOP-BA251,WGS,DNBSEQ-T7,Whole_Blood,bam,BA251-0378.hap2.bam,391059.5,c6f3837b-56e8-4964-a287-96b0329f2b39
GTOP-BA251,WGS,PacBio HiFi,Whole_Blood,fasta,BA251-DMSO.hap2.corrected.fa,2920.3,6417f928-3476-461d-a04f-ab495d9328d5
GTOP-BA251,WGS,PacBio HiFi,Whole_Blood,fasta,BA251-DMSO.hap1.corrected.fa,2910.9,4e5b1b43-3920-418d-8237-8a0c313f184d
GTOP-BA251,WGS,PacBio HiFi,Whole_Blood,chain,BA251-DMSO.hap1Tohap2.liftover.chain,5.5,0fefedfa-3376-4e61-b6e3-3da1c8242da9
GTOP-BA251,WGS,PacBio HiFi,Whole_Blood,chain,BA251-DMSO.hap2Tohap1.liftover.chain,5.5,51c34d98-1f31-42ae-97db-a0faa9923c9e
GTOP-BA251,WGS,PacBio HiFi,Whole_Blood,chain,BA251-DMSO.hap1.hg38ToDSA.liftover.chain,6.7,a8cb6544-3b10-4811-baf3-44f922c734d0
GTOP-BA251,WGS,PacBio HiFi,Whole_Blood,chain,BA251-DMSO.hap2.hg38ToDSA.liftover.chain,6.7,ebaa0176-c304-470a-825e-b9dc5bb5993f
GTOP-BA251,WGS,PacBio HiFi,Whole_Blood,chain,BA251-DMSO.hap1.DSATohg38.liftover.chain,7,a8bc121c-db05-408e-80a0-b1e1bf18ea8d
GTOP-BA251,WGS,PacBio HiFi,Whole_Blood,chain,BA251-DMSO.hap2.DSATohg38.liftover.chain,7,c229b019-aef8-4003-96f5-3148fbe210d8
GTOP-BB201,WGS,DNBSEQ-T7,Adrenal_Gland,fastq,BB201-2099_1.fq.gz,297562.6,abefcb34-5449-48f2-b361-d50aee586446
GTOP-BB201,WGS,DNBSEQ-T7,Adrenal_Gland,fastq,BB201-2099_2.fq.gz,308498.4,8db7235d-9542-49f4-942d-1839874e1f8f
GTOP-BB201,WGS,DNBSEQ-T7,Aortic_Arch,fastq,BB201-4155_1.fq.gz,236635.9,5b238ded-276e-4db5-8f3e-7bbf30ddbdc5
GTOP-BB201,WGS,DNBSEQ-T7,Aortic_Arch,fastq,BB201-4155_2.fq.gz,213614.7,ba37a52a-d445-4fe0-8875-6b2977445529
GTOP-BB201,WGS,DNBSEQ-T7,Colon,fastq,BB201-1584_1.fq.gz,225173.3,94ccc70c-d968-4e0d-816c-38bbb8ab393d
GTOP-BB201,WGS,DNBSEQ-T7,Colon,fastq,BB201-1584_2.fq.gz,209612.1,1259dd36-dc9b-48c3-87a1-dd316a1efb26
GTOP-BB201,WGS,DNBSEQ-T7,Esophagus,fastq,BB201-1710_1.fq.gz,223076.9,f7f32537-950c-4f23-918c-eb07c0bc192f
GTOP-BB201,WGS,DNBSEQ-T7,Esophagus,fastq,BB201-1710_2.fq.gz,209763.1,9c6da090-0e65-46aa-a13d-1ff081eb6555
GTOP-BB201,WGS,DNBSEQ-T7,Heart_Left_Atrium,fastq,BB201-4019_1.fq.gz,266248.4,5f392f65-6fc3-4dde-95c3-d0393d09c64a
GTOP-BB201,WGS,DNBSEQ-T7,Heart_Left_Atrium,fastq,BB201-4019_2.fq.gz,260672.2,457b2bd5-06b5-42b3-a098-4fc69cd4fb04
GTOP-BB201,WGS,DNBSEQ-T7,Heart_Left_Ventricle,fastq,BB201-4002_1.fq.gz,305529,c296321f-4b0a-4af1-9631-ec6ebd13c757
GTOP-BB201,WGS,DNBSEQ-T7,Heart_Left_Ventricle,fastq,BB201-4002_2.fq.gz,299744.4,bacf500c-6d4e-44ff-9683-9d05fbc34ed6
GTOP-BB201,WGS,DNBSEQ-T7,Heart_Right_Atrium,fastq,BB201-4018_1.fq.gz,297822.3,603c9e0a-83f4-4806-b71c-b0d34a021c45
GTOP-BB201,WGS,DNBSEQ-T7,Heart_Right_Atrium,fastq,BB201-4018_2.fq.gz,292758.8,1fcfc2bf-d6e4-4498-b156-7db3e0d328cf
GTOP-BB201,WGS,DNBSEQ-T7,Heart_Right_Ventricle,fastq,BB201-4003_1.fq.gz,267091.2,3aa87538-69e0-4f38-88a5-4027c343bbb6
GTOP-BB201,WGS,DNBSEQ-T7,Heart_Right_Ventricle,fastq,BB201-4003_2.fq.gz,271100.4,520948f5-1432-4eb6-a538-7bfeda941395
GTOP-BB201,WGS,DNBSEQ-T7,Heart_Tricuspid_Valve,fastq,BB201-4023_1.fq.gz,207259.3,aedc3cf2-ec6e-477c-8ca1-b2c1d48d2082
GTOP-BB201,WGS,DNBSEQ-T7,Heart_Tricuspid_Valve,fastq,BB201-4023_2.fq.gz,206182.8,13631fbc-5141-4342-8835-a9da9e4401f3
GTOP-BB201,WGS,DNBSEQ-T7,Lung_Apex,fastq,BB201-5156_1.fq.gz,237526.1,d21e5e98-d9c0-49a1-b9a3-6fdaefac2781
GTOP-BB201,WGS,DNBSEQ-T7,Lung_Apex,fastq,BB201-5156_2.fq.gz,215545.1,a86e46ca-14a1-4241-bdc5-850e89c710b9
GTOP-BB201,WGS,DNBSEQ-T7,Lung_Base,fastq,BB201-5032_1.fq.gz,224440.5,68ae8c1f-6af8-441b-8c44-07a9955a1c27
GTOP-BB201,WGS,DNBSEQ-T7,Lung_Base,fastq,BB201-5032_2.fq.gz,207073.5,1dcef75f-9bcb-49a4-8fbb-a350c923b55b
GTOP-BB201,WGS,DNBSEQ-T7,Pancreas_Head,fastq,BB201-1108_1.fq.gz,252200.7,5b183eb5-eee5-4013-bc0b-71ec9a31e19b
GTOP-BB201,WGS,DNBSEQ-T7,Pancreas_Head,fastq,BB201-1108_2.fq.gz,262691,12a5fd9f-b913-4568-897b-075b38505ca1
GTOP-BB201,WGS,DNBSEQ-T7,Stomach,fastq,BB201-1601_1.fq.gz,226213.5,4028bc19-d264-4f30-9046-850c99315cf0
GTOP-BB201,WGS,DNBSEQ-T7,Stomach,fastq,BB201-1601_2.fq.gz,209734.6,e34ddc8c-2ffd-4399-a70d-67902b1b266b
GTOP-BB201,WGS,DNBSEQ-T7,Thoracic_Aorta,fastq,BB201-4149_1.fq.gz,209110.3,388843a5-188d-4249-b683-5991107026e9
GTOP-BB201,WGS,DNBSEQ-T7,Thoracic_Aorta,fastq,BB201-4149_2.fq.gz,198853.4,8cde2f6d-caf8-461f-9384-5765bf071def
GTOP-BB201,WGS,DNBSEQ-T7,Whole_Blood,fastq,BB201-0378_1.fq.gz,342611.8,035051a6-7679-41e2-b626-2e88a4c654d8
GTOP-BB201,WGS,DNBSEQ-T7,Whole_Blood,fastq,BB201-0378_2.fq.gz,351051.9,d12ee0a2-6769-4dd8-89bb-f8fb731b1b27
GTOP-BB201,WGS,DNBSEQ-T7,Adrenal_Gland,bam,BB201-2099.bam,534144,799f855a-f22b-49fd-bec2-b5c759680a7b
GTOP-BB201,WGS,DNBSEQ-T7,Adrenal_Gland,bam,BB201-2099.hap1.bam,372029.3,48517c2b-ca07-4560-bbff-2b333fc8cbb7
GTOP-BB201,WGS,DNBSEQ-T7,Adrenal_Gland,bam,BB201-2099.hap2.bam,370407.2,4c914862-c99c-4163-a9bf-998816c96d6b
GTOP-BB201,WGS,DNBSEQ-T7,Aortic_Arch,bam,BB201-4155.bam,515174.8,c28093ac-1d7b-42aa-9e37-1e5645ce86b2
GTOP-BB201,WGS,DNBSEQ-T7,Aortic_Arch,bam,BB201-4155.hap2.bam,224654.6,d081804d-5afe-4f67-8196-83b9ea1ba9c9
GTOP-BB201,WGS,DNBSEQ-T7,Aortic_Arch,bam,BB201-4155.hap1.bam,225820.3,cc7da11f-3da3-4e35-bae5-51cbf8046aa6
GTOP-BB201,WGS,DNBSEQ-T7,Colon,bam,BB201-1584.bam,508631.3,2e17c2a6-22cc-4945-9379-4aee7c1efbff
GTOP-BB201,WGS,DNBSEQ-T7,Colon,bam,BB201-1584.hap1.bam,221664.6,201a22b6-8123-4d7c-82f2-0cd366061be1
GTOP-BB201,WGS,DNBSEQ-T7,Colon,bam,BB201-1584.hap2.bam,220526.2,e0872787-eecb-4403-85e5-25efea65971d
GTOP-BB201,WGS,DNBSEQ-T7,Esophagus,bam,BB201-1710.bam,486500.6,b78d25d7-0a2b-45ec-adc5-25718bd13b5c
GTOP-BB201,WGS,DNBSEQ-T7,Esophagus,bam,BB201-1710.hap2.bam,218370.3,605c17b2-9c19-45ed-92ba-1d6232636001
GTOP-BB201,WGS,DNBSEQ-T7,Esophagus,bam,BB201-1710.hap1.bam,219529.8,7aaf41d0-81e3-4a37-ba5e-05ecc0dd2f88
GTOP-BB201,WGS,DNBSEQ-T7,Heart_Left_Atrium,bam,BB201-4019.bam,500139.6,9c15ebd3-2aff-4c20-b483-118fcd57c540
GTOP-BB201,WGS,DNBSEQ-T7,Heart_Left_Atrium,bam,BB201-4019.hap1.bam,288294.5,bdd9b9d9-3461-4f3e-b993-2e9db1230e6a
GTOP-BB201,WGS,DNBSEQ-T7,Heart_Left_Atrium,bam,BB201-4019.hap2.bam,286827,08bd195b-b24f-487e-a3de-a5e20de9e26f
GTOP-BB201,WGS,DNBSEQ-T7,Heart_Left_Ventricle,bam,BB201-4002.bam,503748.4,f0270e5d-11d4-43b2-8cda-200290c14fdf
GTOP-BB201,WGS,DNBSEQ-T7,Heart_Left_Ventricle,bam,BB201-4002.hap1.bam,325997.7,210f2e73-3b4f-4374-83ce-8881686d2443
GTOP-BB201,WGS,DNBSEQ-T7,Heart_Left_Ventricle,bam,BB201-4002.hap2.bam,324374.4,3e81d2df-cd44-4a0c-9f1c-603a5506f110
GTOP-BB201,WGS,DNBSEQ-T7,Heart_Right_Atrium,bam,BB201-4018.bam,485273.5,68744de0-0f7e-4898-aa60-2c0150c9fa7f
GTOP-BB201,WGS,DNBSEQ-T7,Heart_Right_Atrium,bam,BB201-4018.hap2.bam,319112.5,66bfee16-00f4-4234-818d-c39ec3d1e7f5
GTOP-BB201,WGS,DNBSEQ-T7,Heart_Right_Atrium,bam,BB201-4018.hap1.bam,320721,8f10605e-ad12-4efc-a73d-6a8431099216
GTOP-BB201,WGS,DNBSEQ-T7,Heart_Right_Ventricle,bam,BB201-4003.bam,508727.4,cb4491cd-7145-4518-8e18-3e6e4d5578fb
GTOP-BB201,WGS,DNBSEQ-T7,Heart_Right_Ventricle,bam,BB201-4003.hap2.bam,332918.2,ef75c413-be30-4879-8d5c-9294868c4c21
GTOP-BB201,WGS,DNBSEQ-T7,Heart_Right_Ventricle,bam,BB201-4003.hap1.bam,334317.5,2d0a0a17-3c77-43db-b880-775647b2fe2a
GTOP-BB201,WGS,DNBSEQ-T7,Heart_Tricuspid_Valve,bam,BB201-4023.bam,369961.9,1d776c7d-a301-4797-987c-37e9a2cee49e
GTOP-BB201,WGS,DNBSEQ-T7,Heart_Tricuspid_Valve,bam,BB201-4023.hap2.bam,238116.7,b48f68b9-4783-4c4b-ab55-983665dc67da
GTOP-BB201,WGS,DNBSEQ-T7,Heart_Tricuspid_Valve,bam,BB201-4023.hap1.bam,239212.7,6ff9db86-ff03-42c3-8cd7-c3163b4a49ab
GTOP-BB201,WGS,DNBSEQ-T7,Lung_Apex,bam,BB201-5156.bam,518179.5,36f8e202-d2dd-48b4-96b0-95b94ac0662e
GTOP-BB201,WGS,DNBSEQ-T7,Lung_Apex,bam,BB201-5156.hap2.bam,227603.7,ae49645f-b05f-4040-9600-a4dc24e35047
GTOP-BB201,WGS,DNBSEQ-T7,Lung_Apex,bam,BB201-5156.hap1.bam,228764.6,25d0e5d3-b2ec-4718-8982-a6e27c0eba1c
GTOP-BB201,WGS,DNBSEQ-T7,Lung_Base,bam,BB201-5032.bam,496820.1,e4de6c0d-2793-4d16-9f8e-cef9448d275c
GTOP-BB201,WGS,DNBSEQ-T7,Lung_Base,bam,BB201-5032.hap1.bam,218596.3,5b8c1f05-0092-4479-b789-4e5f7f2f0f8c
GTOP-BB201,WGS,DNBSEQ-T7,Lung_Base,bam,BB201-5032.hap2.bam,217466.2,bf708ae4-d057-48de-a536-312985ca9945
GTOP-BB201,WGS,DNBSEQ-T7,Pancreas_Head,bam,BB201-1108.bam,472465.2,cbdfe5db-2f28-4a78-9b06-6bcab9846774
GTOP-BB201,WGS,DNBSEQ-T7,Pancreas_Head,bam,BB201-1108.hap1.bam,309145.4,72cc4cd0-89a6-4102-b690-178d9c07bf61
GTOP-BB201,WGS,DNBSEQ-T7,Pancreas_Head,bam,BB201-1108.hap2.bam,307747.7,95c4618c-6fb6-4563-8b89-35080166c3a1
GTOP-BB201,WGS,DNBSEQ-T7,Stomach,bam,BB201-1601.bam,509194.3,dd1f2927-0c21-4b75-8fab-448af3449417
GTOP-BB201,WGS,DNBSEQ-T7,Stomach,bam,BB201-1601.hap1.bam,222958.3,5f13166a-b6ba-49b9-8b97-a70a0b75b03a
GTOP-BB201,WGS,DNBSEQ-T7,Stomach,bam,BB201-1601.hap2.bam,221853,b749d42a-29db-41f9-bc72-d1b9f0b03f1c
GTOP-BB201,WGS,DNBSEQ-T7,Thoracic_Aorta,bam,BB201-4149.bam,479515.1,bca9778b-a6aa-4f3e-a429-ff35b2bdde4d
GTOP-BB201,WGS,DNBSEQ-T7,Thoracic_Aorta,bam,BB201-4149.hap2.bam,210817.5,4fa610c3-8d34-4279-869d-46d6fa05d3a6
GTOP-BB201,WGS,DNBSEQ-T7,Thoracic_Aorta,bam,BB201-4149.hap1.bam,211902.5,00ed225b-3583-4bab-af9a-3df06e06763e
GTOP-BB201,WGS,DNBSEQ-T7,Whole_Blood,bam,BB201-0378.bam,569249.5,22ca6660-ca82-4198-955f-8c93981281c4
GTOP-BB201,WGS,DNBSEQ-T7,Whole_Blood,bam,BB201-0378.hap1.bam,409849,4bb5767c-fc03-4142-a8ca-46ab08cb5c0d
GTOP-BB201,WGS,DNBSEQ-T7,Whole_Blood,bam,BB201-0378.hap2.bam,407908.3,9b7be725-f149-46da-922f-16d87c069c89
GTOP-BB201,WGS,PacBio HiFi,Whole_Blood,fasta,BB201-DMSO.hap2.corrected.fa,2908,dab24bcb-d49e-4b45-8715-cf6adb48b207
GTOP-BB201,WGS,PacBio HiFi,Whole_Blood,fasta,BB201-DMSO.hap1.corrected.fa,2885.8,add9c551-e660-4e4d-8366-24a2066b95ed
GTOP-BB201,WGS,PacBio HiFi,Whole_Blood,chain,BB201-DMSO.hap1Tohap2.liftover.chain,5.3,eaa8bf67-1f8e-4c44-998b-bbcd60fb7133
GTOP-BB201,WGS,PacBio HiFi,Whole_Blood,chain,BB201-DMSO.hap2Tohap1.liftover.chain,5.2,2e75f79e-d530-44f8-baf4-4fdd41e9f32e
GTOP-BB201,WGS,PacBio HiFi,Whole_Blood,chain,BB201-DMSO.hap1.hg38ToDSA.liftover.chain,6.7,fd2915f6-6347-4065-913a-d9aaab457540
GTOP-BB201,WGS,PacBio HiFi,Whole_Blood,chain,BB201-DMSO.hap2.hg38ToDSA.liftover.chain,6.7,6a960f5c-f34e-41c0-8e8b-68c317846811
GTOP-BB201,WGS,PacBio HiFi,Whole_Blood,chain,BB201-DMSO.hap1.DSATohg38.liftover.chain,7,23988bb1-db64-46bd-ba1d-6cc1c304b26e
GTOP-BB201,WGS,PacBio HiFi,Whole_Blood,chain,BB201-DMSO.hap2.DSATohg38.liftover.chain,6.9,95bf9a10-9312-4d8a-bdf6-62107233f7d5
GTOP-BB202,WGS,DNBSEQ-T7,Heart_Left_Ventricle,fastq,BB202-4002_1.fq.gz,293937.7,b9eaaea4-7243-4355-ba38-9df0667f5723
GTOP-BB202,WGS,DNBSEQ-T7,Heart_Left_Ventricle,fastq,BB202-4002_2.fq.gz,288537.2,9b3f81a8-282f-42b0-b61a-71d4f35999ce
GTOP-BB202,WGS,DNBSEQ-T7,Lung_Apex,fastq,BB202-5156_1.fq.gz,219386.4,a05a67c9-051f-4879-822b-3db33a1ea0d1
GTOP-BB202,WGS,DNBSEQ-T7,Lung_Apex,fastq,BB202-5156_2.fq.gz,205660.8,0f74483f-8fff-407f-bd08-ef6f2c9eab30
GTOP-BB202,WGS,DNBSEQ-T7,Lung_Base,fastq,BB202-5032_1.fq.gz,242626,7549755d-642f-41bd-baf4-5ff7a49f6266
GTOP-BB202,WGS,DNBSEQ-T7,Lung_Base,fastq,BB202-5032_2.fq.gz,227852.8,be363bc0-37d6-4a02-8d0e-6b0ccbd79a27
GTOP-BB202,WGS,DNBSEQ-T7,Skin,fastq,BB202-0262_1.fq.gz,272695.2,836a0185-8a44-4a0b-bdbf-e0c6a79c02f7
GTOP-BB202,WGS,DNBSEQ-T7,Skin,fastq,BB202-0262_2.fq.gz,271016.2,df95eafd-44c6-4b3a-8f9f-9b5f0a68bd9b
GTOP-BB202,WGS,DNBSEQ-T7,Whole_Blood,fastq,BB202-0378_1.fq.gz,291630.6,12b16ece-8c46-4bd9-a92a-9ddfacca7141
GTOP-BB202,WGS,DNBSEQ-T7,Whole_Blood,fastq,BB202-0378_2.fq.gz,299778.5,7c313411-1634-4ca2-a094-87d32eecd4c1
GTOP-BB202,WGS,DNBSEQ-T7,Heart_Left_Ventricle,bam,BB202-4002.bam,555829.2,8904ac34-d022-4334-aeab-215f68cbf8e4
GTOP-BB202,WGS,DNBSEQ-T7,Heart_Left_Ventricle,bam,BB202-4002.hap2.bam,310722.1,7fa3f406-e639-4c46-8560-12c439d42581
GTOP-BB202,WGS,DNBSEQ-T7,Heart_Left_Ventricle,bam,BB202-4002.hap1.bam,316170.5,5e8cf463-b182-4567-9e39-63eb44ba0c33
GTOP-BB202,WGS,DNBSEQ-T7,Lung_Apex,bam,BB202-5156.bam,498163,ea1a906c-7da4-4ed5-b5ac-2e4a6d1b1d66
GTOP-BB202,WGS,DNBSEQ-T7,Lung_Apex,bam,BB202-5156.hap1.bam,223063.8,68817731-60c5-4038-9b1d-483e94455451
GTOP-BB202,WGS,DNBSEQ-T7,Lung_Apex,bam,BB202-5156.hap2.bam,219027.5,18f240d0-a5b2-4074-80d6-d0e6c0dac35b
GTOP-BB202,WGS,DNBSEQ-T7,Lung_Base,bam,BB202-5032.bam,546770.3,786ce1f1-31e8-4865-bdbc-39b77c000166
GTOP-BB202,WGS,DNBSEQ-T7,Lung_Base,bam,BB202-5032.hap2.bam,240915.6,4e4388c5-7ade-4791-bb7c-b9dfc3caec7d
GTOP-BB202,WGS,DNBSEQ-T7,Lung_Base,bam,BB202-5032.hap1.bam,245271.5,8cf85d86-291e-4033-9b50-73aa432a983d
GTOP-BB202,WGS,DNBSEQ-T7,Skin,bam,BB202-0262.bam,557434.5,68912c9e-7718-4e96-a1b2-a07c0a0123e7
GTOP-BB202,WGS,DNBSEQ-T7,Skin,bam,BB202-0262.hap2.bam,297739.8,a4d2cc0f-9c49-4b66-994e-89c6fa5c31a1
GTOP-BB202,WGS,DNBSEQ-T7,Skin,bam,BB202-0262.hap1.bam,302813.2,1eb477ff-87fe-40b0-999f-1e986f7bbf5d
GTOP-BB202,WGS,DNBSEQ-T7,Whole_Blood,bam,BB202-0378.bam,518241.6,1b570017-facb-489e-ab8b-42e39ad30701
GTOP-BB202,WGS,DNBSEQ-T7,Whole_Blood,bam,BB202-0378.hap2.bam,349332,ae6e5071-2791-4cf9-89da-4360efa455ed
GTOP-BB202,WGS,DNBSEQ-T7,Whole_Blood,bam,BB202-0378.hap1.bam,354939.4,a7ae564c-dc35-4944-bdfd-e1e863585346
GTOP-BB202,WGS,PacBio HiFi,Whole_Blood,fasta,BB202-DMSO.hap1.corrected.fa,2804.6,f8ce1fa5-3988-40f3-8ba2-97702d6621a3
GTOP-BB202,WGS,PacBio HiFi,Whole_Blood,fasta,BB202-DMSO.hap2.corrected.fa,2984.2,048a604e-49a7-47b4-9eed-ca95ef39fbd2
GTOP-BB202,WGS,PacBio HiFi,Whole_Blood,chain,BB202-DMSO.hap1Tohap2.liftover.chain,5.3,b4e09c6c-e2bb-4d83-9142-a4893026f75c
GTOP-BB202,WGS,PacBio HiFi,Whole_Blood,chain,BB202-DMSO.hap2Tohap1.liftover.chain,5.4,a7af1fd4-3c1f-4a2e-9964-74eb64c60f2b
GTOP-BB202,WGS,PacBio HiFi,Whole_Blood,chain,BB202-DMSO.hap1.hg38ToDSA.liftover.chain,6.5,a0cb51f8-af59-40c0-b32c-e0995b63ed03
GTOP-BB202,WGS,PacBio HiFi,Whole_Blood,chain,BB202-DMSO.hap2.hg38ToDSA.liftover.chain,6.8,e9cc392b-c387-4bcf-a407-a254dccc4de3
GTOP-BB202,WGS,PacBio HiFi,Whole_Blood,chain,BB202-DMSO.hap1.DSATohg38.liftover.chain,6.7,37da0384-f19f-4918-b11e-22a1603bcca0
GTOP-BB202,WGS,PacBio HiFi,Whole_Blood,chain,BB202-DMSO.hap2.DSATohg38.liftover.chain,7.1,c1a9444b-a338-4c7a-90e1-ee34537b7005
GTOP-BC061,WGS,DNBSEQ-T7,Adrenal_Gland,fastq,BC061-2099_1.fq.gz,332559.9,e44649ac-e2f6-439a-a78e-e50d8dc10215
GTOP-BC061,WGS,DNBSEQ-T7,Adrenal_Gland,fastq,BC061-2099_2.fq.gz,332193.7,5dd856ad-e850-4005-97f7-eabddd384076
GTOP-BC061,WGS,DNBSEQ-T7,Gallbladder,fastq,BC061-1856_1.fq.gz,220234.9,dd0d7d4d-481c-46e4-875d-ab14280fb580
GTOP-BC061,WGS,DNBSEQ-T7,Gallbladder,fastq,BC061-1856_2.fq.gz,219336.1,49420afb-3fe6-45e7-8c8d-21ffdff164f2
GTOP-BC061,WGS,DNBSEQ-T7,Liver,fastq,BC061-1053_1.fq.gz,231610.7,ecf63652-3a52-43b0-bbc7-1f81fa2217fa
GTOP-BC061,WGS,DNBSEQ-T7,Liver,fastq,BC061-1053_2.fq.gz,230441.9,f9f6bd5f-c0a1-4a37-a035-2ab905679ad7
GTOP-BC061,WGS,DNBSEQ-T7,Muscle,fastq,BC061-0087_1.fq.gz,258538,f663d185-f46a-4fa2-8cc0-1c8aa14f4a97
GTOP-BC061,WGS,DNBSEQ-T7,Muscle,fastq,BC061-0087_2.fq.gz,254789.7,ca665375-32d1-41bb-b5f8-df3ed0199621
GTOP-BC061,WGS,DNBSEQ-T7,Pancreas_Head,fastq,BC061-1108_1.fq.gz,277114.3,640a9610-862b-4c1b-9ca2-5cf4ee07cc88
GTOP-BC061,WGS,DNBSEQ-T7,Pancreas_Head,fastq,BC061-1108_2.fq.gz,285369.6,fc1aaff3-ae2f-40f3-a087-576097c48416
GTOP-BC061,WGS,DNBSEQ-T7,Whole_Blood,fastq,BC061-0378_1.fq.gz,308799.3,cb23c207-3c10-4d6d-83f0-31e98a85ae47
GTOP-BC061,WGS,DNBSEQ-T7,Whole_Blood,fastq,BC061-0378_2.fq.gz,304867.8,bb552044-3721-48fc-b3f1-8ce7c6c17a84
GTOP-BC061,WGS,DNBSEQ-T7,Adrenal_Gland,bam,BC061-2099.bam,611053.9,f57fdefd-adaf-4312-afca-65403aeb5c4b
GTOP-BC061,WGS,DNBSEQ-T7,Adrenal_Gland,bam,BC061-2099.hap2.bam,393154.1,a15470c7-a68f-4bdc-acfd-13c12c4d05f9
GTOP-BC061,WGS,DNBSEQ-T7,Adrenal_Gland,bam,BC061-2099.hap1.bam,394795.4,dcb50707-7a0b-48ca-8bcf-5549a1b426e8
GTOP-BC061,WGS,DNBSEQ-T7,Gallbladder,bam,BC061-1856.bam,439108.8,27f8c2ea-6b59-49cf-9127-77b15589ef14
GTOP-BC061,WGS,DNBSEQ-T7,Gallbladder,bam,BC061-1856.hap2.bam,253970.9,2e19dfa8-032b-4122-a521-ac4f0d5e7990
GTOP-BC061,WGS,DNBSEQ-T7,Gallbladder,bam,BC061-1856.hap1.bam,255165.8,5a0b9fa0-dd0b-4e9e-9ae1-53ae5a6fae41
GTOP-BC061,WGS,DNBSEQ-T7,Liver,bam,BC061-1053.bam,467887.8,49f5a48f-05f8-4437-97b3-9df8a824b9ba
GTOP-BC061,WGS,DNBSEQ-T7,Liver,bam,BC061-1053.hap1.bam,258410.6,9db7dc32-a9cb-4b77-b066-4856115cb21a
GTOP-BC061,WGS,DNBSEQ-T7,Liver,bam,BC061-1053.hap2.bam,257230.4,477c9ce3-2c57-4ae0-aa23-78873c154e53
GTOP-BC061,WGS,DNBSEQ-T7,Muscle,bam,BC061-0087.bam,574645.9,136bab31-0842-464f-b4bc-3681ca62bef3
GTOP-BC061,WGS,DNBSEQ-T7,Muscle,bam,BC061-0087.hap1.bam,292786.5,279972d9-f115-4175-8fcf-408850d519f4
GTOP-BC061,WGS,DNBSEQ-T7,Muscle,bam,BC061-0087.hap2.bam,291487.5,ca7bcd4b-4404-4b70-8141-eae3a47f3492
GTOP-BC061,WGS,DNBSEQ-T7,Pancreas_Head,bam,BC061-1108.bam,531254.4,ca8be563-7b00-4d22-9eb5-0dc1a1b3a75a
GTOP-BC061,WGS,DNBSEQ-T7,Pancreas_Head,bam,BC061-1108.hap2.bam,330611.2,8c9f4f94-0a16-46c0-8881-d4c185fe0668
GTOP-BC061,WGS,DNBSEQ-T7,Pancreas_Head,bam,BC061-1108.hap1.bam,332129.2,66239c66-8830-40ed-9d67-f2d9479fae9d
GTOP-BC061,WGS,DNBSEQ-T7,Whole_Blood,bam,BC061-0378.bam,548087.5,40419fb8-b610-4fc0-8cb5-40f8e75005dc
GTOP-BC061,WGS,DNBSEQ-T7,Whole_Blood,bam,BC061-0378.hap2.bam,382071,956926d5-5785-413e-8975-9343accb0ea3
GTOP-BC061,WGS,DNBSEQ-T7,Whole_Blood,bam,BC061-0378.hap1.bam,383722.5,f9c6bf95-d991-4a73-a96d-67988e67ec12
GTOP-BC061,WGS,PacBio HiFi,Whole_Blood,fasta,BC061-DMSO.hap1.corrected.fa,2837.1,bd105a6c-d5c9-4948-b85c-2322eb0600f5
GTOP-BC061,WGS,PacBio HiFi,Whole_Blood,fasta,BC061-DMSO.hap2.corrected.fa,2884.4,7ffc2924-28d1-497d-bf4a-bcf2deeedd3b
GTOP-BC061,WGS,PacBio HiFi,Whole_Blood,chain,BC061-DMSO.hap1Tohap2.liftover.chain,5,37238f85-c52e-4bab-8614-b8031352fdda
GTOP-BC061,WGS,PacBio HiFi,Whole_Blood,chain,BC061-DMSO.hap2Tohap1.liftover.chain,5,61d4916b-94ee-4414-bb0f-dd6f7bef1075
GTOP-BC061,WGS,PacBio HiFi,Whole_Blood,chain,BC061-DMSO.hap1.hg38ToDSA.liftover.chain,6.6,3b65cd95-09fa-4241-a950-31c4988ff473
GTOP-BC061,WGS,PacBio HiFi,Whole_Blood,chain,BC061-DMSO.hap2.hg38ToDSA.liftover.chain,6.6,c5c4313b-2105-43b6-b209-d2222b78491a
GTOP-BC061,WGS,PacBio HiFi,Whole_Blood,chain,BC061-DMSO.hap1.DSATohg38.liftover.chain,6.9,422a4e25-d07f-4885-908c-f34c75776241
GTOP-BC061,WGS,PacBio HiFi,Whole_Blood,chain,BC061-DMSO.hap2.DSATohg38.liftover.chain,6.9,50f91f92-867d-478f-a5cf-5d7ff9edf6d1
GTOP-BC161,WGS,DNBSEQ-T7,Muscle,fastq,BC161-0087_1.fq.gz,226726.2,01599073-cae4-45a2-be65-8cf19387ef88
GTOP-BC161,WGS,DNBSEQ-T7,Muscle,fastq,BC161-0087_2.fq.gz,222266,54ea0bc8-bc44-4e5f-b22c-f137644f1d35
GTOP-BC161,WGS,DNBSEQ-T7,Pancreas_Head,fastq,BC161-1108_1.fq.gz,291544.8,56234c50-8108-4011-a0cb-22a4f64a9a9c
GTOP-BC161,WGS,DNBSEQ-T7,Pancreas_Head,fastq,BC161-1108_2.fq.gz,299568.4,b87443e9-05a3-4d5f-8d8a-6dc3ddf1054e
GTOP-BC161,WGS,DNBSEQ-T7,Muscle,bam,BC161-0087.bam,482954.6,2b5051f8-21d1-4c87-8e5b-bbb2fda5660a
GTOP-BC161,WGS,DNBSEQ-T7,Muscle,bam,BC161-0087.hap2.bam,250561.7,56a691fb-69c2-40ec-a8a0-28b417d15520
GTOP-BC161,WGS,DNBSEQ-T7,Muscle,bam,BC161-0087.hap1.bam,250524.5,d929a5e6-a31c-444f-9b1e-51c49b994871
GTOP-BC161,WGS,DNBSEQ-T7,Pancreas_Head,bam,BC161-1108.bam,552084.5,1b173383-f12c-4606-bab0-bc29fa6a725d
GTOP-BC161,WGS,DNBSEQ-T7,Pancreas_Head,bam,BC161-1108.hap1.bam,349127.7,412577e4-3594-432d-b9b6-c3102ca823f1
GTOP-BC161,WGS,DNBSEQ-T7,Pancreas_Head,bam,BC161-1108.hap2.bam,349214.6,a97e4bc6-702b-4c22-9851-d52f51535c4b
GTOP-BC161,WGS,PacBio HiFi,Whole_Blood,fasta,BC161-DMSO.hap2.corrected.fa,2927.9,b77fb4a6-0a5c-4729-ba02-8f954bfeecc3
GTOP-BC161,WGS,PacBio HiFi,Whole_Blood,fasta,BC161-DMSO.hap1.corrected.fa,2934.5,b9ed8636-b43e-49be-96c9-1b0bb928d6db
GTOP-BC161,WGS,PacBio HiFi,Whole_Blood,chain,BC161-DMSO.hap1Tohap2.liftover.chain,5.4,c6b0c681-4a93-483d-8aeb-d4894f8e2343
GTOP-BC161,WGS,PacBio HiFi,Whole_Blood,chain,BC161-DMSO.hap2Tohap1.liftover.chain,5.5,f79456ea-76ce-4252-a907-bccf03ecdcd8
GTOP-BC161,WGS,PacBio HiFi,Whole_Blood,chain,BC161-DMSO.hap1.hg38ToDSA.liftover.chain,6.7,24a12c6e-07a4-4bb6-8abd-1de17060104c
GTOP-BC161,WGS,PacBio HiFi,Whole_Blood,chain,BC161-DMSO.hap2.hg38ToDSA.liftover.chain,6.8,12ef7d45-01eb-400b-94c0-f1673fd9a905
GTOP-BC161,WGS,PacBio HiFi,Whole_Blood,chain,BC161-DMSO.hap1.DSATohg38.liftover.chain,6.9,6d02312b-d3a7-491a-9ea5-40d2efa93db3
GTOP-BC161,WGS,PacBio HiFi,Whole_Blood,chain,BC161-DMSO.hap2.DSATohg38.liftover.chain,7.1,9d4fab5f-10c8-4467-9ad9-bed1368c8266
GTOP-BC181,WGS,DNBSEQ-T7,Adrenal_Gland,fastq,BC181-2099_1.fq.gz,281483.7,3d0b5ffc-ed82-4635-80b6-1fba6d0b78f7
GTOP-BC181,WGS,DNBSEQ-T7,Adrenal_Gland,fastq,BC181-2099_2.fq.gz,285885.8,e9df7da0-4d0d-4fe2-8bfa-1d740d8d59d5
GTOP-BC181,WGS,DNBSEQ-T7,Muscle,fastq,BC181-0087_1.fq.gz,269041.2,d6c775af-be8f-42e3-b1b5-f2fce680146c
GTOP-BC181,WGS,DNBSEQ-T7,Muscle,fastq,BC181-0087_2.fq.gz,263286.3,721f54de-b8df-4b07-bf41-35321d959225
GTOP-BC181,WGS,DNBSEQ-T7,Pancreas_Head,fastq,BC181-1108_1.fq.gz,297610.7,5564a51f-ef2a-4f5d-a09c-b24c16b72cc2
GTOP-BC181,WGS,DNBSEQ-T7,Pancreas_Head,fastq,BC181-1108_2.fq.gz,307793.4,576c2508-2492-4e0a-be18-f8aa03b0fb07
GTOP-BC181,WGS,DNBSEQ-T7,Skin,fastq,BC181-0262_1.fq.gz,225371.6,ab2c503a-0793-42dc-8ebe-cf212005f688
GTOP-BC181,WGS,DNBSEQ-T7,Skin,fastq,BC181-0262_2.fq.gz,218731,5e746003-6ca3-4886-88ce-72c286368a4a
GTOP-BC181,WGS,DNBSEQ-T7,Whole_Blood,fastq,BC181-0378_1.fq.gz,214340.9,1d4373f5-a24c-47a6-a507-580b3cc92e3b
GTOP-BC181,WGS,DNBSEQ-T7,Whole_Blood,fastq,BC181-0378_2.fq.gz,207513.5,254756a0-c42e-403a-ae90-6738706dcc14
GTOP-BC181,WGS,DNBSEQ-T7,Adrenal_Gland,bam,BC181-2099.bam,496168.8,8e882d70-311f-4d2d-a50c-5a739240c3b6
GTOP-BC181,WGS,DNBSEQ-T7,Adrenal_Gland,bam,BC181-2099.hap1.bam,345207.3,f73dea41-f068-4303-98f7-d065dad776e1
GTOP-BC181,WGS,DNBSEQ-T7,Adrenal_Gland,bam,BC181-2099.hap2.bam,345327.8,59c90eaf-666d-4dc3-a0da-2137b570e836
GTOP-BC181,WGS,DNBSEQ-T7,Muscle,bam,BC181-0087.bam,536861,adcc6b96-8b99-4e34-beee-db7e06df6905
GTOP-BC181,WGS,DNBSEQ-T7,Muscle,bam,BC181-0087.hap2.bam,285624.2,c51446d3-8b89-45c6-bbed-ad6f0539da91
GTOP-BC181,WGS,DNBSEQ-T7,Muscle,bam,BC181-0087.hap1.bam,285451.5,3e700ecf-00d9-46a8-b466-78abbb24ccdd
GTOP-BC181,WGS,DNBSEQ-T7,Pancreas_Head,bam,BC181-1108.bam,532029.3,e3fe8a91-9aac-4d41-9b2d-afac4e13c63a
GTOP-BC181,WGS,DNBSEQ-T7,Pancreas_Head,bam,BC181-1108.hap1.bam,358480.1,1b194abe-20bb-4d83-9167-fb144e6d6e88
GTOP-BC181,WGS,DNBSEQ-T7,Pancreas_Head,bam,BC181-1108.hap2.bam,358605.2,0dc9ddaa-807b-4512-9793-ef705778fc21
GTOP-BC181,WGS,DNBSEQ-T7,Skin,bam,BC181-0262.bam,406410.2,b13adef9-691a-493d-9245-33737a39afea
GTOP-BC181,WGS,DNBSEQ-T7,Skin,bam,BC181-0262.hap1.bam,243132.5,80420b6f-185c-4760-be84-8cb11cb2692c
GTOP-BC181,WGS,DNBSEQ-T7,Skin,bam,BC181-0262.hap2.bam,243232.4,f9209713-cae4-4514-835e-cdd2e4865510
GTOP-BC181,WGS,DNBSEQ-T7,Whole_Blood,bam,BC181-0378.bam,450660.6,81f4f90d-e82b-4652-80ae-0a2362b679ff
GTOP-BC181,WGS,DNBSEQ-T7,Whole_Blood,bam,BC181-0378.hap1.bam,248040.1,3070bf9c-74c4-4e35-8bfc-97e800218c96
GTOP-BC181,WGS,DNBSEQ-T7,Whole_Blood,bam,BC181-0378.hap2.bam,248144.7,816b2992-dc28-4373-a9c2-66145e9422fc
GTOP-BC181,WGS,PacBio HiFi,Whole_Blood,fasta,BC181-DMSO.hap2.corrected.fa,2897.7,3810f909-dbf5-4f5f-8e1f-c2d99249f1d4
GTOP-BC181,WGS,PacBio HiFi,Whole_Blood,fasta,BC181-DMSO.hap1.corrected.fa,2926.6,34fa6ed3-cdd8-4a54-97b7-d8908d6b82de
GTOP-BC181,WGS,PacBio HiFi,Whole_Blood,chain,BC181-DMSO.hap1Tohap2.liftover.chain,5.3,a1d57351-d461-4e4c-bb57-de0b0a15384f
GTOP-BC181,WGS,PacBio HiFi,Whole_Blood,chain,BC181-DMSO.hap2Tohap1.liftover.chain,5.2,05f198c6-0b1b-4cc7-a314-9e76c8e57802
GTOP-BC181,WGS,PacBio HiFi,Whole_Blood,chain,BC181-DMSO.hap1.hg38ToDSA.liftover.chain,6.7,e40d8523-c16e-4a3e-83f1-7b2c9bcaae82
GTOP-BC181,WGS,PacBio HiFi,Whole_Blood,chain,BC181-DMSO.hap2.hg38ToDSA.liftover.chain,6.7,c335e23a-ec48-4b5c-ab38-cb256a3dc5b7
GTOP-BC181,WGS,PacBio HiFi,Whole_Blood,chain,BC181-DMSO.hap1.DSATohg38.liftover.chain,7,f5d5bfef-deb9-42c6-8a28-2b4b38e1c895
GTOP-BC181,WGS,PacBio HiFi,Whole_Blood,chain,BC181-DMSO.hap2.DSATohg38.liftover.chain,6.9,1ac6eb77-d6da-4d30-8dac-b82803aafd12
GTOP-BC191,WGS,DNBSEQ-T7,Liver,fastq,BC191-1053_1.fq.gz,357868.5,9db4d0b3-839a-421b-9a09-f700db15c859
GTOP-BC191,WGS,DNBSEQ-T7,Liver,fastq,BC191-1053_2.fq.gz,362299.4,4ec8df9b-5848-4a41-b027-35de9871d86f
GTOP-BC191,WGS,DNBSEQ-T7,Whole_Blood,fastq,BC191-0378_1.fq.gz,237012.5,bf8c1987-08cd-4b10-b449-2dbf9a8b4953
GTOP-BC191,WGS,DNBSEQ-T7,Whole_Blood,fastq,BC191-0378_2.fq.gz,227279.2,263dcdf3-1757-4187-b30b-f65b972b5014
GTOP-BC191,WGS,DNBSEQ-T7,Liver,bam,BC191-1053.bam,663222.2,056edc88-2fc3-4cf6-bf07-86335f9d9eee
GTOP-BC191,WGS,DNBSEQ-T7,Liver,bam,BC191-1053.hap1.bam,440684.7,c4cdc125-d275-4fca-a49d-af8ad5067877
GTOP-BC191,WGS,DNBSEQ-T7,Liver,bam,BC191-1053.hap2.bam,438085.6,17b4ed6a-e691-405b-ae68-9496c0b6c122
GTOP-BC191,WGS,DNBSEQ-T7,Whole_Blood,bam,BC191-0378.bam,468412.6,334a2214-f272-44d3-9b75-fb1e24eb2156
GTOP-BC191,WGS,DNBSEQ-T7,Whole_Blood,bam,BC191-0378.hap2.bam,258062.2,b13bddd7-288c-4508-8ac7-fc65143ef969
GTOP-BC191,WGS,DNBSEQ-T7,Whole_Blood,bam,BC191-0378.hap1.bam,259720.5,62113e4a-803c-4255-b07e-390548039a3c
GTOP-BC191,WGS,PacBio HiFi,Whole_Blood,fasta,BC191-DMSO.hap1.corrected.fa,2865.2,aa5c3ce2-398c-43f0-89f2-00c0976c0988
GTOP-BC191,WGS,PacBio HiFi,Whole_Blood,fasta,BC191-DMSO.hap2.corrected.fa,2875.7,976f0715-1276-4b8d-a6d0-b3eacaff102b
GTOP-BC191,WGS,PacBio HiFi,Whole_Blood,chain,BC191-DMSO.hap1Tohap2.liftover.chain,5.3,452ab9df-312f-49e5-b71f-73fd5a603f6c
GTOP-BC191,WGS,PacBio HiFi,Whole_Blood,chain,BC191-DMSO.hap2Tohap1.liftover.chain,5.4,da22108c-fddc-4589-89aa-a45fe70c9644
GTOP-BC191,WGS,PacBio HiFi,Whole_Blood,chain,BC191-DMSO.hap1.hg38ToDSA.liftover.chain,6.6,1556b338-f41a-4760-b572-84ea64021470
GTOP-BC191,WGS,PacBio HiFi,Whole_Blood,chain,BC191-DMSO.hap2.hg38ToDSA.liftover.chain,6.6,54aecbf3-57a0-4647-a3d2-356dd77116c3
GTOP-BC191,WGS,PacBio HiFi,Whole_Blood,chain,BC191-DMSO.hap1.DSATohg38.liftover.chain,6.8,f569380d-709d-42ea-8d10-53e73bc64830
GTOP-BC191,WGS,PacBio HiFi,Whole_Blood,chain,BC191-DMSO.hap2.DSATohg38.liftover.chain,6.9,5fd4a35c-9d77-46cc-b542-0dc202a528a6
GTOP-BD201,WGS,DNBSEQ-T7,Adrenal_Gland,fastq,BD201-2099_1.fq.gz,314261,89fa6f46-bdb7-483c-9a9a-b9daa4ffcd7b
GTOP-BD201,WGS,DNBSEQ-T7,Adrenal_Gland,fastq,BD201-2099_2.fq.gz,321274.7,0e5a6190-dfd9-4bf7-8e97-a8af48e0e312
GTOP-BD201,WGS,DNBSEQ-T7,Gallbladder,fastq,BD201-1856_1.fq.gz,258440.5,d303c920-4494-4fa2-b3ac-e7d4d830da59
GTOP-BD201,WGS,DNBSEQ-T7,Gallbladder,fastq,BD201-1856_2.fq.gz,267708.8,a6e48562-c9cb-4d51-b0c0-bd8c31aadb52
GTOP-BD201,WGS,DNBSEQ-T7,Muscle,fastq,BD201-0087_1.fq.gz,229623.7,11571b79-53d9-4163-b18c-f91c00273f0a
GTOP-BD201,WGS,DNBSEQ-T7,Muscle,fastq,BD201-0087_2.fq.gz,227517.1,687e47da-0713-457d-8f61-d443ad8c9252
GTOP-BD201,WGS,DNBSEQ-T7,Pancreas_Head,fastq,BD201-1108_1.fq.gz,331536.5,c8df91d9-7444-44cd-ab6a-01e29c1a3ad2
GTOP-BD201,WGS,DNBSEQ-T7,Pancreas_Head,fastq,BD201-1108_2.fq.gz,340551,da043d51-d5f7-4e00-a89c-6e970565c8e7
GTOP-BD201,WGS,DNBSEQ-T7,Skin,fastq,BD201-0262_1.fq.gz,300031.5,67118219-6dd3-45de-b9ed-b81e3622504f
GTOP-BD201,WGS,DNBSEQ-T7,Skin,fastq,BD201-0262_2.fq.gz,304395.7,7806c375-2d8c-47a5-acd1-84c9b731c2ea
GTOP-BD201,WGS,DNBSEQ-T7,Whole_Blood,fastq,BD201-0378_1.fq.gz,245644.7,82c248f3-c37b-49b4-b153-38ab06c19155
GTOP-BD201,WGS,DNBSEQ-T7,Whole_Blood,fastq,BD201-0378_2.fq.gz,236657.4,eb447eaa-6b17-438b-bb17-b6cd8f8ea64e
GTOP-BD201,WGS,DNBSEQ-T7,Adrenal_Gland,bam,BD201-2099.bam,564493.5,26965435-8ca3-4bb3-b519-e8d1f4699fd7
GTOP-BD201,WGS,DNBSEQ-T7,Adrenal_Gland,bam,BD201-2099.hap1.bam,377080.9,300e0c7b-bfad-4118-9200-bb62558e09ef
GTOP-BD201,WGS,DNBSEQ-T7,Adrenal_Gland,bam,BD201-2099.hap2.bam,384255.6,3350a0b3-dbf7-4025-916d-1da6756f7ec1
GTOP-BD201,WGS,DNBSEQ-T7,Gallbladder,bam,BD201-1856.bam,499087.1,2d62a279-10dc-4c5d-be66-c4dcd2e7d02f
GTOP-BD201,WGS,DNBSEQ-T7,Gallbladder,bam,BD201-1856.hap1.bam,310048,83ed33f0-86a6-4004-80af-63e90379e69a
GTOP-BD201,WGS,DNBSEQ-T7,Gallbladder,bam,BD201-1856.hap2.bam,315851,f3037823-1948-4e81-bdf5-4a59b73518c9
GTOP-BD201,WGS,DNBSEQ-T7,Muscle,bam,BD201-0087.bam,490820.3,0d8b6f57-5de6-4405-9eea-e21298e58dd6
GTOP-BD201,WGS,DNBSEQ-T7,Muscle,bam,BD201-0087.hap2.bam,257724.5,782525f2-f6ab-49f2-8c18-2f1635746e64
GTOP-BD201,WGS,DNBSEQ-T7,Muscle,bam,BD201-0087.hap1.bam,252760.3,45e8e798-3172-4bba-8c70-c78f7f1b8ced
GTOP-BD201,WGS,DNBSEQ-T7,Pancreas_Head,bam,BD201-1108.bam,644738.5,c3eb2e76-fc41-43a6-9495-ab541b624b24
GTOP-BD201,WGS,DNBSEQ-T7,Pancreas_Head,bam,BD201-1108.hap1.bam,401323.6,027b3957-6655-424f-a4be-b2c9e96d0ea2
GTOP-BD201,WGS,DNBSEQ-T7,Pancreas_Head,bam,BD201-1108.hap2.bam,408716.2,529eadf1-f175-40b4-be4f-4eb45fc44387
GTOP-BD201,WGS,DNBSEQ-T7,Skin,bam,BD201-0262.bam,579678.9,5939e7aa-a95d-4d3b-94e2-bdf2ea338307
GTOP-BD201,WGS,DNBSEQ-T7,Skin,bam,BD201-0262.hap1.bam,364301.9,4ad7b49e-b5d9-4643-8a78-ffceb668c038
GTOP-BD201,WGS,DNBSEQ-T7,Skin,bam,BD201-0262.hap2.bam,371040.9,06999173-8d2b-4198-8689-a0651cc65c85
GTOP-BD201,WGS,DNBSEQ-T7,Whole_Blood,bam,BD201-0378.bam,491465.7,560bfd96-f196-46d6-b76f-3553914250e9
GTOP-BD201,WGS,DNBSEQ-T7,Whole_Blood,bam,BD201-0378.hap1.bam,273845.2,69ec4b26-56b4-4338-baa8-d83c9618bac8
GTOP-BD201,WGS,DNBSEQ-T7,Whole_Blood,bam,BD201-0378.hap2.bam,279011.4,b5cec5f8-5380-4e22-b2bb-4d40324b68e4
GTOP-BD201,WGS,PacBio HiFi,Whole_Blood,fasta,BD201-DMSO.hap2.corrected.fa,2795.4,7a25b195-9280-402f-bc5c-4f668e24d82d
GTOP-BD201,WGS,PacBio HiFi,Whole_Blood,fasta,BD201-DMSO.hap1.corrected.fa,2965,67cf8c7d-30d1-4b89-bcdf-1cc81864faae
GTOP-BD201,WGS,PacBio HiFi,Whole_Blood,chain,BD201-DMSO.hap1Tohap2.liftover.chain,5.4,f6a1c8de-cdae-462d-ba92-c225359985f7
GTOP-BD201,WGS,PacBio HiFi,Whole_Blood,chain,BD201-DMSO.hap2Tohap1.liftover.chain,5.5,c606f41c-b2c7-4e5b-b345-16c832f526f0
GTOP-BD201,WGS,PacBio HiFi,Whole_Blood,chain,BD201-DMSO.hap1.hg38ToDSA.liftover.chain,6.8,89a74829-e425-437d-8795-b8873d1c25a5
GTOP-BD201,WGS,PacBio HiFi,Whole_Blood,chain,BD201-DMSO.hap2.hg38ToDSA.liftover.chain,6.5,6d85a325-cc2c-45dd-b3ba-ccd3514999dc
GTOP-BD201,WGS,PacBio HiFi,Whole_Blood,chain,BD201-DMSO.hap1.DSATohg38.liftover.chain,7.1,4da19e18-a5e2-4a34-85e0-203aaf360d9e
GTOP-BD201,WGS,PacBio HiFi,Whole_Blood,chain,BD201-DMSO.hap2.DSATohg38.liftover.chain,6.7,bc62697f-7f94-4f66-aa2c-206d5dd26248
GTOP-BE141,WGS,DNBSEQ-T7,Adrenal_Gland,fastq,BE141-2099_1.fq.gz,291989.8,91822302-e33e-41a3-89df-c677906d37ce
GTOP-BE141,WGS,DNBSEQ-T7,Adrenal_Gland,fastq,BE141-2099_2.fq.gz,301455.9,b963b69d-b11d-4c7a-9dc3-8c0a5f5797f9
GTOP-BE141,WGS,DNBSEQ-T7,Gallbladder,fastq,BE141-1856_1.fq.gz,309562.7,2b4c4fce-8be6-4aaa-9d57-6413e8b5bdab
GTOP-BE141,WGS,DNBSEQ-T7,Gallbladder,fastq,BE141-1856_2.fq.gz,317607.9,9d27c2b7-1c1a-4aba-85f1-ad78bd7cf019
GTOP-BE141,WGS,DNBSEQ-T7,Liver,fastq,BE141-1053_1.fq.gz,293442.9,b2defc6a-bda6-4f99-a753-ab24c9c701cc
GTOP-BE141,WGS,DNBSEQ-T7,Liver,fastq,BE141-1053_2.fq.gz,295751,e2c446e5-daf1-4d3e-b39d-0eb2d182ccb0
GTOP-BE141,WGS,DNBSEQ-T7,Muscle,fastq,BE141-0087_1.fq.gz,266602.2,f5fed9cd-623d-4708-bb2c-4698f90dafca
GTOP-BE141,WGS,DNBSEQ-T7,Muscle,fastq,BE141-0087_2.fq.gz,266295.6,a9483be2-6e2c-418c-b7da-ce253703db69
GTOP-BE141,WGS,DNBSEQ-T7,Pancreas_Head,fastq,BE141-1108_1.fq.gz,278563.4,278dcda6-673c-4321-9261-db5ad6784221
GTOP-BE141,WGS,DNBSEQ-T7,Pancreas_Head,fastq,BE141-1108_2.fq.gz,286131.4,1cc8522e-a0c9-4791-bfae-4ff0c9c63d6e
GTOP-BE141,WGS,DNBSEQ-T7,Whole_Blood,fastq,BE141-0378_1.fq.gz,248145.1,aeff02f2-8a2d-4dfd-9d74-ec590dc59ecf
GTOP-BE141,WGS,DNBSEQ-T7,Whole_Blood,fastq,BE141-0378_2.fq.gz,239825.3,68602361-a355-48fb-b44a-65a9846ee6ca
GTOP-BE141,WGS,DNBSEQ-T7,Adrenal_Gland,bam,BE141-2099.bam,555916.8,11fbc5a9-50b2-455b-8560-a60f94f675e8
GTOP-BE141,WGS,DNBSEQ-T7,Adrenal_Gland,bam,BE141-2099.hap1.bam,365798.9,0aca7e1c-fa18-48e3-866b-368410d0309c
GTOP-BE141,WGS,DNBSEQ-T7,Adrenal_Gland,bam,BE141-2099.hap2.bam,367909.1,38aab2c1-d5f3-4112-89e1-cf2231cd947c
GTOP-BE141,WGS,DNBSEQ-T7,Gallbladder,bam,BE141-1856.bam,603341.4,55e2ad0c-c482-4d6b-88b6-7c19a4147cbe
GTOP-BE141,WGS,DNBSEQ-T7,Gallbladder,bam,BE141-1856.hap1.bam,368736.4,a50b1a81-0bdf-4c3e-af96-e92767c8818d
GTOP-BE141,WGS,DNBSEQ-T7,Gallbladder,bam,BE141-1856.hap2.bam,371051.3,7134084d-d34a-4b4b-9932-f2ea561eac4e
GTOP-BE141,WGS,DNBSEQ-T7,Liver,bam,BE141-1053.bam,550409.5,bf979680-bebb-4fd7-9baf-cf660a4b3e5e
GTOP-BE141,WGS,DNBSEQ-T7,Liver,bam,BE141-1053.hap2.bam,365273.2,192fd599-a354-4afc-837d-107386c002c9
GTOP-BE141,WGS,DNBSEQ-T7,Liver,bam,BE141-1053.hap1.bam,363227.2,b7e78e25-14b1-483d-bf22-204592e360fa
GTOP-BE141,WGS,DNBSEQ-T7,Muscle,bam,BE141-0087.bam,548757.3,14cacd48-832d-4e83-ad83-34f30f063169
GTOP-BE141,WGS,DNBSEQ-T7,Muscle,bam,BE141-0087.hap2.bam,281956.6,af6ad148-cc51-4ebb-96c8-3af65183f56d
GTOP-BE141,WGS,DNBSEQ-T7,Muscle,bam,BE141-0087.hap1.bam,279890.9,d502eb87-1e93-4586-b783-d96e41781fb7
GTOP-BE141,WGS,DNBSEQ-T7,Pancreas_Head,bam,BE141-1108.bam,548262.7,66f93cd0-0a4e-44a2-ac3d-555687a11fd1
GTOP-BE141,WGS,DNBSEQ-T7,Pancreas_Head,bam,BE141-1108.hap1.bam,214497.1,516afe0d-ce56-4b1f-9129-f1adc7dcc070
GTOP-BE141,WGS,DNBSEQ-T7,Pancreas_Head,bam,BE141-1108.hap2.bam,215886.2,37c03fc5-b5bf-4297-8a39-65a02fd9636b
GTOP-BE141,WGS,DNBSEQ-T7,Whole_Blood,bam,BE141-0378.bam,469290.6,1ce8dc8d-b7da-4d7d-9521-2521b1ade1f0
GTOP-BE141,WGS,DNBSEQ-T7,Whole_Blood,bam,BE141-0378.hap1.bam,283246.1,deae4dc7-067a-4ac1-af74-189c32cb433e
GTOP-BE141,WGS,DNBSEQ-T7,Whole_Blood,bam,BE141-0378.hap2.bam,284867.6,81d6e6a1-c99a-40b3-9c87-975ba9d41153
GTOP-BE141,WGS,PacBio HiFi,Whole_Blood,fasta,BE141-DMSO.hap2.corrected.fa,2879.3,b24a4d82-0e22-4a35-995e-c495f2ff47df
GTOP-BE141,WGS,PacBio HiFi,Whole_Blood,fasta,BE141-DMSO.hap1.corrected.fa,2897.1,9b448795-70b9-4e8e-9646-8002603601a4
GTOP-BE141,WGS,PacBio HiFi,Whole_Blood,chain,BE141-DMSO.hap1Tohap2.liftover.chain,5.4,63a44e2d-dd0c-4a45-82c0-139720010a6c
GTOP-BE141,WGS,PacBio HiFi,Whole_Blood,chain,BE141-DMSO.hap2Tohap1.liftover.chain,5.3,d2c3ed91-c62d-448e-b9d3-98dde598ba7a
GTOP-BE141,WGS,PacBio HiFi,Whole_Blood,chain,BE141-DMSO.hap1.hg38ToDSA.liftover.chain,6.6,8333f14b-3eb1-478e-a593-1ae468c2367f
GTOP-BE141,WGS,PacBio HiFi,Whole_Blood,chain,BE141-DMSO.hap2.hg38ToDSA.liftover.chain,6.7,bdbeffae-8e41-4310-97ed-b54ab2eee664
GTOP-BE141,WGS,PacBio HiFi,Whole_Blood,chain,BE141-DMSO.hap1.DSATohg38.liftover.chain,6.9,00ce3caf-e34b-4ae7-b3fa-aedcca61b0fd
GTOP-BE141,WGS,PacBio HiFi,Whole_Blood,chain,BE141-DMSO.hap2.DSATohg38.liftover.chain,6.9,b24971be-86a9-4f57-bdb4-e8fd6f783fa8
GTOP-BE161,WGS,DNBSEQ-T7,Esophagus,fastq,BE161-1710_1.fq.gz,237958.7,e7d2dd7e-bf06-4752-8dd3-b775aacb3cc4
GTOP-BE161,WGS,DNBSEQ-T7,Esophagus,fastq,BE161-1710_2.fq.gz,217308.1,8141d5b7-dd88-41ae-932a-c1deec34d4a1
GTOP-BE161,WGS,DNBSEQ-T7,Liver,fastq,BE161-1053_1.fq.gz,330666.9,bd733ec0-02a1-4591-be18-17af96bb0acd
GTOP-BE161,WGS,DNBSEQ-T7,Liver,fastq,BE161-1053_2.fq.gz,330922.4,7f89da7a-2ce5-4738-a22e-6c04bb01bf4b
GTOP-BE161,WGS,DNBSEQ-T7,Pancreas_Head,fastq,BE161-1108_1.fq.gz,302244.9,d334d12b-aaec-4fb1-95d7-06279ec74357
GTOP-BE161,WGS,DNBSEQ-T7,Pancreas_Head,fastq,BE161-1108_2.fq.gz,312070.4,3a7ade26-1359-4a32-a772-6aa268c089e9
GTOP-BE161,WGS,DNBSEQ-T7,Trachea,fastq,BE161-5302_1.fq.gz,231698,1da15595-9fbd-4963-94e9-b5d117af66bd
GTOP-BE161,WGS,DNBSEQ-T7,Trachea,fastq,BE161-5302_2.fq.gz,220287.5,0a939df3-1f8f-41f0-8b38-03d7ebef2f89
GTOP-BE161,WGS,DNBSEQ-T7,Whole_Blood,fastq,BE161-0378_1.fq.gz,243313.6,0158e97d-d001-455d-9d2d-1aa91a9952c4
GTOP-BE161,WGS,DNBSEQ-T7,Whole_Blood,fastq,BE161-0378_2.fq.gz,233318.3,dd1674d7-78fb-4900-b6b2-6cbf02fb4619
GTOP-BE161,WGS,DNBSEQ-T7,Esophagus,bam,BE161-1710.bam,526921.7,6cfde941-48aa-4737-b469-c567d4763a02
GTOP-BE161,WGS,DNBSEQ-T7,Esophagus,bam,BE161-1710.hap2.bam,226534,46983891-2524-4cb4-b55a-510d874932c0
GTOP-BE161,WGS,DNBSEQ-T7,Esophagus,bam,BE161-1710.hap1.bam,230710.6,8023b4ce-6cee-4b7a-9275-a4cbb1a06153
GTOP-BE161,WGS,DNBSEQ-T7,Liver,bam,BE161-1053.bam,619242.9,7d59857f-8836-4c7a-9b88-5918bb451d2f
GTOP-BE161,WGS,DNBSEQ-T7,Liver,bam,BE161-1053.hap2.bam,406950.9,2efaf17a-4a50-44ca-a3c7-489e10e92faf
GTOP-BE161,WGS,DNBSEQ-T7,Liver,bam,BE161-1053.hap1.bam,413295.5,db2fbf82-25fa-4ec7-93c4-9ffcac49e8cf
GTOP-BE161,WGS,DNBSEQ-T7,Pancreas_Head,bam,BE161-1108.bam,571798.3,d49551e5-6f95-47d6-bdd8-6e5d6f4ee11b
GTOP-BE161,WGS,DNBSEQ-T7,Pancreas_Head,bam,BE161-1108.hap1.bam,370178.4,a63dbeae-72f5-4699-9bee-93a2a10a58d7
GTOP-BE161,WGS,DNBSEQ-T7,Pancreas_Head,bam,BE161-1108.hap2.bam,364320.5,e86a38bf-b0f4-4a7f-addf-e6494ed8e1a9
GTOP-BE161,WGS,DNBSEQ-T7,Trachea,bam,BE161-5302.bam,535439.3,aef3b8c3-142e-4fae-a522-e1be384ee4d3
GTOP-BE161,WGS,DNBSEQ-T7,Trachea,bam,BE161-5302.hap1.bam,234371.9,9105f4e2-30c3-457f-a372-ade2ce76f4ad
GTOP-BE161,WGS,DNBSEQ-T7,Trachea,bam,BE161-5302.hap2.bam,230219.3,68db9e38-920c-45d7-9952-0a4373e15a54
GTOP-BE161,WGS,DNBSEQ-T7,Whole_Blood,bam,BE161-0378.bam,485495.3,772c06ad-5727-4d8f-9106-642777845c56
GTOP-BE161,WGS,DNBSEQ-T7,Whole_Blood,bam,BE161-0378.hap1.bam,267210,eefe589f-803a-4240-8068-3df00edc9b9e
GTOP-BE161,WGS,DNBSEQ-T7,Whole_Blood,bam,BE161-0378.hap2.bam,262611.5,da7f9f82-2255-4cff-97e9-e6db46ba6fff
GTOP-BE161,WGS,PacBio HiFi,Whole_Blood,fasta,BE161-DMSO.hap2.corrected.fa,2912.9,cc426364-2ce3-4b26-9b10-838589fa130f
GTOP-BE161,WGS,PacBio HiFi,Whole_Blood,fasta,BE161-DMSO.hap1.corrected.fa,2834.5,de660f7c-c8d0-4a0e-b599-0cabe8f1cc62
GTOP-BE161,WGS,PacBio HiFi,Whole_Blood,chain,BE161-DMSO.hap1Tohap2.liftover.chain,5.3,86d40f12-9125-4f6a-b111-0e9e128f41a1
GTOP-BE161,WGS,PacBio HiFi,Whole_Blood,chain,BE161-DMSO.hap2Tohap1.liftover.chain,5.3,f2f7be5c-c587-4287-ba41-13779935f486
GTOP-BE161,WGS,PacBio HiFi,Whole_Blood,chain,BE161-DMSO.hap1.hg38ToDSA.liftover.chain,6.5,013ebf74-2ac0-4436-8ecf-c25637ff173c
GTOP-BE161,WGS,PacBio HiFi,Whole_Blood,chain,BE161-DMSO.hap2.hg38ToDSA.liftover.chain,6.8,9e948613-64cd-4ccc-91bc-78f5471360e8
GTOP-BE161,WGS,PacBio HiFi,Whole_Blood,chain,BE161-DMSO.hap1.DSATohg38.liftover.chain,6.8,2d83568b-61e3-4e49-92ac-415a2cbb0470
GTOP-BE161,WGS,PacBio HiFi,Whole_Blood,chain,BE161-DMSO.hap2.DSATohg38.liftover.chain,7,2b32a460-5974-4374-ad24-43dbe529d806
GTOP-BE221,WGS,DNBSEQ-T7,Adrenal_Gland,fastq,BE221-2099_1.fq.gz,317982.4,193fbb08-1994-47bc-a118-87340294ae7b
GTOP-BE221,WGS,DNBSEQ-T7,Adrenal_Gland,fastq,BE221-2099_2.fq.gz,325587.6,78782a13-7bd8-48b9-a7d3-c98781b0b0a5
GTOP-BE221,WGS,DNBSEQ-T7,Gallbladder,fastq,BE221-1856_1.fq.gz,270073.4,bae69c78-0c23-4188-9eb0-9ad6afa82eaf
GTOP-BE221,WGS,DNBSEQ-T7,Gallbladder,fastq,BE221-1856_2.fq.gz,263294.5,fa599ced-2aef-4d8a-8322-52b2ae9c1df2
GTOP-BE221,WGS,DNBSEQ-T7,Liver,fastq,BE221-1053_1.fq.gz,305534.3,9f24370e-8cab-4259-b15e-0d0f44ea8e98
GTOP-BE221,WGS,DNBSEQ-T7,Liver,fastq,BE221-1053_2.fq.gz,300230,92099e5a-288f-4e83-a6a3-ad18ef9f24d1
GTOP-BE221,WGS,DNBSEQ-T7,Muscle,fastq,BE221-0087_1.fq.gz,238222.3,1563e1c5-a84d-4a34-9959-62ce4f8545ce
GTOP-BE221,WGS,DNBSEQ-T7,Muscle,fastq,BE221-0087_2.fq.gz,237146.6,83a4025b-c740-4470-9b94-9f56e7e0fd3f
GTOP-BE221,WGS,DNBSEQ-T7,Pancreas_Head,fastq,BE221-1108_1.fq.gz,269237.9,7db5ccd8-237c-4a20-bf2c-b6d7363723ef
GTOP-BE221,WGS,DNBSEQ-T7,Pancreas_Head,fastq,BE221-1108_2.fq.gz,275863.4,579aacc8-958d-46b9-8b0d-805d2932deed
GTOP-BE221,WGS,DNBSEQ-T7,Skin,fastq,BE221-0262_1.fq.gz,250884,8361cf1b-57e9-40bb-8c4e-0f23f39ce983
GTOP-BE221,WGS,DNBSEQ-T7,Skin,fastq,BE221-0262_2.fq.gz,248156.4,631f0cff-e3bc-4234-ab9b-de2edc6df7c1
GTOP-BE221,WGS,DNBSEQ-T7,Whole_Blood,fastq,BE221-0378_1.fq.gz,219335.7,af70b86e-6147-4400-baab-95c82d1dae5e
GTOP-BE221,WGS,DNBSEQ-T7,Whole_Blood,fastq,BE221-0378_2.fq.gz,212153.6,fe75acf6-7379-489e-bd7b-794d1c772480
GTOP-BE221,WGS,DNBSEQ-T7,Adrenal_Gland,bam,BE221-2099.bam,597610,f28e6a8f-d79d-45c7-9232-e8fdfbb59d0b
GTOP-BE221,WGS,DNBSEQ-T7,Adrenal_Gland,bam,BE221-2099.hap2.bam,383610.2,0471c06e-0450-4d42-af41-6c18cafa3b7e
GTOP-BE221,WGS,DNBSEQ-T7,Adrenal_Gland,bam,BE221-2099.hap1.bam,385081.2,78c7ca93-49d7-4539-8b36-24a402b19d8b
GTOP-BE221,WGS,DNBSEQ-T7,Gallbladder,bam,BE221-1856.bam,493739,cdef359b-ac4a-439d-bc33-85b414857f1f
GTOP-BE221,WGS,DNBSEQ-T7,Gallbladder,bam,BE221-1856.hap2.bam,278922.8,26f05f14-7870-4080-b336-6a25dde52d46
GTOP-BE221,WGS,DNBSEQ-T7,Gallbladder,bam,BE221-1856.hap1.bam,280183.3,ec81f35e-618c-4a7d-a120-72e824345b3b
GTOP-BE221,WGS,DNBSEQ-T7,Liver,bam,BE221-1053.bam,486719.2,49ee1fd0-ae5e-4c67-b018-bc9dd9845a44
GTOP-BE221,WGS,DNBSEQ-T7,Liver,bam,BE221-1053.hap1.bam,380244,b2d0ab42-cb26-4f77-b45e-92ffe5f2ec15
GTOP-BE221,WGS,DNBSEQ-T7,Liver,bam,BE221-1053.hap2.bam,378844.5,fe55798e-4e9e-48c4-9ea5-965e03de1665
GTOP-BE221,WGS,DNBSEQ-T7,Muscle,bam,BE221-0087.bam,481562.4,71ebf129-3878-44a7-a03b-e693a9708e4c
GTOP-BE221,WGS,DNBSEQ-T7,Muscle,bam,BE221-0087.hap1.bam,275342.8,839f0edf-c747-438b-b6d0-2bf7fab05946
GTOP-BE221,WGS,DNBSEQ-T7,Muscle,bam,BE221-0087.hap2.bam,274278.6,cabc7a17-fd63-415f-ad3e-82483974b8b8
GTOP-BE221,WGS,DNBSEQ-T7,Pancreas_Head,bam,BE221-1108.bam,512612.5,17af0e4e-713f-441f-9ec0-70d17cc46f16
GTOP-BE221,WGS,DNBSEQ-T7,Pancreas_Head,bam,BE221-1108.hap2.bam,322861.5,20a34747-3061-42ac-81ae-00b5398327fe
GTOP-BE221,WGS,DNBSEQ-T7,Pancreas_Head,bam,BE221-1108.hap1.bam,324174.7,b946ed00-a7eb-4d23-81ba-2eceb241220c
GTOP-BE221,WGS,DNBSEQ-T7,Skin,bam,BE221-0262.bam,463977,23a6d4e6-f503-4fff-b2a5-89d48dcfc1f0
GTOP-BE221,WGS,DNBSEQ-T7,Skin,bam,BE221-0262.hap2.bam,279681.8,d36c3a89-754d-4c88-b70e-1ce283c5267d
GTOP-BE221,WGS,DNBSEQ-T7,Skin,bam,BE221-0262.hap1.bam,280805.2,30da6cf4-ec5a-43b4-bec8-7913be77d2a1
GTOP-BE221,WGS,DNBSEQ-T7,Whole_Blood,bam,BE221-0378.bam,436655.5,50280ea3-b530-4299-b78a-e92ba6bbac9e
GTOP-BE221,WGS,DNBSEQ-T7,Whole_Blood,bam,BE221-0378.hap2.bam,253008,0206a31e-efc1-4cbe-a32c-c3f245c7a3d6
GTOP-BE221,WGS,DNBSEQ-T7,Whole_Blood,bam,BE221-0378.hap1.bam,254006.1,b2751055-e787-476c-a719-1265d0d78266
GTOP-BE221,WGS,PacBio HiFi,Whole_Blood,fasta,BE221-DMSO.hap1.corrected.fa,2858.1,23c5441a-5698-4dc8-b295-c637956d9771
GTOP-BE221,WGS,PacBio HiFi,Whole_Blood,fasta,BE221-DMSO.hap2.corrected.fa,2881.7,933f82f3-201e-4fb8-9b28-717d19eccfb8
GTOP-BE221,WGS,PacBio HiFi,Whole_Blood,chain,BE221-DMSO.hap1Tohap2.liftover.chain,5.5,7e7b6f30-d11f-4716-bfa3-afa8c4210005
GTOP-BE221,WGS,PacBio HiFi,Whole_Blood,chain,BE221-DMSO.hap2Tohap1.liftover.chain,5.5,4acdff71-83dc-49ad-abef-cdda0a164b67
GTOP-BE221,WGS,PacBio HiFi,Whole_Blood,chain,BE221-DMSO.hap1.hg38ToDSA.liftover.chain,6.7,42721e33-2bcc-4cbb-affb-46ad5ad246a6
GTOP-BE221,WGS,PacBio HiFi,Whole_Blood,chain,BE221-DMSO.hap2.hg38ToDSA.liftover.chain,6.7,56293fc1-9fab-4698-bce3-8f1f13830bc8
GTOP-BE221,WGS,PacBio HiFi,Whole_Blood,chain,BE221-DMSO.hap1.DSATohg38.liftover.chain,6.9,b411c8ee-26b6-47c5-9b89-ee007d0c01cb
GTOP-BE221,WGS,PacBio HiFi,Whole_Blood,chain,BE221-DMSO.hap2.DSATohg38.liftover.chain,6.9,eec77f0d-fcb4-4349-8a95-cbfe84e3191f
GTOP-BF221,WGS,DNBSEQ-T7,Adrenal_Gland,fastq,BF221-2099_1.fq.gz,286451.5,ce816b48-00e9-4262-9cf7-03cbafd6b5d3
GTOP-BF221,WGS,DNBSEQ-T7,Adrenal_Gland,fastq,BF221-2099_2.fq.gz,294115.5,ccc0acf2-dfe1-4ea1-a26b-1643c06d6821
GTOP-BF221,WGS,DNBSEQ-T7,Gallbladder,fastq,BF221-1856_1.fq.gz,232838.4,c7b99f5c-0f5f-4921-9914-3f7ee8779a93
GTOP-BF221,WGS,DNBSEQ-T7,Gallbladder,fastq,BF221-1856_2.fq.gz,228141.2,01a9cd33-7e19-4c9f-bb17-ffe19cc9ce25
GTOP-BF221,WGS,DNBSEQ-T7,Liver,fastq,BF221-1053_1.fq.gz,324930.7,0594d30f-fbc0-431b-b106-c564a05a0063
GTOP-BF221,WGS,DNBSEQ-T7,Liver,fastq,BF221-1053_2.fq.gz,323751.9,d7501e4a-8fca-49d9-a803-46320ab62ab5
GTOP-BF221,WGS,DNBSEQ-T7,Muscle,fastq,BF221-0087_1.fq.gz,233919.3,8fbcd628-1858-41d5-9343-5d9b32fed2b2
GTOP-BF221,WGS,DNBSEQ-T7,Muscle,fastq,BF221-0087_2.fq.gz,229482.9,5dca80a9-cca4-43f2-a69a-dbedabae6965
GTOP-BF221,WGS,DNBSEQ-T7,Pancreas_Head,fastq,BF221-1108_1.fq.gz,263878.7,f0d6ef8a-da56-4f6f-b23a-3cc714d59671
GTOP-BF221,WGS,DNBSEQ-T7,Pancreas_Head,fastq,BF221-1108_2.fq.gz,270970.1,b63c8e58-ca74-4b13-87ce-7065f876c007
GTOP-BF221,WGS,DNBSEQ-T7,Whole_Blood,fastq,BF221-0378_1.fq.gz,233587.7,dd7a798f-97f3-47ca-bb24-f4dd7e3084bb
GTOP-BF221,WGS,DNBSEQ-T7,Whole_Blood,fastq,BF221-0378_2.fq.gz,224818.2,0f7a4218-6f2c-40e0-bf34-cccabf394ca8
GTOP-BF221,WGS,DNBSEQ-T7,Adrenal_Gland,bam,BF221-2099.bam,516874.1,91c36674-fbe6-457f-a9e6-cfa81fbb7df1
GTOP-BF221,WGS,DNBSEQ-T7,Adrenal_Gland,bam,BF221-2099.hap1.bam,349713.6,ebd4d05c-687d-4275-9eb1-cbf90d9dac38
GTOP-BF221,WGS,DNBSEQ-T7,Adrenal_Gland,bam,BF221-2099.hap2.bam,346422.5,b68dea9b-4329-418d-96c3-be2948b7fdc2
GTOP-BF221,WGS,DNBSEQ-T7,Gallbladder,bam,BF221-1856.bam,446684,95083211-af57-4050-ad17-4b11e715cd40
GTOP-BF221,WGS,DNBSEQ-T7,Gallbladder,bam,BF221-1856.hap1.bam,248917.6,a6acaeba-9a97-4c06-9ec7-dc48329faa47
GTOP-BF221,WGS,DNBSEQ-T7,Gallbladder,bam,BF221-1856.hap2.bam,246298.4,96684682-d72e-4655-a295-436c0ea1632f
GTOP-BF221,WGS,DNBSEQ-T7,Liver,bam,BF221-1053.bam,614411.5,b2a46b28-07cf-4650-a7fd-8a174839b4d2
GTOP-BF221,WGS,DNBSEQ-T7,Liver,bam,BF221-1053.hap2.bam,394745.6,8b148456-48c7-403a-8605-8c573d55dd85
GTOP-BF221,WGS,DNBSEQ-T7,Liver,bam,BF221-1053.hap1.bam,398389.2,78583e84-b616-4fa2-a40a-b0a37f793778
GTOP-BF221,WGS,DNBSEQ-T7,Muscle,bam,BF221-0087.bam,513142.1,85ab2dbf-3640-4ee0-a098-c5e0d7f3f343
GTOP-BF221,WGS,DNBSEQ-T7,Muscle,bam,BF221-0087.hap2.bam,253805.2,71c187ee-598f-4429-9f62-38b9c413c904
GTOP-BF221,WGS,DNBSEQ-T7,Muscle,bam,BF221-0087.hap1.bam,256491.8,d3ef3294-d817-486b-8136-966f188a00a2
GTOP-BF221,WGS,DNBSEQ-T7,Pancreas_Head,bam,BF221-1108.bam,506760.9,24b5cb7c-2fda-47c4-9f94-1ac3fb2a7b92
GTOP-BF221,WGS,DNBSEQ-T7,Pancreas_Head,bam,BF221-1108.hap1.bam,327110.5,f04f8332-ef46-40ad-a275-728069f11b2b
GTOP-BF221,WGS,DNBSEQ-T7,Pancreas_Head,bam,BF221-1108.hap2.bam,324062.5,f831d01e-c1a8-4726-abd0-a53c7b411a45
GTOP-BF221,WGS,DNBSEQ-T7,Whole_Blood,bam,BF221-0378.bam,484693.6,cc04d724-e21a-415a-9ba4-c91cdb1d3391
GTOP-BF221,WGS,DNBSEQ-T7,Whole_Blood,bam,BF221-0378.hap1.bam,255667.8,b5aa073b-a1c4-4262-92d5-0544ba05acef
GTOP-BF221,WGS,DNBSEQ-T7,Whole_Blood,bam,BF221-0378.hap2.bam,253056.6,e0a8ae97-8989-4a25-a053-9f1704b88264
GTOP-BF221,WGS,PacBio HiFi,Whole_Blood,fasta,BF221-DMSO.hap2.corrected.fa,2925.7,a77819db-caf9-4131-b2e0-9a2752b3919c
GTOP-BF221,WGS,PacBio HiFi,Whole_Blood,fasta,BF221-DMSO.hap1.corrected.fa,2865.4,4e544a84-21d2-482b-82f0-5dbf0f4a25c2
GTOP-BF221,WGS,PacBio HiFi,Whole_Blood,chain,BF221-DMSO.hap1Tohap2.liftover.chain,5.3,b51351ad-1f8b-46a6-87fe-4f0eee21938b
GTOP-BF221,WGS,PacBio HiFi,Whole_Blood,chain,BF221-DMSO.hap2Tohap1.liftover.chain,5.3,9999a267-f0f8-4505-a235-b542858858f9
GTOP-BF221,WGS,PacBio HiFi,Whole_Blood,chain,BF221-DMSO.hap1.hg38ToDSA.liftover.chain,6.7,80c3cbef-cc70-471d-9057-d99729aa33b0
GTOP-BF221,WGS,PacBio HiFi,Whole_Blood,chain,BF221-DMSO.hap2.hg38ToDSA.liftover.chain,6.7,ee740b38-02d9-466c-bd95-f550fe7dc3c9
GTOP-BF221,WGS,PacBio HiFi,Whole_Blood,chain,BF221-DMSO.hap1.DSATohg38.liftover.chain,7,c445b2f5-4660-46d0-a524-f4a15ad1f3a7
GTOP-BF221,WGS,PacBio HiFi,Whole_Blood,chain,BF221-DMSO.hap2.DSATohg38.liftover.chain,6.9,7709b1a1-21b4-49c9-bba0-fe1d40c45d3b
GTOP-BF271,WGS,DNBSEQ-T7,Adrenal_Gland,fastq,BF271-2099_1.fq.gz,222823.2,49d7f43f-3151-41c1-b869-70382386a97f
GTOP-BF271,WGS,DNBSEQ-T7,Adrenal_Gland,fastq,BF271-2099_2.fq.gz,221475.9,67ce9f35-f3f1-4e00-82e9-11596646d15a
GTOP-BF271,WGS,DNBSEQ-T7,Gallbladder,fastq,BF271-1856_1.fq.gz,265446.4,5671a6fa-9b08-4250-a09a-3410b0e4232e
GTOP-BF271,WGS,DNBSEQ-T7,Gallbladder,fastq,BF271-1856_2.fq.gz,274075.5,54d7a508-6b10-4b87-80c1-7193d7df4b81
GTOP-BF271,WGS,DNBSEQ-T7,Muscle,fastq,BF271-0087_1.fq.gz,234964.2,bf44d7b7-426f-4313-a33c-3278905580be
GTOP-BF271,WGS,DNBSEQ-T7,Muscle,fastq,BF271-0087_2.fq.gz,232246.8,880732c7-9d36-4ed2-b1ff-d9ebb1f56415
GTOP-BF271,WGS,DNBSEQ-T7,Pancreas_Head,fastq,BF271-1108_1.fq.gz,294555.5,ba08122e-2d41-4be6-92ca-8ca0e1de390b
GTOP-BF271,WGS,DNBSEQ-T7,Pancreas_Head,fastq,BF271-1108_2.fq.gz,308480.6,079a7b4d-06a1-40b6-ac44-381a956439c3
GTOP-BF271,WGS,DNBSEQ-T7,Skin,fastq,BF271-0262_1.fq.gz,297558.3,90c304d9-ca33-4f0b-9cbf-9b9259cd17af
GTOP-BF271,WGS,DNBSEQ-T7,Skin,fastq,BF271-0262_2.fq.gz,309230.8,b9172511-c4cc-42ff-910a-af14fdfed008
GTOP-BF271,WGS,DNBSEQ-T7,Whole_Blood,fastq,BF271-0378_1.fq.gz,229194.8,15da05e1-2850-452d-882d-663e78eb931c
GTOP-BF271,WGS,DNBSEQ-T7,Whole_Blood,fastq,BF271-0378_2.fq.gz,219994.6,43177b21-06e9-471e-a2c5-ee69a56dafa2
GTOP-BF271,WGS,DNBSEQ-T7,Adrenal_Gland,bam,BF271-2099.bam,434958.6,7fcb3369-e4c5-49ba-98db-a543183e17b7
GTOP-BF271,WGS,DNBSEQ-T7,Adrenal_Gland,bam,BF271-2099.hap2.bam,264317.7,336a76d3-b831-4f18-bec0-40e6ab16fc4f
GTOP-BF271,WGS,DNBSEQ-T7,Adrenal_Gland,bam,BF271-2099.hap1.bam,259944.9,e8ae720a-ef65-4d3b-9714-e6b3e6cadf45
GTOP-BF271,WGS,DNBSEQ-T7,Gallbladder,bam,BF271-1856.bam,510534.2,9d63e79e-0260-4950-a670-c55cdf7d2f84
GTOP-BF271,WGS,DNBSEQ-T7,Gallbladder,bam,BF271-1856.hap2.bam,326144.9,545fdfd6-2720-4f18-971e-ccf5ad1983fe
GTOP-BF271,WGS,DNBSEQ-T7,Gallbladder,bam,BF271-1856.hap1.bam,320606,82967163-cfe8-49ff-801f-7c5a2d36343e
GTOP-BF271,WGS,DNBSEQ-T7,Muscle,bam,BF271-0087.bam,511501.4,065f871d-d598-4443-8528-08cc62a4b6a9
GTOP-BF271,WGS,DNBSEQ-T7,Muscle,bam,BF271-0087.hap1.bam,255542.8,a191ab5a-fc3a-423a-b33e-5d59fc0f9a56
GTOP-BF271,WGS,DNBSEQ-T7,Muscle,bam,BF271-0087.hap2.bam,260357,820d0577-a53e-454f-9eb5-10b69ac621bd
GTOP-BF271,WGS,DNBSEQ-T7,Pancreas_Head,bam,BF271-1108.bam,546915.3,b0c57f41-25a3-44e8-b22c-19ba82f742e1
GTOP-BF271,WGS,DNBSEQ-T7,Pancreas_Head,bam,BF271-1108.hap2.bam,358113.8,b6c1b92e-b411-4c05-8805-37e87f38af57
GTOP-BF271,WGS,DNBSEQ-T7,Pancreas_Head,bam,BF271-1108.hap1.bam,351937.1,047a2312-4f2b-47e7-9c8d-0bb1a5a0d37f
GTOP-BF271,WGS,DNBSEQ-T7,Skin,bam,BF271-0262.bam,527223,95253bda-4ee8-4e5e-85da-27ba876f0fbf
GTOP-BF271,WGS,DNBSEQ-T7,Skin,bam,BF271-0262.hap2.bam,361228.9,ac5815c3-653f-4466-b17d-66f510681059
GTOP-BF271,WGS,DNBSEQ-T7,Skin,bam,BF271-0262.hap1.bam,355102.1,ddb35201-335d-4601-b085-af14ec6f8e40
GTOP-BF271,WGS,DNBSEQ-T7,Whole_Blood,bam,BF271-0378.bam,450070.3,34317a54-3626-40a7-8b30-bce65f48454a
GTOP-BF271,WGS,DNBSEQ-T7,Whole_Blood,bam,BF271-0378.hap2.bam,253600.2,5bbf49fe-3609-451e-8386-5d37e5c9d7fb
GTOP-BF271,WGS,DNBSEQ-T7,Whole_Blood,bam,BF271-0378.hap1.bam,248992.1,489d1af5-7872-4702-b9d8-d309683da6d4
GTOP-BF271,WGS,PacBio HiFi,Whole_Blood,fasta,BF271-DMSO.hap1.corrected.fa,2969,c5ae0062-b6b5-408c-ae5e-045ed1df3bfe
GTOP-BF271,WGS,PacBio HiFi,Whole_Blood,fasta,BF271-DMSO.hap2.corrected.fa,2816.9,8f3e5a7d-85b5-48de-a353-74323f71626b
GTOP-BF271,WGS,PacBio HiFi,Whole_Blood,chain,BF271-DMSO.hap1Tohap2.liftover.chain,5.5,d1b04539-6513-4725-a7c3-493f47aa38e3
GTOP-BF271,WGS,PacBio HiFi,Whole_Blood,chain,BF271-DMSO.hap2Tohap1.liftover.chain,5.4,c38d8ed6-4e9d-4259-ae19-ebee6d835fa9
GTOP-BF271,WGS,PacBio HiFi,Whole_Blood,chain,BF271-DMSO.hap1.hg38ToDSA.liftover.chain,6.7,2ea33458-1549-43db-861d-f01a1dd981e8
GTOP-BF271,WGS,PacBio HiFi,Whole_Blood,chain,BF271-DMSO.hap2.hg38ToDSA.liftover.chain,6.5,fd95697b-4631-4620-ac9a-178e65611ac4
GTOP-BF271,WGS,PacBio HiFi,Whole_Blood,chain,BF271-DMSO.hap1.DSATohg38.liftover.chain,7,a0c4060d-4b73-4cdb-9769-7162c40b1f49
GTOP-BF271,WGS,PacBio HiFi,Whole_Blood,chain,BF271-DMSO.hap2.DSATohg38.liftover.chain,6.8,c5752bc6-3c52-4d97-817b-eff3a04862b3
GTOP-BG171,WGS,DNBSEQ-T7,Liver,fastq,BG171-1053_1.fq.gz,283778.8,70c8c235-2695-442e-93c7-92013fa391cf
GTOP-BG171,WGS,DNBSEQ-T7,Liver,fastq,BG171-1053_2.fq.gz,292140.5,7cf32c7f-c179-4b45-95c2-2586d54d2804
GTOP-BG171,WGS,DNBSEQ-T7,Whole_Blood,fastq,BG171-0378_1.fq.gz,303932.2,f4913960-66b1-496d-a441-606229bf78cc
GTOP-BG171,WGS,DNBSEQ-T7,Whole_Blood,fastq,BG171-0378_2.fq.gz,298170.1,e845dec7-a5f5-4c18-8d6b-2cc478f36e75
GTOP-BG171,WGS,DNBSEQ-T7,Liver,bam,BG171-1053.bam,533623.3,216a94b7-c817-4e30-aafc-3036901870f6
GTOP-BG171,WGS,DNBSEQ-T7,Liver,bam,BG171-1053.hap1.bam,354655.3,9b09a734-7716-46d0-afdb-5200435cc4e1
GTOP-BG171,WGS,DNBSEQ-T7,Liver,bam,BG171-1053.hap2.bam,355690.6,35f88c2e-9853-4dcc-8d13-99ceb144f2b1
GTOP-BG171,WGS,DNBSEQ-T7,Whole_Blood,bam,BG171-0378.bam,548877.2,71e3cd98-ea3e-4658-80f3-68f8789f83ce
GTOP-BG171,WGS,DNBSEQ-T7,Whole_Blood,bam,BG171-0378.hap2.bam,371549.1,23f5fbf3-c8af-47ea-9c98-288a577eb7ce
GTOP-BG171,WGS,DNBSEQ-T7,Whole_Blood,bam,BG171-0378.hap1.bam,370473,474ca8e5-90a3-491e-8ad0-8dc00fcd9244
GTOP-BG171,WGS,PacBio HiFi,Whole_Blood,fasta,BG171-DMSO.hap1.corrected.fa,2923.3,c87afac7-15aa-48ff-9fb9-f6bac596708a
GTOP-BG171,WGS,PacBio HiFi,Whole_Blood,fasta,BG171-DMSO.hap2.corrected.fa,2880.3,9f70d263-4923-4ecc-8ed5-f0df1f6a2277
GTOP-BG171,WGS,PacBio HiFi,Whole_Blood,chain,BG171-DMSO.hap1Tohap2.liftover.chain,5.5,0e8042e8-f766-4445-878c-8fb0fd91577c
GTOP-BG171,WGS,PacBio HiFi,Whole_Blood,chain,BG171-DMSO.hap2Tohap1.liftover.chain,5.5,d31823c9-ab98-4d2b-afa5-7b51ab65c756
GTOP-BG171,WGS,PacBio HiFi,Whole_Blood,chain,BG171-DMSO.hap1.hg38ToDSA.liftover.chain,6.7,f42a54dd-f651-4de7-a65b-8cb7ad683bb2
GTOP-BG171,WGS,PacBio HiFi,Whole_Blood,chain,BG171-DMSO.hap2.hg38ToDSA.liftover.chain,6.6,1a939511-61ae-4de6-9e4b-15aa182cff61
GTOP-BG171,WGS,PacBio HiFi,Whole_Blood,chain,BG171-DMSO.hap1.DSATohg38.liftover.chain,7,c21935be-ee44-4796-8c8b-8b2712e9e543
GTOP-BG171,WGS,PacBio HiFi,Whole_Blood,chain,BG171-DMSO.hap2.DSATohg38.liftover.chain,6.9,367c202b-4fc7-4d5e-98a2-20c4c9d9ce15
GTOP-BG291,WGS,DNBSEQ-T7,Adrenal_Gland,fastq,BG291-2099_1.fq.gz,279142,9606028f-bac6-4b54-baf7-39a0f4893558
GTOP-BG291,WGS,DNBSEQ-T7,Adrenal_Gland,fastq,BG291-2099_2.fq.gz,288936,d569fd85-c70c-4fd5-aa21-6786f46a83d0
GTOP-BG291,WGS,DNBSEQ-T7,Gallbladder,fastq,BG291-1856_1.fq.gz,299827.7,4374c906-041f-4558-afd2-0b24cf262be3
GTOP-BG291,WGS,DNBSEQ-T7,Gallbladder,fastq,BG291-1856_2.fq.gz,294430.2,84219a2b-b210-4eaa-9309-12072459350a
GTOP-BG291,WGS,DNBSEQ-T7,Liver,fastq,BG291-1053_1.fq.gz,302589.9,173ee533-8348-4aff-ba43-28c95bdfea8e
GTOP-BG291,WGS,DNBSEQ-T7,Liver,fastq,BG291-1053_2.fq.gz,310063.2,4c48a0af-7d55-447b-a108-b7be00487700
GTOP-BG291,WGS,DNBSEQ-T7,Pancreas_Head,fastq,BG291-1108_1.fq.gz,268250.2,02e5ab49-fc01-4af7-8009-ef5011c6a882
GTOP-BG291,WGS,DNBSEQ-T7,Pancreas_Head,fastq,BG291-1108_2.fq.gz,277304.2,4af03f94-1de5-4034-8196-66a617db79a3
GTOP-BG291,WGS,DNBSEQ-T7,Whole_Blood,fastq,BG291-0378_1.fq.gz,233494.7,da8c1617-0621-4af4-b1fd-6752b1947b80
GTOP-BG291,WGS,DNBSEQ-T7,Whole_Blood,fastq,BG291-0378_2.fq.gz,225474.9,999006fa-e66a-4d93-8280-b0be0f4e6946
GTOP-BG291,WGS,DNBSEQ-T7,Adrenal_Gland,bam,BG291-2099.bam,505941.2,debfdf22-0f87-4aa5-b659-067744e98406
GTOP-BG291,WGS,DNBSEQ-T7,Adrenal_Gland,bam,BG291-2099.hap1.bam,343620.2,722636ae-78d6-4f11-93d8-b4e8ee485337
GTOP-BG291,WGS,DNBSEQ-T7,Adrenal_Gland,bam,BG291-2099.hap2.bam,343729.8,1169a517-f7cc-4537-86b9-0bee579f7bb1
GTOP-BG291,WGS,DNBSEQ-T7,Gallbladder,bam,BG291-1856.bam,554437.7,61d4bb50-2ace-4acb-8852-a2c7f2ad239e
GTOP-BG291,WGS,DNBSEQ-T7,Gallbladder,bam,BG291-1856.hap1.bam,360518.3,4019bb7c-58d5-4d3d-b0dc-4515a966a8ab
GTOP-BG291,WGS,DNBSEQ-T7,Gallbladder,bam,BG291-1856.hap2.bam,360658.1,fc8bcb1f-d7ba-413c-b916-942cf23358b8
GTOP-BG291,WGS,DNBSEQ-T7,Liver,bam,BG291-1053.bam,558728.1,863e5310-7a54-406e-9d62-299b6a2ff00c
GTOP-BG291,WGS,DNBSEQ-T7,Liver,bam,BG291-1053.hap2.bam,369334.3,cad92406-2f63-4da7-891c-917f6456777e
GTOP-BG291,WGS,DNBSEQ-T7,Liver,bam,BG291-1053.hap1.bam,369194.9,66d9cee0-bd8f-47cd-be96-99c70698044e
GTOP-BG291,WGS,DNBSEQ-T7,Pancreas_Head,bam,BG291-1108.bam,500285.4,874c0248-63da-4ad4-8c0c-211e2a08b32d
GTOP-BG291,WGS,DNBSEQ-T7,Pancreas_Head,bam,BG291-1108.hap1.bam,326290.1,3c40af10-4135-46e2-af0c-4af32504f17f
GTOP-BG291,WGS,DNBSEQ-T7,Pancreas_Head,bam,BG291-1108.hap2.bam,326423,f657696e-0189-492d-946e-8aca22dfe089
GTOP-BG291,WGS,DNBSEQ-T7,Whole_Blood,bam,BG291-0378.bam,495607.2,583ccb0e-35a6-477a-81f9-722d69deda14
GTOP-BG291,WGS,DNBSEQ-T7,Whole_Blood,bam,BG291-0378.hap1.bam,255455.8,137e04aa-20f1-42f3-afc6-8e773f6fe34f
GTOP-BG291,WGS,DNBSEQ-T7,Whole_Blood,bam,BG291-0378.hap2.bam,255592,a73ed058-45ca-4d56-8cd2-f2d9cd8ec0c2
GTOP-BG291,WGS,PacBio HiFi,Whole_Blood,fasta,BG291-DMSO.hap2.corrected.fa,2909.7,e7d9a985-4333-4ee5-8a29-1158356760b6
GTOP-BG291,WGS,PacBio HiFi,Whole_Blood,fasta,BG291-DMSO.hap1.corrected.fa,2927,253db8ad-91b4-4a28-ba42-4f9e1768d9ac
GTOP-BG291,WGS,PacBio HiFi,Whole_Blood,chain,BG291-DMSO.hap1Tohap2.liftover.chain,5.6,6f4fe748-2e5c-4a56-9619-c35517df9eef
GTOP-BG291,WGS,PacBio HiFi,Whole_Blood,chain,BG291-DMSO.hap2Tohap1.liftover.chain,5.6,e62545b5-0e9c-48b0-a9bd-3d84210cf0f3
GTOP-BG291,WGS,PacBio HiFi,Whole_Blood,chain,BG291-DMSO.hap1.hg38ToDSA.liftover.chain,6.7,6dd85853-925d-43e3-960a-131522b48393
GTOP-BG291,WGS,PacBio HiFi,Whole_Blood,chain,BG291-DMSO.hap2.hg38ToDSA.liftover.chain,6.7,fd19b0f5-d257-4f78-b9d1-69bfe2aa8d42
GTOP-BG291,WGS,PacBio HiFi,Whole_Blood,chain,BG291-DMSO.hap1.DSATohg38.liftover.chain,7,43f4a159-3459-4c75-a1bb-44a849fe8222
GTOP-BG291,WGS,PacBio HiFi,Whole_Blood,chain,BG291-DMSO.hap2.DSATohg38.liftover.chain,7,87160441-eaa0-4f94-9257-7f3cccff406f
GTOP-BG311,WGS,DNBSEQ-T7,Adrenal_Gland,fastq,BG311-2099_1.fq.gz,247148.6,4ab78be1-2492-4c45-a024-6c2821e8d5c1
GTOP-BG311,WGS,DNBSEQ-T7,Adrenal_Gland,fastq,BG311-2099_2.fq.gz,242105.2,e9437535-06ee-4b22-9f68-1d0d2a50bb16
GTOP-BG311,WGS,DNBSEQ-T7,Gallbladder,fastq,BG311-1856_1.fq.gz,277030.8,65ce4c40-25d0-4dda-8cc3-a6130b01ae75
GTOP-BG311,WGS,DNBSEQ-T7,Gallbladder,fastq,BG311-1856_2.fq.gz,284028.8,767f615d-ce8a-43de-b272-868a71d52636
GTOP-BG311,WGS,DNBSEQ-T7,Liver,fastq,BG311-1053_1.fq.gz,243797.7,712501b9-4837-4c5f-a60c-414a3c86b125
GTOP-BG311,WGS,DNBSEQ-T7,Liver,fastq,BG311-1053_2.fq.gz,243175.3,cf10ead6-7277-49d8-ae0a-fb51e72d8fd0
GTOP-BG311,WGS,DNBSEQ-T7,Muscle,fastq,BG311-0087_1.fq.gz,231064,59da153e-de40-4d01-a690-743ece61bf66
GTOP-BG311,WGS,DNBSEQ-T7,Muscle,fastq,BG311-0087_2.fq.gz,227291.1,d8c4821e-ba70-4473-8085-216b53975044
GTOP-BG311,WGS,DNBSEQ-T7,Pancreas_Head,fastq,BG311-1108_1.fq.gz,289693.4,8eca7a9e-2c68-43b4-a60a-4091b572a4e4
GTOP-BG311,WGS,DNBSEQ-T7,Pancreas_Head,fastq,BG311-1108_2.fq.gz,301636.9,1d866aaf-e0b0-4f7b-9bd1-3a42e144a711
GTOP-BG311,WGS,DNBSEQ-T7,Skin,fastq,BG311-0262_1.fq.gz,284093.2,2de5e8c0-82ab-47bc-881a-68c94967a71a
GTOP-BG311,WGS,DNBSEQ-T7,Skin,fastq,BG311-0262_2.fq.gz,288845.6,69787430-2a0d-49d3-be98-c04acf9bc803
GTOP-BG311,WGS,DNBSEQ-T7,Whole_Blood,fastq,BG311-0378_1.fq.gz,231067.8,4ea78253-1048-4fe8-9270-9d3b10a6b4d8
GTOP-BG311,WGS,DNBSEQ-T7,Whole_Blood,fastq,BG311-0378_2.fq.gz,222251.8,47b473a2-c74e-4cab-bcc9-e6b40a4f82d0
GTOP-BG311,WGS,DNBSEQ-T7,Adrenal_Gland,bam,BG311-2099.bam,490782.8,6402fae1-5267-4b71-859e-ced7af8360e7
GTOP-BG311,WGS,DNBSEQ-T7,Adrenal_Gland,bam,BG311-2099.hap2.bam,272616.8,c457bd63-28c3-477f-a594-a23c49baa603
GTOP-BG311,WGS,DNBSEQ-T7,Adrenal_Gland,bam,BG311-2099.hap1.bam,269608.6,34c9d624-771c-4e7f-b4d9-632cee5ca3ed
GTOP-BG311,WGS,DNBSEQ-T7,Gallbladder,bam,BG311-1856.bam,531251.4,8e29efe0-e570-44d9-851a-52242849badc
GTOP-BG311,WGS,DNBSEQ-T7,Gallbladder,bam,BG311-1856.hap2.bam,340563.7,fb33f000-83f4-48fa-ab3f-34ee622ffcaf
GTOP-BG311,WGS,DNBSEQ-T7,Gallbladder,bam,BG311-1856.hap1.bam,336999.8,20bd2c06-841f-4d24-acc3-1b64035d0433
GTOP-BG311,WGS,DNBSEQ-T7,Liver,bam,BG311-1053.bam,477031.8,78ba2c9e-de3f-4a83-9412-156816e53af0
GTOP-BG311,WGS,DNBSEQ-T7,Liver,bam,BG311-1053.hap1.bam,284008.2,344e5ab8-4772-4f82-966c-cc3e31cc28a2
GTOP-BG311,WGS,DNBSEQ-T7,Liver,bam,BG311-1053.hap2.bam,287306.9,42f62782-4eb3-49bb-acc1-f0954d42b9d4
GTOP-BG311,WGS,DNBSEQ-T7,Muscle,bam,BG311-0087.bam,498045.2,be2a52fb-182c-4b79-96bd-5a4dcf65cb6a
GTOP-BG311,WGS,DNBSEQ-T7,Muscle,bam,BG311-0087.hap1.bam,241174.7,de4e721e-b440-4aa2-b35a-ccb5768f6480
GTOP-BG311,WGS,DNBSEQ-T7,Muscle,bam,BG311-0087.hap2.bam,253725.2,c82a5208-9030-4b03-997a-4d1ca52420ea
GTOP-BG311,WGS,DNBSEQ-T7,Pancreas_Head,bam,BG311-1108.bam,549826.1,c85f6b39-e64d-4222-94b1-092dc7be45c0
GTOP-BG311,WGS,DNBSEQ-T7,Pancreas_Head,bam,BG311-1108.hap2.bam,363223.4,b33e5c26-01ed-4586-9611-78885c8e72cf
GTOP-BG311,WGS,DNBSEQ-T7,Pancreas_Head,bam,BG311-1108.hap1.bam,359282.1,3373b12f-7559-4625-bb3a-c1706857c03a
GTOP-BG311,WGS,DNBSEQ-T7,Skin,bam,BG311-0262.bam,542981.3,19f65077-b770-4915-9903-57f7d330a24f
GTOP-BG311,WGS,DNBSEQ-T7,Skin,bam,BG311-0262.hap2.bam,343637.6,ba911b10-2ec7-41e2-86f1-0efa041eeb6d
GTOP-BG311,WGS,DNBSEQ-T7,Skin,bam,BG311-0262.hap1.bam,339772.7,8574bbd1-ebd8-4d90-a9ee-98d00ac84997
GTOP-BG311,WGS,DNBSEQ-T7,Whole_Blood,bam,BG311-0378.bam,468312.8,4ba0ecc2-c3ac-431c-bd55-77d22c600ce1
GTOP-BG311,WGS,DNBSEQ-T7,Whole_Blood,bam,BG311-0378.hap2.bam,254271,577cb56a-5a48-4965-b8e4-4f9a6c9c6032
GTOP-BG311,WGS,DNBSEQ-T7,Whole_Blood,bam,BG311-0378.hap1.bam,251111.7,a4d1e56b-96ec-4645-9115-4ee01faf7425
GTOP-BG311,WGS,PacBio HiFi,Whole_Blood,fasta,BG311-DMSO.hap1.corrected.fa,2964.3,e82c0131-f1f3-4016-97e3-c0a5a5bbc540
GTOP-BG311,WGS,PacBio HiFi,Whole_Blood,fasta,BG311-DMSO.hap2.corrected.fa,2826,cb1ccf5a-c7c6-4594-b14f-0840aaec828b
GTOP-BG311,WGS,PacBio HiFi,Whole_Blood,chain,BG311-DMSO.hap1Tohap2.liftover.chain,5.5,9aac87ed-17c4-46b1-bcf6-db08ee4450b8
GTOP-BG311,WGS,PacBio HiFi,Whole_Blood,chain,BG311-DMSO.hap2Tohap1.liftover.chain,5.6,dc8f87ec-4640-48a9-b360-2add38a8fe40
GTOP-BG311,WGS,PacBio HiFi,Whole_Blood,chain,BG311-DMSO.hap1.hg38ToDSA.liftover.chain,6.7,7e2adeb0-a3fc-4883-9a6a-053a53026c1d
GTOP-BG311,WGS,PacBio HiFi,Whole_Blood,chain,BG311-DMSO.hap2.hg38ToDSA.liftover.chain,6.6,c32d5fce-a305-4fc1-b31e-8fd742c5400a
GTOP-BG311,WGS,PacBio HiFi,Whole_Blood,chain,BG311-DMSO.hap1.DSATohg38.liftover.chain,7,3bd840ac-3be0-4f43-9e3d-21fcb4b25758
GTOP-BG311,WGS,PacBio HiFi,Whole_Blood,chain,BG311-DMSO.hap2.DSATohg38.liftover.chain,6.8,2dcfa4ae-c57c-4717-938a-04421b46902f
GTOP-BH101,WGS,DNBSEQ-T7,Adrenal_Gland,fastq,BH101-2099_1.fq.gz,300016.3,8c35c24d-fefb-4f95-b868-07f7646aed12
GTOP-BH101,WGS,DNBSEQ-T7,Adrenal_Gland,fastq,BH101-2099_2.fq.gz,310959,c5b27746-a965-44b2-848f-e4cc0345b953
GTOP-BH101,WGS,DNBSEQ-T7,Gallbladder,fastq,BH101-1856_1.fq.gz,201614.5,a08b0b19-6ed4-43d1-8cb4-a94698fcfe3f
GTOP-BH101,WGS,DNBSEQ-T7,Gallbladder,fastq,BH101-1856_2.fq.gz,199888.8,28f35aef-87d9-44c1-adf6-661ee1c70833
GTOP-BH101,WGS,DNBSEQ-T7,Liver,fastq,BH101-1053_1.fq.gz,270095.3,5ee4ad3e-6e47-4fd4-84db-9ff06ff79d26
GTOP-BH101,WGS,DNBSEQ-T7,Liver,fastq,BH101-1053_2.fq.gz,281639.8,86dff5aa-cd7d-4c60-8baf-5165c0e8a955
GTOP-BH101,WGS,DNBSEQ-T7,Muscle,fastq,BH101-0087_1.fq.gz,267476.8,54ac6d59-12c8-48a6-9868-0e52ea67de47
GTOP-BH101,WGS,DNBSEQ-T7,Muscle,fastq,BH101-0087_2.fq.gz,262338.3,f3d7135b-947b-44c5-ae58-a9d3a473f648
GTOP-BH101,WGS,DNBSEQ-T7,Pancreas_Head,fastq,BH101-1108_1.fq.gz,268752.1,1a40218c-fe73-4bc7-92b2-8f60006c485e
GTOP-BH101,WGS,DNBSEQ-T7,Pancreas_Head,fastq,BH101-1108_2.fq.gz,278119.2,9b1c7c9e-9867-46e2-9b88-5f132cff071d
GTOP-BH101,WGS,DNBSEQ-T7,Whole_Blood,fastq,BH101-0378_1.fq.gz,213479.4,1df37c28-e615-4275-bb4c-c1feb64d9f7d
GTOP-BH101,WGS,DNBSEQ-T7,Whole_Blood,fastq,BH101-0378_2.fq.gz,206448.6,d645996c-856a-4e40-9f07-91cbb3370997
GTOP-BH101,WGS,DNBSEQ-T7,Adrenal_Gland,bam,BH101-2099.bam,561213.9,c418d1a8-f645-4d92-ad9a-736e90ae54fb
GTOP-BH101,WGS,DNBSEQ-T7,Adrenal_Gland,bam,BH101-2099.hap2.bam,378938.2,2d58ef86-1d4c-4d9c-a671-a999dd90e353
GTOP-BH101,WGS,DNBSEQ-T7,Adrenal_Gland,bam,BH101-2099.hap1.bam,379110.2,72e0c49f-9487-45f6-b9ed-63d2fc235a60
GTOP-BH101,WGS,DNBSEQ-T7,Gallbladder,bam,BH101-1856.bam,366398.5,ce08a315-f838-4988-8298-ab4b6b833ccc
GTOP-BH101,WGS,DNBSEQ-T7,Gallbladder,bam,BH101-1856.hap2.bam,227498.5,525061be-1691-42e7-9698-0ff820615d37
GTOP-BH101,WGS,DNBSEQ-T7,Gallbladder,bam,BH101-1856.hap1.bam,227572,05aa861d-d549-4567-b986-f7de2b78feab
GTOP-BH101,WGS,DNBSEQ-T7,Liver,bam,BH101-1053.bam,488780.1,25add469-5a85-40c0-b820-981775c76b15
GTOP-BH101,WGS,DNBSEQ-T7,Liver,bam,BH101-1053.hap1.bam,336493.4,b6d02b1e-039a-490b-b21a-ff39b86c7c60
GTOP-BH101,WGS,DNBSEQ-T7,Liver,bam,BH101-1053.hap2.bam,336355.1,90d87438-ca94-427c-8f2d-4452dcabc4f0
GTOP-BH101,WGS,DNBSEQ-T7,Muscle,bam,BH101-0087.bam,558646.2,939b24e5-d86e-4e56-a8ef-fe21aa510296
GTOP-BH101,WGS,DNBSEQ-T7,Muscle,bam,BH101-0087.hap1.bam,286195.9,67503a98-893d-4ac4-a2ff-5c8d13cee931
GTOP-BH101,WGS,DNBSEQ-T7,Muscle,bam,BH101-0087.hap2.bam,286086.1,40a74cdb-f934-42a3-be34-d8c9b3e7d226
GTOP-BH101,WGS,DNBSEQ-T7,Pancreas_Head,bam,BH101-1108.bam,514598.6,d4916620-19b0-4ddd-8eaf-0b3ba8e0c760
GTOP-BH101,WGS,DNBSEQ-T7,Pancreas_Head,bam,BH101-1108.hap2.bam,335812.3,2789814c-681e-4306-ae78-3d7e67bfaded
GTOP-BH101,WGS,DNBSEQ-T7,Pancreas_Head,bam,BH101-1108.hap1.bam,335947.2,b8e1a72c-ab82-44b6-9b82-36cadb86802a
GTOP-BH101,WGS,DNBSEQ-T7,Whole_Blood,bam,BH101-0378.bam,433655,7017273c-8c00-4a36-b8f5-ef9da4366687
GTOP-BH101,WGS,DNBSEQ-T7,Whole_Blood,bam,BH101-0378.hap2.bam,254080.3,dc1cf5f1-6832-4f2d-89a7-db5eccc342c0
GTOP-BH101,WGS,DNBSEQ-T7,Whole_Blood,bam,BH101-0378.hap1.bam,254120.5,dcec5ae8-8f2a-405a-b423-f311440b2baf
GTOP-BH101,WGS,PacBio HiFi,Whole_Blood,fasta,BH101-DMSO.hap1.corrected.fa,2888.8,9b3c8fdf-9cb0-4e24-a9c7-73c5c7ff8680
GTOP-BH101,WGS,PacBio HiFi,Whole_Blood,fasta,BH101-DMSO.hap2.corrected.fa,2865.8,a57c031c-c8ef-468d-813a-31a19e4eade6
GTOP-BH101,WGS,PacBio HiFi,Whole_Blood,chain,BH101-DMSO.hap1Tohap2.liftover.chain,5.3,5e3b8a61-f768-4fd0-9ba4-cd26f8e632eb
GTOP-BH101,WGS,PacBio HiFi,Whole_Blood,chain,BH101-DMSO.hap2Tohap1.liftover.chain,5.3,25dc9aab-966c-4917-8517-c7b746cf4573
GTOP-BH101,WGS,PacBio HiFi,Whole_Blood,chain,BH101-DMSO.hap1.hg38ToDSA.liftover.chain,6.7,ac6f8c7c-14f8-472f-8f14-a540441ea5be
GTOP-BH101,WGS,PacBio HiFi,Whole_Blood,chain,BH101-DMSO.hap2.hg38ToDSA.liftover.chain,6.7,77c7fe03-db9b-4e48-b2fb-e775df423490
GTOP-BH101,WGS,PacBio HiFi,Whole_Blood,chain,BH101-DMSO.hap1.DSATohg38.liftover.chain,6.9,868dfd05-2695-4e7e-a73c-d56e6d83779e
GTOP-BH101,WGS,PacBio HiFi,Whole_Blood,chain,BH101-DMSO.hap2.DSATohg38.liftover.chain,6.9,86baae15-1200-4ecc-8d2e-b19b204a0b4b
GTOP-BH131,WGS,DNBSEQ-T7,Adrenal_Gland,fastq,BH131-2099_1.fq.gz,332297.2,ce9933c4-d42c-45b1-b976-efdb1bb9cc0e
GTOP-BH131,WGS,DNBSEQ-T7,Adrenal_Gland,fastq,BH131-2099_2.fq.gz,343193.6,85f60082-dba4-4b7c-9086-cf703afa7fdd
GTOP-BH131,WGS,DNBSEQ-T7,Esophagus,fastq,BH131-1710_1.fq.gz,226886.1,efbcf140-a30a-4dd7-b9c0-dc7d333d90bf
GTOP-BH131,WGS,DNBSEQ-T7,Esophagus,fastq,BH131-1710_2.fq.gz,221682,a7807955-d7a4-449d-96a8-65eb60b5c491
GTOP-BH131,WGS,DNBSEQ-T7,Gallbladder,fastq,BH131-1856_1.fq.gz,207114.4,3bf36de9-d9ac-4f46-966e-d6176d25e33e
GTOP-BH131,WGS,DNBSEQ-T7,Gallbladder,fastq,BH131-1856_2.fq.gz,202385.8,dae2474d-6c53-4766-b57f-17f55d02d2e3
GTOP-BH131,WGS,DNBSEQ-T7,Heart_Left_Atrium,fastq,BH131-4019_1.fq.gz,274548.7,7a1f57e3-4caf-454c-9648-30184a752442
GTOP-BH131,WGS,DNBSEQ-T7,Heart_Left_Atrium,fastq,BH131-4019_2.fq.gz,269877.6,bfac35df-9b0e-46b6-acc8-14147aa1e7a0
GTOP-BH131,WGS,DNBSEQ-T7,Heart_Left_Ventricle,fastq,BH131-4002_1.fq.gz,262789.4,557165e3-4cc2-43ba-8608-21b8c63d7d6f
GTOP-BH131,WGS,DNBSEQ-T7,Heart_Left_Ventricle,fastq,BH131-4002_2.fq.gz,258578,0d953534-2ebe-41d3-8fea-d47b46858c66
GTOP-BH131,WGS,DNBSEQ-T7,Heart_Mitral_Valve,fastq,BH131-4022_1.fq.gz,236340.2,7b4cc7f0-e359-4c3c-b3e9-cea0db43c4ec
GTOP-BH131,WGS,DNBSEQ-T7,Heart_Mitral_Valve,fastq,BH131-4022_2.fq.gz,234082.7,150d82c9-e8ee-4ce1-82dd-f3a5921cd949
GTOP-BH131,WGS,DNBSEQ-T7,Heart_Right_Atrium,fastq,BH131-4018_1.fq.gz,268269.2,bdc7f37c-a6b2-44e3-aa54-6ead0c952b47
GTOP-BH131,WGS,DNBSEQ-T7,Heart_Right_Atrium,fastq,BH131-4018_2.fq.gz,263917,0eb3b013-5c7f-46c9-82de-cb9c0fab85ad
GTOP-BH131,WGS,DNBSEQ-T7,Heart_Right_Ventricle,fastq,BH131-4003_1.fq.gz,266776.2,d5b8e7e3-2ae6-4c3f-9c89-607987785c54
GTOP-BH131,WGS,DNBSEQ-T7,Heart_Right_Ventricle,fastq,BH131-4003_2.fq.gz,262754.5,4c956639-f13e-45ac-a8ca-d54122879aa9
GTOP-BH131,WGS,DNBSEQ-T7,Heart_Tricuspid_Valve,fastq,BH131-4023_1.fq.gz,214675.7,ddfdea07-9353-467c-a3b8-f98bdb3b9e99
GTOP-BH131,WGS,DNBSEQ-T7,Heart_Tricuspid_Valve,fastq,BH131-4023_2.fq.gz,212678.4,ebad26e8-051f-4a0a-9fe1-2fd0f9a007c2
GTOP-BH131,WGS,DNBSEQ-T7,Liver,fastq,BH131-1053_1.fq.gz,295309.6,abf55099-f799-4c38-8b79-f3ed6a92a3d6
GTOP-BH131,WGS,DNBSEQ-T7,Liver,fastq,BH131-1053_2.fq.gz,301206.9,820c1e58-ff1d-41ee-a427-4e120806de17
GTOP-BH131,WGS,DNBSEQ-T7,Lung_Apex,fastq,BH131-5156_1.fq.gz,222912.7,47af87ad-7c1c-4b67-ac1d-53807ea9e75c
GTOP-BH131,WGS,DNBSEQ-T7,Lung_Apex,fastq,BH131-5156_2.fq.gz,198993,300b81ca-2c45-4d8f-a754-f8c6865cde51
GTOP-BH131,WGS,DNBSEQ-T7,Lung_Base,fastq,BH131-5032_1.fq.gz,241009.1,67a914da-6772-4b74-bd50-2f0d6a289043
GTOP-BH131,WGS,DNBSEQ-T7,Lung_Base,fastq,BH131-5032_2.fq.gz,216050.4,6082b4af-e3f5-4a01-97bf-1224ffc86d07
GTOP-BH131,WGS,DNBSEQ-T7,Muscle,fastq,BH131-0087_1.fq.gz,246950.3,f6432f57-7cd5-4fa3-8e8b-472e102440c8
GTOP-BH131,WGS,DNBSEQ-T7,Muscle,fastq,BH131-0087_2.fq.gz,243093.5,32a12e6a-5094-41a0-b6f2-9b5eb3a0ff1d
GTOP-BH131,WGS,DNBSEQ-T7,Pancreas_Head,fastq,BH131-1108_1.fq.gz,256262.3,59246389-c75e-4df3-9efc-8fee861e564f
GTOP-BH131,WGS,DNBSEQ-T7,Pancreas_Head,fastq,BH131-1108_2.fq.gz,265866.6,b6fb9c1e-2ba6-4fff-814b-52616c43ecc6
GTOP-BH131,WGS,DNBSEQ-T7,Skin,fastq,BH131-0262_1.fq.gz,293800.2,228519ed-f42b-436d-824b-f99effd4a450
GTOP-BH131,WGS,DNBSEQ-T7,Skin,fastq,BH131-0262_2.fq.gz,296747.6,f2064320-04f7-439c-a8cb-5259322b0c0c
GTOP-BH131,WGS,DNBSEQ-T7,Whole_Blood,fastq,BH131-0378_1.fq.gz,401915.8,e6d167b9-0bf9-4ae3-bfcb-b198a8d6e01a
GTOP-BH131,WGS,DNBSEQ-T7,Whole_Blood,fastq,BH131-0378_2.fq.gz,402508.7,a68b3f5f-2a78-4762-8f93-4450aa253dd8
GTOP-BH131,WGS,DNBSEQ-T7,Adrenal_Gland,bam,BH131-2099.bam,613105.6,d9425757-0fdf-42b1-a687-d40570eb52c9
GTOP-BH131,WGS,DNBSEQ-T7,Adrenal_Gland,bam,BH131-2099.hap1.bam,409713.2,c34257be-db7c-44e8-9c30-a2cd5d59b232
GTOP-BH131,WGS,DNBSEQ-T7,Adrenal_Gland,bam,BH131-2099.hap2.bam,406650.9,87367474-ea4b-4afe-b284-f84afda79f35
GTOP-BH131,WGS,DNBSEQ-T7,Esophagus,bam,BH131-1710.bam,525348.5,71f816f1-3171-4b26-9279-30e4f3658629
GTOP-BH131,WGS,DNBSEQ-T7,Esophagus,bam,BH131-1710.hap2.bam,227440.8,d7e80838-3317-4906-a6c3-8a48a2e2da16
GTOP-BH131,WGS,DNBSEQ-T7,Esophagus,bam,BH131-1710.hap1.bam,229327.4,a86a967b-5bc8-44f5-82d3-092827fb35fa
GTOP-BH131,WGS,DNBSEQ-T7,Gallbladder,bam,BH131-1856.bam,418564.6,c7194eec-5106-4513-ba7c-6a9af5051cb0
GTOP-BH131,WGS,DNBSEQ-T7,Gallbladder,bam,BH131-1856.hap1.bam,219796.9,74f443a9-67a7-4109-bf6e-ce584674bfc0
GTOP-BH131,WGS,DNBSEQ-T7,Gallbladder,bam,BH131-1856.hap2.bam,217956.6,9a3334d3-b5cd-490b-a586-5eec694bcb4b
GTOP-BH131,WGS,DNBSEQ-T7,Heart_Left_Atrium,bam,BH131-4019.bam,596281.4,0fc15eaf-6951-445f-b46f-500a681d833f
GTOP-BH131,WGS,DNBSEQ-T7,Heart_Left_Atrium,bam,BH131-4019.hap1.bam,301162.4,0afca426-376f-49af-acc3-6d023f7bdbcb
GTOP-BH131,WGS,DNBSEQ-T7,Heart_Left_Atrium,bam,BH131-4019.hap2.bam,298800.3,6d5f9376-1763-40ef-b663-66a233d4edd1
GTOP-BH131,WGS,DNBSEQ-T7,Heart_Left_Ventricle,bam,BH131-4002.bam,538621.2,e8227907-ee05-4f31-b432-44da58ff940c
GTOP-BH131,WGS,DNBSEQ-T7,Heart_Left_Ventricle,bam,BH131-4002.hap1.bam,291145.1,0efd4ae8-9999-4d4a-9dfb-288bd47b05cd
GTOP-BH131,WGS,DNBSEQ-T7,Heart_Left_Ventricle,bam,BH131-4002.hap2.bam,288869.2,5fc91e74-3537-451c-9b8d-cb9ddf07706c
GTOP-BH131,WGS,DNBSEQ-T7,Heart_Mitral_Valve,bam,BH131-4022.bam,505097.1,941d40d8-7102-499f-8859-95b999656882
GTOP-BH131,WGS,DNBSEQ-T7,Heart_Mitral_Valve,bam,BH131-4022.hap2.bam,259941.6,1d5cd8f5-713d-46c7-b6b8-fbf2df452634
GTOP-BH131,WGS,DNBSEQ-T7,Heart_Mitral_Valve,bam,BH131-4022.hap1.bam,262036.7,f7c0c8a7-73b7-497d-b082-8e2177582d35
GTOP-BH131,WGS,DNBSEQ-T7,Heart_Right_Atrium,bam,BH131-4018.bam,565013.4,2d2e6460-b513-4f00-b3ea-99f050ba60c5
GTOP-BH131,WGS,DNBSEQ-T7,Heart_Right_Atrium,bam,BH131-4018.hap2.bam,293366.3,bc6167ac-6d23-44d9-b12d-c4f5fed476d9
GTOP-BH131,WGS,DNBSEQ-T7,Heart_Right_Atrium,bam,BH131-4018.hap1.bam,295692,2f86a5d7-1274-4d80-8f87-e15a8aaf5191
GTOP-BH131,WGS,DNBSEQ-T7,Heart_Right_Ventricle,bam,BH131-4003.bam,541543.2,63c1e974-ebd9-45ec-8b2d-a05977db7097
GTOP-BH131,WGS,DNBSEQ-T7,Heart_Right_Ventricle,bam,BH131-4003.hap2.bam,294130.3,04d1798d-a90f-446c-84d2-4b4ea80e8f69
GTOP-BH131,WGS,DNBSEQ-T7,Heart_Right_Ventricle,bam,BH131-4003.hap1.bam,296414.7,bb141943-b960-40bd-90c0-1dcdc97d9a12
GTOP-BH131,WGS,DNBSEQ-T7,Heart_Tricuspid_Valve,bam,BH131-4023.bam,470143.2,996eeb99-5265-4a68-b002-607392079144
GTOP-BH131,WGS,DNBSEQ-T7,Heart_Tricuspid_Valve,bam,BH131-4023.hap2.bam,238854.1,7348636c-8e3e-4b64-97a4-dd58085f8d51
GTOP-BH131,WGS,DNBSEQ-T7,Heart_Tricuspid_Valve,bam,BH131-4023.hap1.bam,240769.8,302fd7a0-aa27-4682-9ecd-b9b4ffaa45c2
GTOP-BH131,WGS,DNBSEQ-T7,Liver,bam,BH131-1053.bam,557865.3,fbed78cc-6b4c-44e3-bddb-b5d05d3466c9
GTOP-BH131,WGS,DNBSEQ-T7,Liver,bam,BH131-1053.hap2.bam,360116.9,f77aeede-dc58-494a-9903-85ff189f0089
GTOP-BH131,WGS,DNBSEQ-T7,Liver,bam,BH131-1053.hap1.bam,362822.5,676fee4e-17fc-452c-a41b-ce439ff5d780
GTOP-BH131,WGS,DNBSEQ-T7,Lung_Apex,bam,BH131-5156.bam,482568.9,f9d701ca-cfbf-4478-bb5a-ea8ebdfe6fee
GTOP-BH131,WGS,DNBSEQ-T7,Lung_Apex,bam,BH131-5156.hap2.bam,211684.7,6becc319-0456-4639-8cfa-5c2a65c6d376
GTOP-BH131,WGS,DNBSEQ-T7,Lung_Apex,bam,BH131-5156.hap1.bam,213438.3,24895f5b-b7d2-4efb-9907-dcbfe1acfbfe
GTOP-BH131,WGS,DNBSEQ-T7,Lung_Base,bam,BH131-5032.bam,537559.4,3e7a65af-e27e-446a-a5e0-e699ae410f0e
GTOP-BH131,WGS,DNBSEQ-T7,Lung_Base,bam,BH131-5032.hap1.bam,226373.5,dc522784-b01e-499a-b16a-8d4e3ab39178
GTOP-BH131,WGS,DNBSEQ-T7,Lung_Base,bam,BH131-5032.hap2.bam,224481.7,fe9ec4ef-5938-4820-8936-69831bca0648
GTOP-BH131,WGS,DNBSEQ-T7,Muscle,bam,BH131-0087.bam,534937,42f26e24-a56f-4b5e-8302-3538f30bfef6
GTOP-BH131,WGS,DNBSEQ-T7,Muscle,bam,BH131-0087.hap2.bam,268480.4,04be5371-256b-4de4-9b19-6badb03bff44
GTOP-BH131,WGS,DNBSEQ-T7,Muscle,bam,BH131-0087.hap1.bam,270653.5,c0bd9c9c-83ac-488d-b66e-0c4491f7d6a5
GTOP-BH131,WGS,DNBSEQ-T7,Pancreas_Head,bam,BH131-1108.bam,493656,602ce491-ceb2-4c5c-b711-1b5ec2aa7e01
GTOP-BH131,WGS,DNBSEQ-T7,Pancreas_Head,bam,BH131-1108.hap1.bam,324020.1,155be1e4-ca15-447a-b335-3d132cae182f
GTOP-BH131,WGS,DNBSEQ-T7,Pancreas_Head,bam,BH131-1108.hap2.bam,321684.9,30773b54-4043-4098-b88d-91c37ad2ce07
GTOP-BH131,WGS,DNBSEQ-T7,Skin,bam,BH131-0262.bam,536884.6,484e9678-6ea7-4844-be8b-71816df15c5e
GTOP-BH131,WGS,DNBSEQ-T7,Skin,bam,BH131-0262.hap1.bam,360835,3a79a057-603d-40d8-bdc6-f266012e5db0
GTOP-BH131,WGS,DNBSEQ-T7,Skin,bam,BH131-0262.hap2.bam,358264.6,ac67566a-ab63-44dd-93c7-1f8149d075ed
GTOP-BH131,WGS,DNBSEQ-T7,Whole_Blood,bam,BH131-0378.bam,646319.7,2ac3899f-a3a1-4c62-9102-955c2423e0ae
GTOP-BH131,WGS,DNBSEQ-T7,Whole_Blood,bam,BH131-0378.hap1.bam,509895.3,fa9fddef-737c-4b37-a0f6-08d889a31826
GTOP-BH131,WGS,DNBSEQ-T7,Whole_Blood,bam,BH131-0378.hap2.bam,506447.8,8a9b5556-fd03-41c9-8018-2a4e279aa17e
GTOP-BH131,WGS,PacBio HiFi,Whole_Blood,fasta,BH131-DMSO.hap2.corrected.fa,2929,b204677a-2bd2-41f4-894d-ac36bf99724e
GTOP-BH131,WGS,PacBio HiFi,Whole_Blood,fasta,BH131-DMSO.hap1.corrected.fa,2861,3058c733-9d89-4148-b44b-61412dfb0178
GTOP-BH131,WGS,PacBio HiFi,Whole_Blood,chain,BH131-DMSO.hap1Tohap2.liftover.chain,5.3,bd44c481-5a3e-4c22-9dec-7437f394b5bc
GTOP-BH131,WGS,PacBio HiFi,Whole_Blood,chain,BH131-DMSO.hap2Tohap1.liftover.chain,5.3,ee0a855b-20be-4852-ba0f-4c4616905768
GTOP-BH131,WGS,PacBio HiFi,Whole_Blood,chain,BH131-DMSO.hap1.hg38ToDSA.liftover.chain,6.6,84732d17-267e-4641-932e-42de21d5b8f9
GTOP-BH131,WGS,PacBio HiFi,Whole_Blood,chain,BH131-DMSO.hap2.hg38ToDSA.liftover.chain,6.7,4c092e13-6f75-494d-b0b9-76ce6c87142a
GTOP-BH131,WGS,PacBio HiFi,Whole_Blood,chain,BH131-DMSO.hap1.DSATohg38.liftover.chain,6.8,34a78cf9-5296-4749-9d27-82c2f30163c9
GTOP-BH131,WGS,PacBio HiFi,Whole_Blood,chain,BH131-DMSO.hap2.DSATohg38.liftover.chain,7,136e1714-0c7d-45f6-a003-849d3db2070c
GTOP-BH171,WGS,DNBSEQ-T7,Adrenal_Gland,fastq,BH171-2099_1.fq.gz,308235.6,56bf1849-605d-4fa4-ba20-3c222196881e
GTOP-BH171,WGS,DNBSEQ-T7,Adrenal_Gland,fastq,BH171-2099_2.fq.gz,309666.2,b2191cab-7b17-4b69-9f16-4fa9074803d4
GTOP-BH171,WGS,DNBSEQ-T7,Gallbladder,fastq,BH171-1856_1.fq.gz,206679.7,bfe7d6e8-261b-4483-b146-5d586ccb2d18
GTOP-BH171,WGS,DNBSEQ-T7,Gallbladder,fastq,BH171-1856_2.fq.gz,203206.8,27ea2293-0f54-4b79-9acf-0e51dff43afd
GTOP-BH171,WGS,DNBSEQ-T7,Liver,fastq,BH171-1053_1.fq.gz,264082.7,edd58b0b-515c-4e85-836a-441a0feb7586
GTOP-BH171,WGS,DNBSEQ-T7,Liver,fastq,BH171-1053_2.fq.gz,274407.8,8abf2d8e-148a-436a-9dd0-79dc63894062
GTOP-BH171,WGS,DNBSEQ-T7,Muscle,fastq,BH171-0087_1.fq.gz,223264,9d33cfd8-9a25-453c-b477-db27e29ffd26
GTOP-BH171,WGS,DNBSEQ-T7,Muscle,fastq,BH171-0087_2.fq.gz,219348.2,9660c59c-fcc2-428f-b139-8ffecf8fca04
GTOP-BH171,WGS,DNBSEQ-T7,Pancreas_Head,fastq,BH171-1108_1.fq.gz,256344.5,56fc178a-40ef-41c1-88bc-28ac9a9d6502
GTOP-BH171,WGS,DNBSEQ-T7,Pancreas_Head,fastq,BH171-1108_2.fq.gz,267365.6,d8e11eda-a68e-470c-97cf-c5110cd84b83
GTOP-BH171,WGS,DNBSEQ-T7,Skin,fastq,BH171-0262_1.fq.gz,331845.6,4331f0bf-ee01-4cb9-92c0-b362bed373f3
GTOP-BH171,WGS,DNBSEQ-T7,Skin,fastq,BH171-0262_2.fq.gz,362398.4,3155991e-c825-4abd-a845-ef7fcac8762f
GTOP-BH171,WGS,DNBSEQ-T7,Whole_Blood,fastq,BH171-0378_1.fq.gz,229604.4,6d6efdbf-f37b-4413-87fa-74caf3b100f1
GTOP-BH171,WGS,DNBSEQ-T7,Whole_Blood,fastq,BH171-0378_2.fq.gz,219775.4,73db30e1-f7a8-4f2f-ba56-786183e97833
GTOP-BH171,WGS,DNBSEQ-T7,Adrenal_Gland,bam,BH171-2099.bam,530060,20fc97cf-5e64-4200-ba29-28266f19d78c
GTOP-BH171,WGS,DNBSEQ-T7,Adrenal_Gland,bam,BH171-2099.hap1.bam,378916.3,9ca1d80e-f64c-4c2d-abef-9f977760da54
GTOP-BH171,WGS,DNBSEQ-T7,Adrenal_Gland,bam,BH171-2099.hap2.bam,381523.3,a99bd5da-f806-403e-8869-dd7a2d5efa68
GTOP-BH171,WGS,DNBSEQ-T7,Gallbladder,bam,BH171-1856.bam,397640.9,c31b06b2-9e2c-41c1-82da-d8d89c694a2c
GTOP-BH171,WGS,DNBSEQ-T7,Gallbladder,bam,BH171-1856.hap1.bam,226184.5,480c98d5-5fe0-40ff-9d09-6e9bbd76732f
GTOP-BH171,WGS,DNBSEQ-T7,Gallbladder,bam,BH171-1856.hap2.bam,228149.7,f246b35f-6c4f-46fe-82a9-941b846e4b6e
GTOP-BH171,WGS,DNBSEQ-T7,Liver,bam,BH171-1053.bam,501796.3,812b8bba-12ca-41ca-af59-9d9089b40cca
GTOP-BH171,WGS,DNBSEQ-T7,Liver,bam,BH171-1053.hap2.bam,329939.8,a6156a66-af0a-416c-bcc0-7296725227c9
GTOP-BH171,WGS,DNBSEQ-T7,Liver,bam,BH171-1053.hap1.bam,327447.4,21f89673-1ff8-44e6-a10a-815dc5e3d5e2
GTOP-BH171,WGS,DNBSEQ-T7,Muscle,bam,BH171-0087.bam,475410.7,0ab21dc6-a518-4133-99a1-709698f27745
GTOP-BH171,WGS,DNBSEQ-T7,Muscle,bam,BH171-0087.hap2.bam,247351.5,cc8cf00a-c55b-4c2d-a42d-9247bae9280d
GTOP-BH171,WGS,DNBSEQ-T7,Muscle,bam,BH171-0087.hap1.bam,245385,6567afeb-f3d1-4bdd-9d85-0b42c59ce921
GTOP-BH171,WGS,DNBSEQ-T7,Pancreas_Head,bam,BH171-1108.bam,586915.4,04d5fe86-280d-48a8-ba73-93d561c534c7
GTOP-BH171,WGS,DNBSEQ-T7,Pancreas_Head,bam,BH171-1108.hap1.bam,326111.4,7a7408c8-2194-42e1-a349-3c43721b942c
GTOP-BH171,WGS,DNBSEQ-T7,Pancreas_Head,bam,BH171-1108.hap2.bam,328439.6,be4bdb3d-f64f-40aa-b495-2815afe17439
GTOP-BH171,WGS,DNBSEQ-T7,Skin,bam,BH171-0262.bam,471708,0261730e-857f-4ddd-93a9-5c918693c58f
GTOP-BH171,WGS,DNBSEQ-T7,Skin,bam,BH171-0262.hap1.bam,402981.2,e76859c1-2e21-40c2-a813-3d841593e099
GTOP-BH171,WGS,DNBSEQ-T7,Skin,bam,BH171-0262.hap2.bam,406023.7,f3417dab-2604-4d0c-8ff9-67fcabaf10b2
GTOP-BH171,WGS,DNBSEQ-T7,Whole_Blood,bam,BH171-0378.bam,472074.1,6e21dfc7-570d-467a-91d4-a9206e2fbfb7
GTOP-BH171,WGS,DNBSEQ-T7,Whole_Blood,bam,BH171-0378.hap1.bam,247934.4,af389f20-85f8-4cc0-b95f-b90ea58c435e
GTOP-BH171,WGS,DNBSEQ-T7,Whole_Blood,bam,BH171-0378.hap2.bam,250179.8,840c0e58-b77d-4595-8289-b2085c050ee9
GTOP-BH171,WGS,PacBio HiFi,Whole_Blood,fasta,BH171-DMSO.hap2.corrected.fa,2832.2,3ffdfaae-4d08-4b3f-8094-bce7b4617f6c
GTOP-BH171,WGS,PacBio HiFi,Whole_Blood,fasta,BH171-DMSO.hap1.corrected.fa,2943.4,b16d405c-8f20-4cc3-a001-cb8aee6f4e38
GTOP-BH171,WGS,PacBio HiFi,Whole_Blood,chain,BH171-DMSO.hap1Tohap2.liftover.chain,5.4,0bbb9e67-4101-4031-b8f8-7e86fabe1e5a
GTOP-BH171,WGS,PacBio HiFi,Whole_Blood,chain,BH171-DMSO.hap2Tohap1.liftover.chain,5.4,238600be-a550-49f8-8a57-6864ce5e4639
GTOP-BH171,WGS,PacBio HiFi,Whole_Blood,chain,BH171-DMSO.hap1.hg38ToDSA.liftover.chain,6.7,84685011-79e9-4272-8e4f-02889a4a1233
GTOP-BH171,WGS,PacBio HiFi,Whole_Blood,chain,BH171-DMSO.hap2.hg38ToDSA.liftover.chain,6.6,91cb5782-2baa-4898-8590-3b6753909274
GTOP-BH171,WGS,PacBio HiFi,Whole_Blood,chain,BH171-DMSO.hap1.DSATohg38.liftover.chain,7,4079713f-cb4b-412d-acb6-77e6ab992bb9
GTOP-BH171,WGS,PacBio HiFi,Whole_Blood,chain,BH171-DMSO.hap2.DSATohg38.liftover.chain,6.8,66048266-0d82-4998-a6d8-c0e63f1af3fd
GTOP-BI071,WGS,DNBSEQ-T7,Liver,fastq,BI071-1053_1.fq.gz,349301,2ca54c9b-db6a-4caa-ac2d-9b89b65ce04f
GTOP-BI071,WGS,DNBSEQ-T7,Liver,fastq,BI071-1053_2.fq.gz,347692.7,41c83075-c46f-4e97-bb78-5c110b2c7af4
GTOP-BI071,WGS,DNBSEQ-T7,Pancreas_Head,fastq,BI071-1108_1.fq.gz,292048.1,c5f21d77-bdee-4769-a21a-e2181e8617f9
GTOP-BI071,WGS,DNBSEQ-T7,Pancreas_Head,fastq,BI071-1108_2.fq.gz,300468.8,699bbb60-dfea-413d-b2ae-b55542fc414e
GTOP-BI071,WGS,DNBSEQ-T7,Skin,fastq,BI071-0262_1.fq.gz,229884.5,2f844fcd-aa47-436f-827c-be2fb2c71bf9
GTOP-BI071,WGS,DNBSEQ-T7,Skin,fastq,BI071-0262_2.fq.gz,222301.9,9ffe717a-ee48-40cf-9642-414154d28d12
GTOP-BI071,WGS,DNBSEQ-T7,Whole_Blood,fastq,BI071-0378_1.fq.gz,258762.9,cadd8db2-4228-43f1-bdc9-55e2c28e5ba9
GTOP-BI071,WGS,DNBSEQ-T7,Whole_Blood,fastq,BI071-0378_2.fq.gz,246594.1,5773fc2d-d83e-4d9d-b71a-1b8ab22be2c9
GTOP-BI071,WGS,DNBSEQ-T7,Liver,bam,BI071-1053.bam,566516.8,5a3abb3b-0b62-43d7-91b6-0f7cbc673d61
GTOP-BI071,WGS,DNBSEQ-T7,Liver,bam,BI071-1053.hap2.bam,422880.3,cae16313-6bae-44ad-8c62-98d5b7830704
GTOP-BI071,WGS,DNBSEQ-T7,Liver,bam,BI071-1053.hap1.bam,423069.1,6fc6a071-8610-4099-9195-c8f87e6ffabd
GTOP-BI071,WGS,DNBSEQ-T7,Pancreas_Head,bam,BI071-1108.bam,563261.4,d2478866-f408-4029-afbe-dbe150740688
GTOP-BI071,WGS,DNBSEQ-T7,Pancreas_Head,bam,BI071-1108.hap1.bam,361751.8,41f781fb-bf34-460f-9253-9e8646ea6730
GTOP-BI071,WGS,DNBSEQ-T7,Pancreas_Head,bam,BI071-1108.hap2.bam,361579.1,e900e165-57b2-4296-bdb3-eb7a68ae34a6
GTOP-BI071,WGS,DNBSEQ-T7,Skin,bam,BI071-0262.bam,481219.9,231f671e-33b3-450c-a445-8a27702344b0
GTOP-BI071,WGS,DNBSEQ-T7,Skin,bam,BI071-0262.hap1.bam,266650.4,b5acb6b3-313f-42da-90a0-5220cf0dd768
GTOP-BI071,WGS,DNBSEQ-T7,Skin,bam,BI071-0262.hap2.bam,266499,154f85de-6db8-4bd3-8794-cc370cb51e71
GTOP-BI071,WGS,DNBSEQ-T7,Whole_Blood,bam,BI071-0378.bam,528443.1,7c16d157-b74d-41e3-85b5-885f8f06cc84
GTOP-BI071,WGS,DNBSEQ-T7,Whole_Blood,bam,BI071-0378.hap1.bam,275752.6,0b063a39-27b8-447a-a50e-042e8421a908
GTOP-BI071,WGS,DNBSEQ-T7,Whole_Blood,bam,BI071-0378.hap2.bam,275589,9a52d703-788c-461c-9370-ddd944506855
GTOP-BI071,WGS,PacBio HiFi,Whole_Blood,fasta,BI071-DMSO.hap2.corrected.fa,2935.1,61a10da4-3c11-4741-8f26-7203e170de23
GTOP-BI071,WGS,PacBio HiFi,Whole_Blood,fasta,BI071-DMSO.hap1.corrected.fa,2942.5,1f825d11-5787-404c-b9e1-6b6470e554a4
GTOP-BI071,WGS,PacBio HiFi,Whole_Blood,chain,BI071-DMSO.hap1Tohap2.liftover.chain,5.4,44b7daed-84ac-47d5-8ce2-551414159acb
GTOP-BI071,WGS,PacBio HiFi,Whole_Blood,chain,BI071-DMSO.hap2Tohap1.liftover.chain,5.4,6f22b379-fa54-4ff2-85ae-b1e9f1b3d2b9
GTOP-BI071,WGS,PacBio HiFi,Whole_Blood,chain,BI071-DMSO.hap1.hg38ToDSA.liftover.chain,6.7,147f11c9-45d9-4458-b004-a1edb209349b
GTOP-BI071,WGS,PacBio HiFi,Whole_Blood,chain,BI071-DMSO.hap2.hg38ToDSA.liftover.chain,6.8,8fc1eaa4-d264-41fb-898a-69fb7e5303ac
GTOP-BI071,WGS,PacBio HiFi,Whole_Blood,chain,BI071-DMSO.hap1.DSATohg38.liftover.chain,7,5d7436ce-cd61-4dd2-893f-5b723cad10c0
GTOP-BI071,WGS,PacBio HiFi,Whole_Blood,chain,BI071-DMSO.hap2.DSATohg38.liftover.chain,7.1,1b5fa391-814f-4ff7-9dd7-7e0562a3d0ce
GTOP-BI281,WGS,DNBSEQ-T7,Adrenal_Gland,fastq,BI281-2099_1.fq.gz,247655.9,16aa1073-1787-4d29-b541-66e92079fbf9
GTOP-BI281,WGS,DNBSEQ-T7,Adrenal_Gland,fastq,BI281-2099_2.fq.gz,245349.9,a08d8f00-6b8c-4090-9e11-d8290319de7f
GTOP-BI281,WGS,DNBSEQ-T7,Liver,fastq,BI281-1053_1.fq.gz,289144.1,2a9f599b-166c-49e2-be0b-9badff783baa
GTOP-BI281,WGS,DNBSEQ-T7,Liver,fastq,BI281-1053_2.fq.gz,291886.5,c9bf1479-35e4-44d6-a455-072fbd0dfac9
GTOP-BI281,WGS,DNBSEQ-T7,Pancreas_Head,fastq,BI281-1108_1.fq.gz,301883.1,e24bc58e-d020-489b-bd08-78e70c59d7b1
GTOP-BI281,WGS,DNBSEQ-T7,Pancreas_Head,fastq,BI281-1108_2.fq.gz,312704.5,40e0a7c6-96c7-41b5-8d21-0d6f6c7d0687
GTOP-BI281,WGS,DNBSEQ-T7,Whole_Blood,fastq,BI281-0378_1.fq.gz,237086,f9fe93a9-5eab-4407-a386-4ecb98c30e09
GTOP-BI281,WGS,DNBSEQ-T7,Whole_Blood,fastq,BI281-0378_2.fq.gz,228528.1,073fc5fe-de92-41f8-83f1-3899d11fae4c
GTOP-BI281,WGS,DNBSEQ-T7,Adrenal_Gland,bam,BI281-2099.bam,508532.1,d1c03db8-c43e-42fc-9663-a533e3cc59a4
GTOP-BI281,WGS,DNBSEQ-T7,Adrenal_Gland,bam,BI281-2099.hap2.bam,274299.8,bf4fa989-8f43-45ee-b932-239df87ade31
GTOP-BI281,WGS,DNBSEQ-T7,Adrenal_Gland,bam,BI281-2099.hap1.bam,274060,0108b067-c639-4363-87ca-fb8359671fc5
GTOP-BI281,WGS,DNBSEQ-T7,Liver,bam,BI281-1053.bam,541474.3,35d23af3-982b-4516-a874-96c594268636
GTOP-BI281,WGS,DNBSEQ-T7,Liver,bam,BI281-1053.hap1.bam,350438.3,e9f7d9dc-b6af-419b-9429-2c164cc4ac4f
GTOP-BI281,WGS,DNBSEQ-T7,Liver,bam,BI281-1053.hap2.bam,350976,43f737a2-172f-42a4-bf4a-563e4f622cdd
GTOP-BI281,WGS,DNBSEQ-T7,Pancreas_Head,bam,BI281-1108.bam,566467.4,710944f3-8fa3-45ae-9e19-356cbaf0cb16
GTOP-BI281,WGS,DNBSEQ-T7,Pancreas_Head,bam,BI281-1108.hap2.bam,380187.4,b973f8d9-ef6f-429d-9ad4-800d0adaebe4
GTOP-BI281,WGS,DNBSEQ-T7,Pancreas_Head,bam,BI281-1108.hap1.bam,379566.2,13ccc3bd-8757-4abe-8440-d227aa867c60
GTOP-BI281,WGS,DNBSEQ-T7,Whole_Blood,bam,BI281-0378.bam,467973.7,d3bf6046-a141-4db2-ad8b-1c2560f85ec1
GTOP-BI281,WGS,DNBSEQ-T7,Whole_Blood,bam,BI281-0378.hap2.bam,263631.3,b0d6c0ad-d355-450a-8f07-d9e04ae86afd
GTOP-BI281,WGS,DNBSEQ-T7,Whole_Blood,bam,BI281-0378.hap1.bam,263141,1842ae79-03ad-44cc-9f82-924d197aec4a
GTOP-BI281,WGS,PacBio HiFi,Whole_Blood,fasta,BI281-DMSO.hap1.corrected.fa,2892.9,34a62bd0-a095-4487-99c0-85a9b7cce43f
GTOP-BI281,WGS,PacBio HiFi,Whole_Blood,fasta,BI281-DMSO.hap2.corrected.fa,2876.1,cc05aa3c-a927-469f-9ab5-be4268c02785
GTOP-BI281,WGS,PacBio HiFi,Whole_Blood,chain,BI281-DMSO.hap1Tohap2.liftover.chain,5.5,9d68752a-8e02-4e2b-ba41-828ad7904427
GTOP-BI281,WGS,PacBio HiFi,Whole_Blood,chain,BI281-DMSO.hap2Tohap1.liftover.chain,5.5,54283e3a-889a-4290-918a-bda58b469ba4
GTOP-BI281,WGS,PacBio HiFi,Whole_Blood,chain,BI281-DMSO.hap1.hg38ToDSA.liftover.chain,6.7,9864d469-43e1-4cfd-87e7-930bae4e5fcd
GTOP-BI281,WGS,PacBio HiFi,Whole_Blood,chain,BI281-DMSO.hap2.hg38ToDSA.liftover.chain,6.6,16bdc13f-eda8-4025-9125-3da9424625f0
GTOP-BI281,WGS,PacBio HiFi,Whole_Blood,chain,BI281-DMSO.hap1.DSATohg38.liftover.chain,6.9,b3a438af-d728-4a8d-a44e-9514d6edb43d
GTOP-BI281,WGS,PacBio HiFi,Whole_Blood,chain,BI281-DMSO.hap2.DSATohg38.liftover.chain,6.8,67dc1e82-bf93-4a12-9698-1e45fb7c7a77
GTOP-BJ131,WGS,DNBSEQ-T7,Adrenal_Gland,fastq,BJ131-2099_1.fq.gz,274109.1,749e82f0-4d7d-4374-b0fc-c84793b80109
GTOP-BJ131,WGS,DNBSEQ-T7,Adrenal_Gland,fastq,BJ131-2099_2.fq.gz,279606.5,3e613b5b-53d5-48d4-8480-b28f999acd41
GTOP-BJ131,WGS,DNBSEQ-T7,Gallbladder,fastq,BJ131-1856_1.fq.gz,195750.5,b4e77c39-bfb6-4553-a050-a5a418d772d2
GTOP-BJ131,WGS,DNBSEQ-T7,Gallbladder,fastq,BJ131-1856_2.fq.gz,195298.2,560d9d3f-3427-4237-80fb-a76e0647905d
GTOP-BJ131,WGS,DNBSEQ-T7,Liver,fastq,BJ131-1053_1.fq.gz,251801.9,876ac7ef-1bfa-4098-bfda-bb6575277700
GTOP-BJ131,WGS,DNBSEQ-T7,Liver,fastq,BJ131-1053_2.fq.gz,257295.4,c3ed0a86-5300-4a51-b5a0-dd0d60278e49
GTOP-BJ131,WGS,DNBSEQ-T7,Muscle,fastq,BJ131-0087_1.fq.gz,284221.5,a4633b04-37ed-433e-b61e-3e49eab92d39
GTOP-BJ131,WGS,DNBSEQ-T7,Muscle,fastq,BJ131-0087_2.fq.gz,279922.8,c79b4110-2b28-47e7-ba88-e5ed6599dc46
GTOP-BJ131,WGS,DNBSEQ-T7,Pancreas_Head,fastq,BJ131-1108_1.fq.gz,289298.1,4a5a51bd-839b-4817-91d4-98ee4075c53a
GTOP-BJ131,WGS,DNBSEQ-T7,Pancreas_Head,fastq,BJ131-1108_2.fq.gz,303406.9,e2082e8b-c0e1-44b0-bab5-b061da95f11e
GTOP-BJ131,WGS,DNBSEQ-T7,Skin,fastq,BJ131-0262_1.fq.gz,343794.7,fd4e59d1-281b-4c27-a9dd-10db6079bc6e
GTOP-BJ131,WGS,DNBSEQ-T7,Skin,fastq,BJ131-0262_2.fq.gz,378607.4,e7093095-5dd6-49a1-b114-53997de7293f
GTOP-BJ131,WGS,DNBSEQ-T7,Whole_Blood,fastq,BJ131-0378_1.fq.gz,221452.6,74397c17-9406-462d-90c2-060d7b19e64e
GTOP-BJ131,WGS,DNBSEQ-T7,Whole_Blood,fastq,BJ131-0378_2.fq.gz,213364,da13ce5e-2bc4-450e-955e-a67f482a7327
GTOP-BJ131,WGS,DNBSEQ-T7,Adrenal_Gland,bam,BJ131-2099.bam,503479.4,a37aa0ad-8b60-48b1-ab21-99f0669fde2e
GTOP-BJ131,WGS,DNBSEQ-T7,Adrenal_Gland,bam,BJ131-2099.hap1.bam,334147.6,bfcaa061-66ae-434c-922b-70317cfa6c6f
GTOP-BJ131,WGS,DNBSEQ-T7,Adrenal_Gland,bam,BJ131-2099.hap2.bam,334253.3,adb05668-7ede-47e1-9428-cc3307f5f2a4
GTOP-BJ131,WGS,DNBSEQ-T7,Gallbladder,bam,BJ131-1856.bam,384900.3,2b9e70c9-4ee8-46f7-882b-948edaa3a56b
GTOP-BJ131,WGS,DNBSEQ-T7,Gallbladder,bam,BJ131-1856.hap1.bam,207096.4,171a1bba-1d0b-4536-b874-9f47ae4a4f62
GTOP-BJ131,WGS,DNBSEQ-T7,Gallbladder,bam,BJ131-1856.hap2.bam,207194.2,e5d0a294-28e1-4fde-910a-0da6c505b3d3
GTOP-BJ131,WGS,DNBSEQ-T7,Liver,bam,BJ131-1053.bam,484463.2,c93268cb-56d3-45cf-b88e-efa1ec4886cf
GTOP-BJ131,WGS,DNBSEQ-T7,Liver,bam,BJ131-1053.hap2.bam,311228.9,69917e13-f080-4455-a340-14a599fa5439
GTOP-BJ131,WGS,DNBSEQ-T7,Liver,bam,BJ131-1053.hap1.bam,311107.8,8121c200-87ed-43a6-b7ef-b53220fae0db
GTOP-BJ131,WGS,DNBSEQ-T7,Muscle,bam,BJ131-0087.bam,597228.8,a1c8221b-c82a-4560-91f2-7d7b3bfff4c0
GTOP-BJ131,WGS,DNBSEQ-T7,Muscle,bam,BJ131-0087.hap2.bam,307870.1,7fe1cb48-27f5-48ba-94f3-8435173c1f31
GTOP-BJ131,WGS,DNBSEQ-T7,Muscle,bam,BJ131-0087.hap1.bam,307675.9,d9fb5953-4556-4929-816e-bcf1e13c656e
GTOP-BJ131,WGS,DNBSEQ-T7,Pancreas_Head,bam,BJ131-1108.bam,536052.1,fa15e036-ece0-4cd7-bb4d-a59f2529f1aa
GTOP-BJ131,WGS,DNBSEQ-T7,Pancreas_Head,bam,BJ131-1108.hap1.bam,363481.5,bd716a6a-8c07-4080-89df-53c452def91e
GTOP-BJ131,WGS,DNBSEQ-T7,Pancreas_Head,bam,BJ131-1108.hap2.bam,363609.5,c30266ef-7a95-4cbe-87f0-2e3fcdd66e77
GTOP-BJ131,WGS,DNBSEQ-T7,Skin,bam,BJ131-0262.bam,463642.4,ed32b1dd-bbe9-495a-b07e-1d07ca13f3eb
GTOP-BJ131,WGS,DNBSEQ-T7,Skin,bam,BJ131-0262.hap1.bam,410119.3,5e3fa957-0752-4eb1-84c3-037884fad19e
GTOP-BJ131,WGS,DNBSEQ-T7,Skin,bam,BJ131-0262.hap2.bam,410191.6,e61eeced-0b22-42fd-9deb-85f24929986c
GTOP-BJ131,WGS,DNBSEQ-T7,Whole_Blood,bam,BJ131-0378.bam,446624.9,f49d1897-c959-4e3d-bf8e-1bed83703878
GTOP-BJ131,WGS,DNBSEQ-T7,Whole_Blood,bam,BJ131-0378.hap1.bam,243501.6,048de8af-330b-4f51-817f-cebfe1137004
GTOP-BJ131,WGS,DNBSEQ-T7,Whole_Blood,bam,BJ131-0378.hap2.bam,243698.7,5ada6ad7-d57d-4b9f-813b-a5d29ce10caf
GTOP-BJ131,WGS,PacBio HiFi,Whole_Blood,fasta,BJ131-DMSO.hap2.corrected.fa,2913.8,0831dc01-3b4f-4912-b66c-57ed7f6a6545
GTOP-BJ131,WGS,PacBio HiFi,Whole_Blood,fasta,BJ131-DMSO.hap1.corrected.fa,2948.6,670caaef-efe6-4e06-80e9-e7c4faaa6de7
GTOP-BJ131,WGS,PacBio HiFi,Whole_Blood,chain,BJ131-DMSO.hap1Tohap2.liftover.chain,5.2,a97a5ed6-0ebb-490a-b60f-4bbddf60302c
GTOP-BJ131,WGS,PacBio HiFi,Whole_Blood,chain,BJ131-DMSO.hap2Tohap1.liftover.chain,5.3,e1c39444-7a50-4cd6-a458-f47f38ab5b88
GTOP-BJ131,WGS,PacBio HiFi,Whole_Blood,chain,BJ131-DMSO.hap1.hg38ToDSA.liftover.chain,6.8,d58954c7-8cd1-487f-a308-db68f81a554a
GTOP-BJ131,WGS,PacBio HiFi,Whole_Blood,chain,BJ131-DMSO.hap2.hg38ToDSA.liftover.chain,6.7,e0942d08-9e45-42e6-99b5-7e05c1634ce6
GTOP-BJ131,WGS,PacBio HiFi,Whole_Blood,chain,BJ131-DMSO.hap1.DSATohg38.liftover.chain,7.1,5378031c-376a-426b-ad11-799f1a8681dc
GTOP-BJ131,WGS,PacBio HiFi,Whole_Blood,chain,BJ131-DMSO.hap2.DSATohg38.liftover.chain,7,da121273-bb15-422d-8710-f35dcbfa3855
GTOP-BJ141,WGS,DNBSEQ-T7,Adrenal_Gland,fastq,BJ141-2099_1.fq.gz,283390.5,7770b760-0870-4211-85c7-98c8454f9226
GTOP-BJ141,WGS,DNBSEQ-T7,Adrenal_Gland,fastq,BJ141-2099_2.fq.gz,292713.5,40606f85-b83b-479a-a1ca-f6477eefcf65
GTOP-BJ141,WGS,DNBSEQ-T7,Gallbladder,fastq,BJ141-1856_1.fq.gz,251912.5,5d510e77-150a-42a4-9d8c-8043661a1ea5
GTOP-BJ141,WGS,DNBSEQ-T7,Gallbladder,fastq,BJ141-1856_2.fq.gz,259811.7,79fabe70-bf5c-41c4-b168-b9b80560fe57
GTOP-BJ141,WGS,DNBSEQ-T7,Liver,fastq,BJ141-1053_1.fq.gz,288372.8,d7600a2e-db13-4422-ad76-d9dea4e26951
GTOP-BJ141,WGS,DNBSEQ-T7,Liver,fastq,BJ141-1053_2.fq.gz,298964.2,41163fe9-f250-467f-9bf4-e721f658b67d
GTOP-BJ141,WGS,DNBSEQ-T7,Muscle,fastq,BJ141-0087_1.fq.gz,239761.5,8b7ea635-97a6-42c4-921a-fdc950b8dbef
GTOP-BJ141,WGS,DNBSEQ-T7,Muscle,fastq,BJ141-0087_2.fq.gz,234416.7,afef6ec5-7f84-4544-8614-2319962af479
GTOP-BJ141,WGS,DNBSEQ-T7,Pancreas_Head,fastq,BJ141-1108_1.fq.gz,298734.6,fc123b8d-fb94-4f89-bf57-3b8f61566d6e
GTOP-BJ141,WGS,DNBSEQ-T7,Pancreas_Head,fastq,BJ141-1108_2.fq.gz,310613,e024335b-f1d8-451a-afbe-fb1f67641f94
GTOP-BJ141,WGS,DNBSEQ-T7,Skin,fastq,BJ141-0262_1.fq.gz,205823.4,8ede74a0-06e8-4937-b0e0-f236db6023a9
GTOP-BJ141,WGS,DNBSEQ-T7,Skin,fastq,BJ141-0262_2.fq.gz,200790.8,c5811a7a-fff1-4319-9716-dec5a479502e
GTOP-BJ141,WGS,DNBSEQ-T7,Whole_Blood,fastq,BJ141-0378_1.fq.gz,378058.3,3957f470-5c03-4f2b-83dc-bacc7b679e55
GTOP-BJ141,WGS,DNBSEQ-T7,Whole_Blood,fastq,BJ141-0378_2.fq.gz,375935.3,c1d6c212-476b-41e1-8aea-8213f6c687b1
GTOP-BJ141,WGS,DNBSEQ-T7,Adrenal_Gland,bam,BJ141-2099.bam,541705.6,276372da-8be7-41db-bae7-90a4575b245f
GTOP-BJ141,WGS,DNBSEQ-T7,Adrenal_Gland,bam,BJ141-2099.hap2.bam,353714,11fb9dee-86f9-4ba9-b9c7-ebbff7cd1f8d
GTOP-BJ141,WGS,DNBSEQ-T7,Adrenal_Gland,bam,BJ141-2099.hap1.bam,349243.4,052af8f0-3b1d-4a79-bd9a-061895abe8e8
GTOP-BJ141,WGS,DNBSEQ-T7,Gallbladder,bam,BJ141-1856.bam,437852.4,13c2dcf3-a147-4141-87df-e41c846a7d24
GTOP-BJ141,WGS,DNBSEQ-T7,Gallbladder,bam,BJ141-1856.hap2.bam,307927.9,5c908110-0840-42fd-a532-484f20ecad72
GTOP-BJ141,WGS,DNBSEQ-T7,Gallbladder,bam,BJ141-1856.hap1.bam,303927.5,efd26da7-7e4a-4d1a-b511-9c71efae207e
GTOP-BJ141,WGS,DNBSEQ-T7,Liver,bam,BJ141-1053.bam,518714.3,a3046dfa-db8b-4f26-94cf-558fdcd63941
GTOP-BJ141,WGS,DNBSEQ-T7,Liver,bam,BJ141-1053.hap1.bam,349488.3,64a35f65-4bfe-4722-ba70-a7dc2b4caf62
GTOP-BJ141,WGS,DNBSEQ-T7,Liver,bam,BJ141-1053.hap2.bam,354156.9,545393ae-948f-4d0d-8f38-53bbd32eccd2
GTOP-BJ141,WGS,DNBSEQ-T7,Muscle,bam,BJ141-0087.bam,489607.1,66c588ca-be23-4766-80cc-fdeb0bcc5625
GTOP-BJ141,WGS,DNBSEQ-T7,Muscle,bam,BJ141-0087.hap1.bam,247772.7,b4242a3b-9c9a-41f5-9a8f-5bcbe811b8a4
GTOP-BJ141,WGS,DNBSEQ-T7,Muscle,bam,BJ141-0087.hap2.bam,251663.2,5b994b4a-0336-4d27-af18-6c85a6bb7dd2
GTOP-BJ141,WGS,DNBSEQ-T7,Pancreas_Head,bam,BJ141-1108.bam,568801.6,25946493-91d8-4b07-b560-653f40a5ee91
GTOP-BJ141,WGS,DNBSEQ-T7,Pancreas_Head,bam,BJ141-1108.hap2.bam,374807.1,d61d89c6-7559-4286-89e9-f3d734342c68
GTOP-BJ141,WGS,DNBSEQ-T7,Pancreas_Head,bam,BJ141-1108.hap1.bam,370093.6,8674e4e3-58a9-46d7-ba3d-6cd6c46aae17
GTOP-BJ141,WGS,DNBSEQ-T7,Skin,bam,BJ141-0262.bam,400322.8,4caa86ff-8303-4f1c-918c-b21ce9359f50
GTOP-BJ141,WGS,DNBSEQ-T7,Skin,bam,BJ141-0262.hap2.bam,232350.9,a3b39013-325c-4011-8e83-3abaeeb27f59
GTOP-BJ141,WGS,DNBSEQ-T7,Skin,bam,BJ141-0262.hap1.bam,229159.4,99c661d4-1449-43c6-b637-65400b0e93ed
GTOP-BJ141,WGS,DNBSEQ-T7,Whole_Blood,bam,BJ141-0378.bam,615353.4,6aff9300-8c03-4920-b4b7-6721fbb7a266
GTOP-BJ141,WGS,DNBSEQ-T7,Whole_Blood,bam,BJ141-0378.hap2.bam,469024.4,86e04f85-79b6-4eda-a474-397d3cdc99ed
GTOP-BJ141,WGS,DNBSEQ-T7,Whole_Blood,bam,BJ141-0378.hap1.bam,463617.3,c5da2475-f03a-4674-a506-10c94c671ed2
GTOP-BJ141,WGS,PacBio HiFi,Whole_Blood,fasta,BJ141-DMSO.hap1.corrected.fa,2957.8,601ce67e-b275-40bc-9645-cdf8a76e818c
GTOP-BJ141,WGS,PacBio HiFi,Whole_Blood,fasta,BJ141-DMSO.hap2.corrected.fa,2837.5,6171479f-7955-44aa-b885-d554ea9ac2d2
GTOP-BJ141,WGS,PacBio HiFi,Whole_Blood,chain,BJ141-DMSO.hap1Tohap2.liftover.chain,5.6,679263c6-5b07-46fb-a76f-e9ed3fe6f478
GTOP-BJ141,WGS,PacBio HiFi,Whole_Blood,chain,BJ141-DMSO.hap2Tohap1.liftover.chain,5.5,5ca07e57-20f5-45a3-9110-b3372d9583a6
GTOP-BJ141,WGS,PacBio HiFi,Whole_Blood,chain,BJ141-DMSO.hap1.hg38ToDSA.liftover.chain,6.8,cf4c0763-ea40-402a-9da5-efec7fa33c1d
GTOP-BJ141,WGS,PacBio HiFi,Whole_Blood,chain,BJ141-DMSO.hap2.hg38ToDSA.liftover.chain,6.6,f9b464a3-ecab-4bf0-8b12-3bac6249f177
GTOP-BJ141,WGS,PacBio HiFi,Whole_Blood,chain,BJ141-DMSO.hap1.DSATohg38.liftover.chain,7,29271d38-efa5-41e9-9c36-615c62242aca
GTOP-BJ141,WGS,PacBio HiFi,Whole_Blood,chain,BJ141-DMSO.hap2.DSATohg38.liftover.chain,6.9,97336a1a-f9c8-42c3-ae84-3ac24e84828b
GTOP-BJ171,WGS,DNBSEQ-T7,Adrenal_Gland,fastq,BJ171-2099_1.fq.gz,292264.1,3136befe-4764-4294-ab93-7f07007defe9
GTOP-BJ171,WGS,DNBSEQ-T7,Adrenal_Gland,fastq,BJ171-2099_2.fq.gz,302729.1,687e7964-ce5e-4e79-96e8-3309a1f22b50
GTOP-BJ171,WGS,DNBSEQ-T7,Gallbladder,fastq,BJ171-1856_1.fq.gz,268600.1,78c606ec-8c24-4a18-a899-9895466a4736
GTOP-BJ171,WGS,DNBSEQ-T7,Gallbladder,fastq,BJ171-1856_2.fq.gz,271454.4,30fffd7c-a273-414b-8b9d-1b33978ecc9d
GTOP-BJ171,WGS,DNBSEQ-T7,Liver,fastq,BJ171-1053_1.fq.gz,349776.6,5c1ae2e5-507a-464f-b916-9113720dcabf
GTOP-BJ171,WGS,DNBSEQ-T7,Liver,fastq,BJ171-1053_2.fq.gz,353309.1,2a519bf4-29ed-4582-894d-7502a7aa5d7c
GTOP-BJ171,WGS,DNBSEQ-T7,Muscle,fastq,BJ171-0087_1.fq.gz,246739.5,ae29a0b3-a595-45dd-9f81-27bdff2fb907
GTOP-BJ171,WGS,DNBSEQ-T7,Muscle,fastq,BJ171-0087_2.fq.gz,241417.4,65095c01-cbb1-47bf-9203-c12e7fee090f
GTOP-BJ171,WGS,DNBSEQ-T7,Pancreas_Head,fastq,BJ171-1108_1.fq.gz,261935.9,ded7a11b-c5ed-420a-a7c1-dec3c05581c2
GTOP-BJ171,WGS,DNBSEQ-T7,Pancreas_Head,fastq,BJ171-1108_2.fq.gz,271855.5,eadc25ba-a6b3-4444-9418-ab9b1c2ce603
GTOP-BJ171,WGS,DNBSEQ-T7,Whole_Blood,fastq,BJ171-0378_1.fq.gz,231191.2,d13fb470-8511-4b05-8d49-28b12fa79a7b
GTOP-BJ171,WGS,DNBSEQ-T7,Whole_Blood,fastq,BJ171-0378_2.fq.gz,223371.9,8691ab39-52ed-4eb8-8d14-c2be23120c9f
GTOP-BJ171,WGS,DNBSEQ-T7,Adrenal_Gland,bam,BJ171-2099.bam,535029.3,53465a65-366c-4c9c-8bfc-99f7ef2b3e02
GTOP-BJ171,WGS,DNBSEQ-T7,Adrenal_Gland,bam,BJ171-2099.hap1.bam,363405.5,11c6eddb-cb32-4630-b4fd-37f2ab32a730
GTOP-BJ171,WGS,DNBSEQ-T7,Adrenal_Gland,bam,BJ171-2099.hap2.bam,359302.2,46e0418e-82a1-4731-a4f9-cc33a8f82b89
GTOP-BJ171,WGS,DNBSEQ-T7,Gallbladder,bam,BJ171-1856.bam,533972.1,00c8a57f-9033-45ab-973e-bca40b157ce6
GTOP-BJ171,WGS,DNBSEQ-T7,Gallbladder,bam,BJ171-1856.hap1.bam,319261.8,cb30b5c5-a201-4ca1-82aa-23ab0adc2f8f
GTOP-BJ171,WGS,DNBSEQ-T7,Gallbladder,bam,BJ171-1856.hap2.bam,315409.3,0d2af33e-ec7f-4393-b552-c2b173c74f5b
GTOP-BJ171,WGS,DNBSEQ-T7,Liver,bam,BJ171-1053.bam,626381.2,776cacb5-44ba-43f5-b871-59ca15754982
GTOP-BJ171,WGS,DNBSEQ-T7,Liver,bam,BJ171-1053.hap2.bam,408487.3,2c38ee24-9b39-4e7b-8a44-947c1f5fd404
GTOP-BJ171,WGS,DNBSEQ-T7,Liver,bam,BJ171-1053.hap1.bam,413643,fac05fc6-cc78-474d-a612-c2fbd6fb6311
GTOP-BJ171,WGS,DNBSEQ-T7,Muscle,bam,BJ171-0087.bam,528795.4,24909e31-5ce6-4112-ad30-d8d55f929082
GTOP-BJ171,WGS,DNBSEQ-T7,Muscle,bam,BJ171-0087.hap2.bam,263933.9,e959a8e3-b28f-41c8-8739-e53b0be6249f
GTOP-BJ171,WGS,DNBSEQ-T7,Muscle,bam,BJ171-0087.hap1.bam,267477.7,40cac6c5-6a04-4eaa-9c46-1f811e029cca
GTOP-BJ171,WGS,DNBSEQ-T7,Pancreas_Head,bam,BJ171-1108.bam,500103.3,5e3e6dec-2faa-429a-a0de-de0f2851a2ad
GTOP-BJ171,WGS,DNBSEQ-T7,Pancreas_Head,bam,BJ171-1108.hap1.bam,335023.6,13333814-fd4d-44cd-afd1-5ad129a122bc
GTOP-BJ171,WGS,DNBSEQ-T7,Pancreas_Head,bam,BJ171-1108.hap2.bam,331285.6,11f049e9-76f6-43f6-92b8-43723ff965d8
GTOP-BJ171,WGS,DNBSEQ-T7,Whole_Blood,bam,BJ171-0378.bam,459431.5,2dbf2b5b-dd83-49ba-9343-a617eac87824
GTOP-BJ171,WGS,DNBSEQ-T7,Whole_Blood,bam,BJ171-0378.hap1.bam,259038.4,e8697f4c-6948-43fa-9414-ca51b454e40d
GTOP-BJ171,WGS,DNBSEQ-T7,Whole_Blood,bam,BJ171-0378.hap2.bam,255810.1,42e9df61-498d-4a28-a5f1-16163d03995e
GTOP-BJ171,WGS,PacBio HiFi,Whole_Blood,fasta,BJ171-DMSO.hap2.corrected.fa,2958.3,631789cf-2219-4955-9927-371ec46ae644
GTOP-BJ171,WGS,PacBio HiFi,Whole_Blood,fasta,BJ171-DMSO.hap1.corrected.fa,2867.8,06c19e3b-dae9-4bbe-9977-7cf251cc2fc0
GTOP-BJ171,WGS,PacBio HiFi,Whole_Blood,chain,BJ171-DMSO.hap1Tohap2.liftover.chain,5.4,cdf879b0-4376-4240-9a55-16ed40179e32
GTOP-BJ171,WGS,PacBio HiFi,Whole_Blood,chain,BJ171-DMSO.hap2Tohap1.liftover.chain,5.4,472ce82d-cd6d-429c-a477-168272562bb1
GTOP-BJ171,WGS,PacBio HiFi,Whole_Blood,chain,BJ171-DMSO.hap1.hg38ToDSA.liftover.chain,6.6,ea9774b7-3f88-4e57-a4fd-a126e0abaed7
GTOP-BJ171,WGS,PacBio HiFi,Whole_Blood,chain,BJ171-DMSO.hap2.hg38ToDSA.liftover.chain,6.7,bacaaf4d-7c1f-4824-8cb0-ce878e9bfa24
GTOP-BJ171,WGS,PacBio HiFi,Whole_Blood,chain,BJ171-DMSO.hap1.DSATohg38.liftover.chain,6.8,8eb33d25-db7d-41a1-8c81-d3fca2415e2d
GTOP-BJ171,WGS,PacBio HiFi,Whole_Blood,chain,BJ171-DMSO.hap2.DSATohg38.liftover.chain,7,b8af12cc-3760-4fbc-ace5-9d706e195f3f
GTOP-BJ191,WGS,DNBSEQ-T7,Pancreas_Head,fastq,BJ191-1108_1.fq.gz,276951.7,ba09eb90-5c07-4119-8b6a-5db7c3c3cbeb
GTOP-BJ191,WGS,DNBSEQ-T7,Pancreas_Head,fastq,BJ191-1108_2.fq.gz,289337.5,1109c1b0-3c55-43ef-90cb-002974ac9f49
GTOP-BJ191,WGS,DNBSEQ-T7,Whole_Blood,fastq,BJ191-0378_1.fq.gz,396285.3,94b18bb6-477d-433f-b7ef-2a255d7d6729
GTOP-BJ191,WGS,DNBSEQ-T7,Whole_Blood,fastq,BJ191-0378_2.fq.gz,392960,8f4bcbea-c405-4ceb-97f2-491f3f271bd6
GTOP-BJ191,WGS,DNBSEQ-T7,Pancreas_Head,bam,BJ191-1108.bam,515611.7,6fb4a523-cc81-4c19-988f-81e951f9972c
GTOP-BJ191,WGS,DNBSEQ-T7,Pancreas_Head,bam,BJ191-1108.hap1.bam,350447.8,714eb3cb-3042-46b3-80b4-7a473286f0ac
GTOP-BJ191,WGS,DNBSEQ-T7,Pancreas_Head,bam,BJ191-1108.hap2.bam,350500.2,3d11b751-fd11-4115-8564-ba3ba5b833a9
GTOP-BJ191,WGS,DNBSEQ-T7,Whole_Blood,bam,BJ191-0378.bam,637068.3,8db95440-d515-4e91-a08f-b65d00e3c722
GTOP-BJ191,WGS,DNBSEQ-T7,Whole_Blood,bam,BJ191-0378.hap1.bam,480171.3,fe59cb79-bb1c-4c4b-b260-eb3a6ca36fc9
GTOP-BJ191,WGS,DNBSEQ-T7,Whole_Blood,bam,BJ191-0378.hap2.bam,480234.3,953eefce-be81-4080-b709-8d4f96b9d857
GTOP-BJ191,WGS,PacBio HiFi,Whole_Blood,fasta,BJ191-DMSO.hap2.corrected.fa,2916.9,b61c6f07-c1ad-4954-ba0d-1ded01f615fb
GTOP-BJ191,WGS,PacBio HiFi,Whole_Blood,fasta,BJ191-DMSO.hap1.corrected.fa,2927.2,75f4a7d9-1f2f-4785-9f3c-f6780955cf56
GTOP-BJ191,WGS,PacBio HiFi,Whole_Blood,chain,BJ191-DMSO.hap1Tohap2.liftover.chain,5.3,7cef9336-63ed-4447-96d8-8a9ad3afad1c
GTOP-BJ191,WGS,PacBio HiFi,Whole_Blood,chain,BJ191-DMSO.hap2Tohap1.liftover.chain,5.3,68ccf0b9-ec0a-44d4-ba61-d9b0a03299b9
GTOP-BJ191,WGS,PacBio HiFi,Whole_Blood,chain,BJ191-DMSO.hap1.hg38ToDSA.liftover.chain,6.7,c11dccd6-e879-4183-9c6b-fafbbb636d34
GTOP-BJ191,WGS,PacBio HiFi,Whole_Blood,chain,BJ191-DMSO.hap2.hg38ToDSA.liftover.chain,6.8,b70b0e90-087c-4703-8ee7-1ddc5e731866
GTOP-BJ191,WGS,PacBio HiFi,Whole_Blood,chain,BJ191-DMSO.hap1.DSATohg38.liftover.chain,7,d22703b3-d7fb-40fd-8549-b8b87c81719a
GTOP-BJ191,WGS,PacBio HiFi,Whole_Blood,chain,BJ191-DMSO.hap2.DSATohg38.liftover.chain,7.1,584ac516-7e81-4465-a356-d0c8cf526059
GTOP-BJ201,WGS,DNBSEQ-T7,Adrenal_Gland,fastq,BJ201-2099_1.fq.gz,296596.1,bea51027-7eab-4b19-bbdd-f79c3d96d724
GTOP-BJ201,WGS,DNBSEQ-T7,Adrenal_Gland,fastq,BJ201-2099_2.fq.gz,305329,9e1c97c5-ad1d-47a8-afa3-5a43c87432a7
GTOP-BJ201,WGS,DNBSEQ-T7,Gallbladder,fastq,BJ201-1856_1.fq.gz,307706.2,811bd4f7-6596-4705-a9bf-2993b690337b
GTOP-BJ201,WGS,DNBSEQ-T7,Gallbladder,fastq,BJ201-1856_2.fq.gz,321456,8e258aab-4282-42e6-a04b-9fdb0c62f083
GTOP-BJ201,WGS,DNBSEQ-T7,Liver,fastq,BJ201-1053_1.fq.gz,222580.3,008e8ab5-e24f-49b3-80a2-25d82938c75d
GTOP-BJ201,WGS,DNBSEQ-T7,Liver,fastq,BJ201-1053_2.fq.gz,224675,e2db1542-2238-47f9-a34a-c6f18e12cc71
GTOP-BJ201,WGS,DNBSEQ-T7,Muscle,fastq,BJ201-0087_1.fq.gz,244382.5,6e74bbb7-8b97-416d-b496-9d1878ca324f
GTOP-BJ201,WGS,DNBSEQ-T7,Muscle,fastq,BJ201-0087_2.fq.gz,240507.6,6d612429-4ffd-4906-97f4-98104b3c7edd
GTOP-BJ201,WGS,DNBSEQ-T7,Pancreas_Head,fastq,BJ201-1108_1.fq.gz,279090.3,0a459647-43dd-4fa4-b5cb-e023c1abba60
GTOP-BJ201,WGS,DNBSEQ-T7,Pancreas_Head,fastq,BJ201-1108_2.fq.gz,290505.4,382041bd-2267-47f7-bdb6-d8554c4def00
GTOP-BJ201,WGS,DNBSEQ-T7,Skin,fastq,BJ201-0262_1.fq.gz,281356.8,4a907635-3170-40ab-8e48-e4e0b2ea51db
GTOP-BJ201,WGS,DNBSEQ-T7,Skin,fastq,BJ201-0262_2.fq.gz,283699.1,a8c1a62e-a330-40fd-8378-53aa5fa99a79
GTOP-BJ201,WGS,DNBSEQ-T7,Whole_Blood,fastq,BJ201-0378_1.fq.gz,411843.7,e9b13af3-e200-4810-8323-9041d23a04ce
GTOP-BJ201,WGS,DNBSEQ-T7,Whole_Blood,fastq,BJ201-0378_2.fq.gz,409247,5ff4f15e-f72e-4677-9fd7-53ff1c73fc2c
GTOP-BJ201,WGS,DNBSEQ-T7,Adrenal_Gland,bam,BJ201-2099.bam,516919.4,07ce4ff7-78ba-4b63-8e0e-2f66b5ac965d
GTOP-BJ201,WGS,DNBSEQ-T7,Adrenal_Gland,bam,BJ201-2099.hap1.bam,361449,0233dbff-31c7-43cd-bd36-fbc19fe2ec27
GTOP-BJ201,WGS,DNBSEQ-T7,Adrenal_Gland,bam,BJ201-2099.hap2.bam,359946,a4c78e3a-53a1-43c4-981d-88feef9438ab
GTOP-BJ201,WGS,DNBSEQ-T7,Gallbladder,bam,BJ201-1856.bam,595059.9,831d4257-5a5d-4ef7-a209-082a2e98654b
GTOP-BJ201,WGS,DNBSEQ-T7,Gallbladder,bam,BJ201-1856.hap1.bam,387483.7,daaac51e-0002-439f-ba5a-d14048ada294
GTOP-BJ201,WGS,DNBSEQ-T7,Gallbladder,bam,BJ201-1856.hap2.bam,385986.1,79a0066d-068b-402b-8d2c-36cc92a3bd4d
GTOP-BJ201,WGS,DNBSEQ-T7,Liver,bam,BJ201-1053.bam,414051,049971a4-5467-4d9c-939f-c61d101e233b
GTOP-BJ201,WGS,DNBSEQ-T7,Liver,bam,BJ201-1053.hap2.bam,278942,7e77e26b-6ea0-4da6-ae70-ebd7e50c1ae8
GTOP-BJ201,WGS,DNBSEQ-T7,Liver,bam,BJ201-1053.hap1.bam,279889.1,b22319bd-5b34-49c8-90d4-82cf2914cbcb
GTOP-BJ201,WGS,DNBSEQ-T7,Muscle,bam,BJ201-0087.bam,532596,a68d80f7-6d20-4856-ab7b-bf7468e6c7be
GTOP-BJ201,WGS,DNBSEQ-T7,Muscle,bam,BJ201-0087.hap2.bam,269977,d5468115-1ec7-4e67-b0de-1e1670ad1675
GTOP-BJ201,WGS,DNBSEQ-T7,Muscle,bam,BJ201-0087.hap1.bam,271095.1,cefcfc59-ccb7-4a36-821c-502c2585160c
GTOP-BJ201,WGS,DNBSEQ-T7,Pancreas_Head,bam,BJ201-1108.bam,549758.5,9680a9e5-04bc-4d7c-93b1-1136f6b746bf
GTOP-BJ201,WGS,DNBSEQ-T7,Pancreas_Head,bam,BJ201-1108.hap1.bam,351423.4,a6e0c4a4-1339-4657-b141-5f2c7bdc1df6
GTOP-BJ201,WGS,DNBSEQ-T7,Pancreas_Head,bam,BJ201-1108.hap2.bam,350063.3,e92887eb-559a-4d8f-8653-d1784262d299
GTOP-BJ201,WGS,DNBSEQ-T7,Skin,bam,BJ201-0262.bam,553003.7,7c69f569-fdd1-4e85-95af-1d12755afc38
GTOP-BJ201,WGS,DNBSEQ-T7,Skin,bam,BJ201-0262.hap1.bam,350242.7,4b489f49-d2ba-469f-8180-d709593bd870
GTOP-BJ201,WGS,DNBSEQ-T7,Skin,bam,BJ201-0262.hap2.bam,348917.4,64c1f438-2d4b-4b37-a5a3-ab696f518206
GTOP-BJ201,WGS,DNBSEQ-T7,Whole_Blood,bam,BJ201-0378.bam,582783.9,c38d4d99-d551-44e3-aca0-b08472f9c49b
GTOP-BJ201,WGS,DNBSEQ-T7,Whole_Blood,bam,BJ201-0378.hap1.bam,495605.6,ba73b139-7573-47aa-a10f-319d2680a573
GTOP-BJ201,WGS,DNBSEQ-T7,Whole_Blood,bam,BJ201-0378.hap2.bam,493603,c89962c7-a6c3-4887-82b9-dda4c7560f22
GTOP-BJ201,WGS,PacBio HiFi,Whole_Blood,fasta,BJ201-DMSO.hap2.corrected.fa,2900.6,281425d0-81af-4a27-9323-7bb823bce9d0
GTOP-BJ201,WGS,PacBio HiFi,Whole_Blood,fasta,BJ201-DMSO.hap1.corrected.fa,2892.5,4e438c72-bb15-4603-8791-4071e9a90658
GTOP-BJ201,WGS,PacBio HiFi,Whole_Blood,chain,BJ201-DMSO.hap1Tohap2.liftover.chain,5.3,fdf5ad59-1745-4dd2-931b-4ef03e48e1cd
GTOP-BJ201,WGS,PacBio HiFi,Whole_Blood,chain,BJ201-DMSO.hap2Tohap1.liftover.chain,5.3,bf73cb70-1252-40ca-afbd-d2dbe33eb471
GTOP-BJ201,WGS,PacBio HiFi,Whole_Blood,chain,BJ201-DMSO.hap1.hg38ToDSA.liftover.chain,6.6,50742dac-97ab-4bde-b1f0-8983610f19a6
GTOP-BJ201,WGS,PacBio HiFi,Whole_Blood,chain,BJ201-DMSO.hap2.hg38ToDSA.liftover.chain,6.7,327ef5cc-3ed4-4e24-b60e-e40c4dbb4b00
GTOP-BJ201,WGS,PacBio HiFi,Whole_Blood,chain,BJ201-DMSO.hap1.DSATohg38.liftover.chain,6.9,fd07e79a-89bb-4f96-9be9-c6cc69a95409
GTOP-BJ201,WGS,PacBio HiFi,Whole_Blood,chain,BJ201-DMSO.hap2.DSATohg38.liftover.chain,7,98dd0008-4194-438c-8aa3-f0c154763386
GTOP-BK021,WGS,DNBSEQ-T7,Adrenal_Gland,fastq,BK021-2099_1.fq.gz,201439.1,41582e60-d619-446a-8e23-442eff73ae7b
GTOP-BK021,WGS,DNBSEQ-T7,Adrenal_Gland,fastq,BK021-2099_2.fq.gz,198635.9,c9ca0565-4054-446a-a005-a6c7012a712f
GTOP-BK021,WGS,DNBSEQ-T7,Gallbladder,fastq,BK021-1856_1.fq.gz,282851.6,784936a4-1826-417c-8e37-2782e107270f
GTOP-BK021,WGS,DNBSEQ-T7,Gallbladder,fastq,BK021-1856_2.fq.gz,276109.4,50648bc9-5d07-4453-bff0-5bd102e2b148
GTOP-BK021,WGS,DNBSEQ-T7,Liver,fastq,BK021-1053_1.fq.gz,254551.1,57cf6647-e927-40df-8e98-222cbc6a1466
GTOP-BK021,WGS,DNBSEQ-T7,Liver,fastq,BK021-1053_2.fq.gz,260837.8,0ff91011-515b-419c-b3c7-0ea923071586
GTOP-BK021,WGS,DNBSEQ-T7,Muscle,fastq,BK021-0087_1.fq.gz,260374.9,cf255a62-2328-4924-8f4c-f882211da0c9
GTOP-BK021,WGS,DNBSEQ-T7,Muscle,fastq,BK021-0087_2.fq.gz,255869.3,d217070e-b927-4233-bd65-89b635803c70
GTOP-BK021,WGS,DNBSEQ-T7,Pancreas_Head,fastq,BK021-1108_1.fq.gz,282026.7,78c95d18-eb4c-4d57-9ef1-306a3a5d93d2
GTOP-BK021,WGS,DNBSEQ-T7,Pancreas_Head,fastq,BK021-1108_2.fq.gz,287979.1,cfa5e13c-9f6a-43b2-bda6-b4355affe73e
GTOP-BK021,WGS,DNBSEQ-T7,Skin,fastq,BK021-0262_1.fq.gz,281780.6,023b7c34-e3d2-40ea-9843-7fac3c2c8ba6
GTOP-BK021,WGS,DNBSEQ-T7,Skin,fastq,BK021-0262_2.fq.gz,293297.4,bf74b2ea-00bf-436c-b7af-0294eb2b3c35
GTOP-BK021,WGS,DNBSEQ-T7,Whole_Blood,fastq,BK021-0378_1.fq.gz,393504.5,b16b631f-a76a-4a43-8375-2eb0a645d4ca
GTOP-BK021,WGS,DNBSEQ-T7,Whole_Blood,fastq,BK021-0378_2.fq.gz,393063.7,7ea3113b-d28e-4cda-91f1-97ffe2cab258
GTOP-BK021,WGS,DNBSEQ-T7,Adrenal_Gland,bam,BK021-2099.bam,406791.7,9733c664-ba5a-4076-a762-91c06ed98505
GTOP-BK021,WGS,DNBSEQ-T7,Adrenal_Gland,bam,BK021-2099.hap2.bam,220886.3,37d8d15a-d683-4327-88d3-8a2e1df9a439
GTOP-BK021,WGS,DNBSEQ-T7,Adrenal_Gland,bam,BK021-2099.hap1.bam,220636.5,af4a595c-9bda-4e84-b2cd-edc689a7cc18
GTOP-BK021,WGS,DNBSEQ-T7,Gallbladder,bam,BK021-1856.bam,512339.4,3813471a-12cb-433e-919d-bcbc2cf496ea
GTOP-BK021,WGS,DNBSEQ-T7,Gallbladder,bam,BK021-1856.hap2.bam,289189.8,df2befc7-4f28-4e39-b191-911501ba0089
GTOP-BK021,WGS,DNBSEQ-T7,Gallbladder,bam,BK021-1856.hap1.bam,288861.5,26af0802-65aa-49bc-a03c-479085251504
GTOP-BK021,WGS,DNBSEQ-T7,Liver,bam,BK021-1053.bam,486329,104a4a8b-7930-4eae-b77e-5cbd3715b774
GTOP-BK021,WGS,DNBSEQ-T7,Liver,bam,BK021-1053.hap1.bam,315258.7,fe7e8a65-7e0b-40ab-aec8-17779a060e8e
GTOP-BK021,WGS,DNBSEQ-T7,Liver,bam,BK021-1053.hap2.bam,315547.6,48c1c25c-55d5-4578-a895-8ac63d59bdae
GTOP-BK021,WGS,DNBSEQ-T7,Muscle,bam,BK021-0087.bam,549861.2,f93b9a1a-18aa-4ef8-8152-18bf3c76d110
GTOP-BK021,WGS,DNBSEQ-T7,Muscle,bam,BK021-0087.hap1.bam,280293.5,e8ce8ac9-d0e9-48f0-9f69-4ff0ab830937
GTOP-BK021,WGS,DNBSEQ-T7,Muscle,bam,BK021-0087.hap2.bam,280635.3,4d59861d-2354-44a8-80bf-3a902ce94644
GTOP-BK021,WGS,DNBSEQ-T7,Pancreas_Head,bam,BK021-1108.bam,516339.3,f5e05f2a-6bea-4b11-8b04-44d6cc41ae5b
GTOP-BK021,WGS,DNBSEQ-T7,Pancreas_Head,bam,BK021-1108.hap2.bam,348882.1,58f95e33-c821-486c-9cc5-607da0b77c78
GTOP-BK021,WGS,DNBSEQ-T7,Pancreas_Head,bam,BK021-1108.hap1.bam,348566.1,de604a81-4a46-42ef-83e3-bc5ed0bffb61
GTOP-BK021,WGS,DNBSEQ-T7,Skin,bam,BK021-0262.bam,475006.3,764a0df4-7f06-4aec-8340-6653d687f79b
GTOP-BK021,WGS,DNBSEQ-T7,Skin,bam,BK021-0262.hap2.bam,361512.2,13003362-6bd3-42e3-a6ec-11979ba32db3
GTOP-BK021,WGS,DNBSEQ-T7,Skin,bam,BK021-0262.hap1.bam,361238.8,cfffdd9a-c91c-4a59-8571-87108967282c
GTOP-BK021,WGS,DNBSEQ-T7,Whole_Blood,bam,BK021-0378.bam,557739.3,aa7018e4-b761-47ba-a67c-22b7dbde2004
GTOP-BK021,WGS,DNBSEQ-T7,Whole_Blood,bam,BK021-0378.hap2.bam,468390.6,00ea2986-2d86-4801-a8f0-118d9501be9e
GTOP-BK021,WGS,DNBSEQ-T7,Whole_Blood,bam,BK021-0378.hap1.bam,468068.2,8c0f2a42-0b80-48a2-88fd-e6be7502bdd0
GTOP-BK021,WGS,PacBio HiFi,Whole_Blood,fasta,BK021-DMSO.hap1.corrected.fa,2941.3,151a135f-c083-4bb3-af77-828edc11b6fc
GTOP-BK021,WGS,PacBio HiFi,Whole_Blood,fasta,BK021-DMSO.hap2.corrected.fa,2915.8,8689e72d-f354-4198-ba81-5ccc0b688c36
GTOP-BK021,WGS,PacBio HiFi,Whole_Blood,chain,BK021-DMSO.hap1Tohap2.liftover.chain,5.4,5feaf53b-8288-44a2-b2ee-34806e81c136
GTOP-BK021,WGS,PacBio HiFi,Whole_Blood,chain,BK021-DMSO.hap2Tohap1.liftover.chain,5.4,53ed4b36-1d0e-4057-b919-75a192ee3308
GTOP-BK021,WGS,PacBio HiFi,Whole_Blood,chain,BK021-DMSO.hap1.hg38ToDSA.liftover.chain,6.8,241f6a8b-a3e5-4039-907a-163443217a83
GTOP-BK021,WGS,PacBio HiFi,Whole_Blood,chain,BK021-DMSO.hap2.hg38ToDSA.liftover.chain,6.7,f8a4d4a7-971f-4d72-97e9-7069df54562f
GTOP-BK021,WGS,PacBio HiFi,Whole_Blood,chain,BK021-DMSO.hap1.DSATohg38.liftover.chain,7,81ea0f53-e5ca-45fa-afb9-037996dccdbb
GTOP-BK021,WGS,PacBio HiFi,Whole_Blood,chain,BK021-DMSO.hap2.DSATohg38.liftover.chain,6.9,bdadc390-071a-4250-8109-e26d134dbf01
GTOP-BK071,WGS,DNBSEQ-T7,Adrenal_Gland,fastq,BK071-2099_1.fq.gz,220794.5,e67d7f9f-e1a8-48ed-9a60-2dc0526144ca
GTOP-BK071,WGS,DNBSEQ-T7,Adrenal_Gland,fastq,BK071-2099_2.fq.gz,225380.6,9a40eb8a-378b-43e2-ba9e-2e4405dc4ef1
GTOP-BK071,WGS,DNBSEQ-T7,Common_Iliac_Artery,fastq,BK071-4150_1.fq.gz,228139,f42ae653-6cc8-4686-aa5c-c08a6b06b43e
GTOP-BK071,WGS,DNBSEQ-T7,Common_Iliac_Artery,fastq,BK071-4150_2.fq.gz,212938.2,97191e96-3b5d-4117-8e41-948bfb898116
GTOP-BK071,WGS,DNBSEQ-T7,Gallbladder,fastq,BK071-1856_1.fq.gz,230648.8,0bc36435-647c-45b5-bfe4-c2bc092ecf3c
GTOP-BK071,WGS,DNBSEQ-T7,Gallbladder,fastq,BK071-1856_2.fq.gz,225554.8,49c8a199-d46c-4038-884a-97ce2d88aac7
GTOP-BK071,WGS,DNBSEQ-T7,Liver,fastq,BK071-1053_1.fq.gz,263608.2,f7eb77f0-780a-4747-954a-cafa966279d4
GTOP-BK071,WGS,DNBSEQ-T7,Liver,fastq,BK071-1053_2.fq.gz,273332.8,7ef4c895-2b0a-43e4-b583-a8c2987c4774
GTOP-BK071,WGS,DNBSEQ-T7,Muscle,fastq,BK071-0087_1.fq.gz,248258.8,91a702bc-d5ef-4eee-aa8c-b2f351b5f7da
GTOP-BK071,WGS,DNBSEQ-T7,Muscle,fastq,BK071-0087_2.fq.gz,246776.8,cc661af1-a5d3-4fc1-918f-ed436bee81fc
GTOP-BK071,WGS,DNBSEQ-T7,Pancreas_Head,fastq,BK071-1108_1.fq.gz,270466.5,b052541c-a3a7-4506-8759-0e54619d928a
GTOP-BK071,WGS,DNBSEQ-T7,Pancreas_Head,fastq,BK071-1108_2.fq.gz,279120.3,07c6ee3a-c73e-4bce-980d-e42899441dee
GTOP-BK071,WGS,DNBSEQ-T7,Skin,fastq,BK071-0262_1.fq.gz,241612.4,5b19223f-b378-4a2b-ba55-c14797aa5bf6
GTOP-BK071,WGS,DNBSEQ-T7,Skin,fastq,BK071-0262_2.fq.gz,235130.7,f350cdcf-4300-4a74-8fb4-db9ca6c58d5e
GTOP-BK071,WGS,DNBSEQ-T7,Whole_Blood,fastq,BK071-0378_1.fq.gz,317466.8,cd46e7d3-af87-4948-a282-8041cb7916b3
GTOP-BK071,WGS,DNBSEQ-T7,Whole_Blood,fastq,BK071-0378_2.fq.gz,314442.6,0e9d2075-b42e-420f-9866-007243d21517
GTOP-BK071,WGS,DNBSEQ-T7,Adrenal_Gland,bam,BK071-2099.bam,396179.5,b32611d8-ca1f-4f38-a2d1-9d55fe828f5b
GTOP-BK071,WGS,DNBSEQ-T7,Adrenal_Gland,bam,BK071-2099.hap1.bam,279903.2,17676a58-1390-42d6-a602-32148ea979b1
GTOP-BK071,WGS,DNBSEQ-T7,Adrenal_Gland,bam,BK071-2099.hap2.bam,279612.5,fb1ce9b7-16da-4bf4-b4fb-88253d9ef0ea
GTOP-BK071,WGS,DNBSEQ-T7,Common_Iliac_Artery,bam,BK071-4150.bam,522595.4,cd0be1e5-5506-4c99-94e7-fecb10d5ab60
GTOP-BK071,WGS,DNBSEQ-T7,Common_Iliac_Artery,bam,BK071-4150.hap1.bam,223671,b1943950-0a4f-439b-804b-a483f6941495
GTOP-BK071,WGS,DNBSEQ-T7,Common_Iliac_Artery,bam,BK071-4150.hap2.bam,223384.7,646a5106-9d5e-476e-a957-4a222ddcba1e
GTOP-BK071,WGS,DNBSEQ-T7,Gallbladder,bam,BK071-1856.bam,405943.3,6f954d19-61b0-4fbf-a077-5b6ca55aa947
GTOP-BK071,WGS,DNBSEQ-T7,Gallbladder,bam,BK071-1856.hap1.bam,238537.9,46381141-28ce-4ea5-a83f-29e2cb8199ba
GTOP-BK071,WGS,DNBSEQ-T7,Gallbladder,bam,BK071-1856.hap2.bam,238210.2,1026bfb4-68c3-492d-ae91-a6a4caaba874
GTOP-BK071,WGS,DNBSEQ-T7,Liver,bam,BK071-1053.bam,465355.1,5c08880a-b96f-4ec2-9327-b6ae1929559a
GTOP-BK071,WGS,DNBSEQ-T7,Liver,bam,BK071-1053.hap2.bam,323530.1,c7406bd3-cd62-49af-80a9-9452ed70e3db
GTOP-BK071,WGS,DNBSEQ-T7,Liver,bam,BK071-1053.hap1.bam,323906.8,acffbbf0-505b-4644-bb09-a91fb381ad03
GTOP-BK071,WGS,DNBSEQ-T7,Muscle,bam,BK071-0087.bam,497734.6,9b1b781d-f93b-4ee9-8480-85d20bdfd118
GTOP-BK071,WGS,DNBSEQ-T7,Muscle,bam,BK071-0087.hap2.bam,272136.8,05af8c5d-3fa2-4a34-99ea-ea970f51a3b3
GTOP-BK071,WGS,DNBSEQ-T7,Muscle,bam,BK071-0087.hap1.bam,272481.1,d0a36af8-030a-45aa-ba65-38dcccb9aa44
GTOP-BK071,WGS,DNBSEQ-T7,Pancreas_Head,bam,BK071-1108.bam,495204.4,cd1ccc3e-0fe7-47bf-8da8-20ba81c0d431
GTOP-BK071,WGS,DNBSEQ-T7,Pancreas_Head,bam,BK071-1108.hap1.bam,329775.8,25377e13-97ff-4fbb-b76f-6bdf84519c19
GTOP-BK071,WGS,DNBSEQ-T7,Pancreas_Head,bam,BK071-1108.hap2.bam,329394.8,171ae217-d7de-410c-883a-6b36ff90a149
GTOP-BK071,WGS,DNBSEQ-T7,Skin,bam,BK071-0262.bam,461731.8,df3f16c0-0ee0-4ea4-8dc7-f6a442c8c12c
GTOP-BK071,WGS,DNBSEQ-T7,Skin,bam,BK071-0262.hap1.bam,273276.3,b9104f4c-a705-47e5-8631-f628359ea76f
GTOP-BK071,WGS,DNBSEQ-T7,Skin,bam,BK071-0262.hap2.bam,272939.3,10c3b2f5-67ba-497c-8802-ccf8fad61d8e
GTOP-BK071,WGS,DNBSEQ-T7,Whole_Blood,bam,BK071-0378.bam,553016.1,e5665b47-711c-4f23-b8bd-eb0373e27d15
GTOP-BK071,WGS,DNBSEQ-T7,Whole_Blood,bam,BK071-0378.hap1.bam,384179.1,6ea9baca-9fca-4cc9-ad45-8a27873367ab
GTOP-BK071,WGS,DNBSEQ-T7,Whole_Blood,bam,BK071-0378.hap2.bam,383737.7,f5b402a4-bc7a-4ff8-b8b9-eaf2d7712672
GTOP-BK071,WGS,PacBio HiFi,Whole_Blood,fasta,BK071-DMSO.hap2.corrected.fa,2915.5,e51dcd6d-fe3f-4ea2-b333-fcde43e677b8
GTOP-BK071,WGS,PacBio HiFi,Whole_Blood,fasta,BK071-DMSO.hap1.corrected.fa,2904.3,a6b9ed80-39a6-43bd-a425-9a56f434dea6
GTOP-BK071,WGS,PacBio HiFi,Whole_Blood,chain,BK071-DMSO.hap1Tohap2.liftover.chain,5.4,f3b3e613-3075-44d4-927f-a387c0c0dd67
GTOP-BK071,WGS,PacBio HiFi,Whole_Blood,chain,BK071-DMSO.hap2Tohap1.liftover.chain,5.5,69b9122d-ec51-4643-88e3-4fa69aeb4045
GTOP-BK071,WGS,PacBio HiFi,Whole_Blood,chain,BK071-DMSO.hap1.hg38ToDSA.liftover.chain,6.7,9ca29157-10c1-4868-b31d-a6500c745809
GTOP-BK071,WGS,PacBio HiFi,Whole_Blood,chain,BK071-DMSO.hap2.hg38ToDSA.liftover.chain,6.8,83ec4805-fe48-43ef-a381-b908f6ea3fce
GTOP-BK071,WGS,PacBio HiFi,Whole_Blood,chain,BK071-DMSO.hap1.DSATohg38.liftover.chain,6.9,19dba172-3ad2-44d2-ae5f-1ef8575ad15a
GTOP-BK071,WGS,PacBio HiFi,Whole_Blood,chain,BK071-DMSO.hap2.DSATohg38.liftover.chain,7,7b3f1443-a8a9-49a2-b528-8f5fe9afc976
GTOP-BK161,WGS,DNBSEQ-T7,Liver,fastq,BK161-1053_1.fq.gz,266502.3,08e048c8-d627-413c-8f34-d80670a0c522
GTOP-BK161,WGS,DNBSEQ-T7,Liver,fastq,BK161-1053_2.fq.gz,274978.3,41dee044-3f1c-4d10-922b-cfcd2ea2b8ac
GTOP-BK161,WGS,DNBSEQ-T7,Whole_Blood,fastq,BK161-0378_1.fq.gz,259415.5,1b28cd4a-6ecb-43ea-b68b-eb8973dd090b
GTOP-BK161,WGS,DNBSEQ-T7,Whole_Blood,fastq,BK161-0378_2.fq.gz,257469.9,146119dd-e769-49bc-82bc-f458151affad
GTOP-BK161,WGS,DNBSEQ-T7,Liver,bam,BK161-1053.bam,510595,46494740-6439-46dd-98d0-cd4f36cbffe1
GTOP-BK161,WGS,DNBSEQ-T7,Liver,bam,BK161-1053.hap2.bam,332263.1,ee113c92-432f-46c6-a9aa-67d50c3ee2ca
GTOP-BK161,WGS,DNBSEQ-T7,Liver,bam,BK161-1053.hap1.bam,333021,7a71e54e-7ad8-430b-b439-0852e7f44c96
GTOP-BK161,WGS,DNBSEQ-T7,Whole_Blood,bam,BK161-0378.bam,528294,53e99007-9443-4341-b8f4-5a07c6ed1d62
GTOP-BK161,WGS,DNBSEQ-T7,Whole_Blood,bam,BK161-0378.hap1.bam,339255.3,64f8f248-5db2-40e1-8209-33683fbd71c7
GTOP-BK161,WGS,DNBSEQ-T7,Whole_Blood,bam,BK161-0378.hap2.bam,338596.8,e9afcb2e-58a6-437c-b5de-a369091f8bf2
GTOP-BK161,WGS,PacBio HiFi,Whole_Blood,fasta,BK161-DMSO.hap2.corrected.fa,2862.8,123a6772-9bd0-416b-8f03-06e85d71e669
GTOP-BK161,WGS,PacBio HiFi,Whole_Blood,fasta,BK161-DMSO.hap1.corrected.fa,2924.3,7718bca3-802b-431a-a4f7-f9148e4f303a
GTOP-BK161,WGS,PacBio HiFi,Whole_Blood,chain,BK161-DMSO.hap1Tohap2.liftover.chain,5.3,24ff0681-2d25-4030-bcae-3d8429edb826
GTOP-BK161,WGS,PacBio HiFi,Whole_Blood,chain,BK161-DMSO.hap2Tohap1.liftover.chain,5.3,255b2a29-22be-453a-95f4-7c5f95db11ea
GTOP-BK161,WGS,PacBio HiFi,Whole_Blood,chain,BK161-DMSO.hap1.hg38ToDSA.liftover.chain,6.6,456bf83c-b66e-4721-8efc-d368c3c08811
GTOP-BK161,WGS,PacBio HiFi,Whole_Blood,chain,BK161-DMSO.hap2.hg38ToDSA.liftover.chain,6.7,23691fa8-3c51-4cc4-acf1-3a5bb4ee4294
GTOP-BK161,WGS,PacBio HiFi,Whole_Blood,chain,BK161-DMSO.hap1.DSATohg38.liftover.chain,6.9,225d88a3-f84c-4716-826f-40034d9d8e9b
GTOP-BK161,WGS,PacBio HiFi,Whole_Blood,chain,BK161-DMSO.hap2.DSATohg38.liftover.chain,6.9,a2958e06-3625-44bd-8ecf-e82c474f07a2
GTOP-BK191,WGS,DNBSEQ-T7,Muscle,fastq,BK191-0087_1.fq.gz,259143.1,c067b2db-cd6a-4d4e-a13b-972d55d22867
GTOP-BK191,WGS,DNBSEQ-T7,Muscle,fastq,BK191-0087_2.fq.gz,254305.8,31d33dc7-1828-4682-8c96-edfa75d538c6
GTOP-BK191,WGS,DNBSEQ-T7,Pancreas_Head,fastq,BK191-1108_1.fq.gz,272953.5,270567ba-a34e-41d3-97bd-90f1f627acc5
GTOP-BK191,WGS,DNBSEQ-T7,Pancreas_Head,fastq,BK191-1108_2.fq.gz,278635.7,cb101226-9b8d-4935-9e8e-cc31dbd97862
GTOP-BK191,WGS,DNBSEQ-T7,Skin,fastq,BK191-0262_1.fq.gz,225366.9,d953e7e4-bdef-41fd-bf6f-ec3062e9b5cc
GTOP-BK191,WGS,DNBSEQ-T7,Skin,fastq,BK191-0262_2.fq.gz,220188.7,e95475b5-cc99-45dd-adb4-033c5e0e11a7
GTOP-BK191,WGS,DNBSEQ-T7,Whole_Blood,fastq,BK191-0378_1.fq.gz,391325.8,101b1316-f927-4c42-a3d4-d6da7a3eb73c
GTOP-BK191,WGS,DNBSEQ-T7,Whole_Blood,fastq,BK191-0378_2.fq.gz,389360.2,56549af9-7780-421b-aa20-7a229e71a326
GTOP-BK191,WGS,DNBSEQ-T7,Muscle,bam,BK191-0087.bam,515872.4,c6a34196-992e-4b87-b3fd-bf7a2b1319c2
GTOP-BK191,WGS,DNBSEQ-T7,Muscle,bam,BK191-0087.hap1.bam,284887.6,df3c7d2b-2c92-49e0-9b12-483649c18458
GTOP-BK191,WGS,DNBSEQ-T7,Muscle,bam,BK191-0087.hap2.bam,284935.6,32326a15-e163-4f68-bcbe-43b1f991a104
GTOP-BK191,WGS,DNBSEQ-T7,Pancreas_Head,bam,BK191-1108.bam,482400.9,ae04c376-4f3f-4f41-baac-052f9b58174a
GTOP-BK191,WGS,DNBSEQ-T7,Pancreas_Head,bam,BK191-1108.hap2.bam,330011.9,0ba2db16-8202-405c-a156-56d84c9319b4
GTOP-BK191,WGS,DNBSEQ-T7,Pancreas_Head,bam,BK191-1108.hap1.bam,329980.6,95bda057-f365-4d8b-9e75-2c81a953be91
GTOP-BK191,WGS,DNBSEQ-T7,Skin,bam,BK191-0262.bam,455470.8,38559b86-573f-4dfb-bbf1-eb37f52eaebe
GTOP-BK191,WGS,DNBSEQ-T7,Skin,bam,BK191-0262.hap2.bam,245830,dcde59ab-33c8-4ba9-a82a-17000ec1be8e
GTOP-BK191,WGS,DNBSEQ-T7,Skin,bam,BK191-0262.hap1.bam,245779.5,77ac64e8-e365-4cc1-87d9-13687de960ab
GTOP-BK191,WGS,DNBSEQ-T7,Whole_Blood,bam,BK191-0378.bam,640388.8,a78f11cb-1808-4a33-9bc7-043ab9b4293a
GTOP-BK191,WGS,DNBSEQ-T7,Whole_Blood,bam,BK191-0378.hap2.bam,489326.1,4552b03f-ba19-47a7-a3c3-19f48e9abe37
GTOP-BK191,WGS,DNBSEQ-T7,Whole_Blood,bam,BK191-0378.hap1.bam,489282.7,5e0d8653-acbe-4ede-92f6-4b6a107fd267
GTOP-BK191,WGS,PacBio HiFi,Whole_Blood,fasta,BK191-DMSO.hap1.corrected.fa,2918.1,d58707d7-cfde-46c8-b570-c728847b92fd
GTOP-BK191,WGS,PacBio HiFi,Whole_Blood,fasta,BK191-DMSO.hap2.corrected.fa,2904.2,8ba4832a-dcfd-431c-a72d-b60eef9e1925
GTOP-BK191,WGS,PacBio HiFi,Whole_Blood,chain,BK191-DMSO.hap1Tohap2.liftover.chain,5.3,2df02129-4dd7-40cf-bdd6-e91310c0ac3e
GTOP-BK191,WGS,PacBio HiFi,Whole_Blood,chain,BK191-DMSO.hap2Tohap1.liftover.chain,5.4,a7914817-3cdb-4b5d-95c4-f4768deb279b
GTOP-BK191,WGS,PacBio HiFi,Whole_Blood,chain,BK191-DMSO.hap1.hg38ToDSA.liftover.chain,6.7,447d6fbe-1198-4479-93e9-3ebaf78319a1
GTOP-BK191,WGS,PacBio HiFi,Whole_Blood,chain,BK191-DMSO.hap2.hg38ToDSA.liftover.chain,6.8,903213fa-abbd-4f09-baed-b38ade4ddc43
GTOP-BK191,WGS,PacBio HiFi,Whole_Blood,chain,BK191-DMSO.hap1.DSATohg38.liftover.chain,7,98fd7dce-a184-47b6-8603-0be77fc70123
GTOP-BK191,WGS,PacBio HiFi,Whole_Blood,chain,BK191-DMSO.hap2.DSATohg38.liftover.chain,7,5a87a80a-342d-4beb-be53-a0bea33fc418
GTOP-BK251,WGS,DNBSEQ-T7,Adrenal_Gland,fastq,BK251-2099_1.fq.gz,308286.9,ce0b31bb-0b2c-46ad-b0e2-eef6f2f06c35
GTOP-BK251,WGS,DNBSEQ-T7,Adrenal_Gland,fastq,BK251-2099_2.fq.gz,312121.8,64fdcf8d-84fb-494b-abfd-c3aabbec2aaf
GTOP-BK251,WGS,DNBSEQ-T7,Liver,fastq,BK251-1053_1.fq.gz,284206,4403c301-eb3c-41cb-9b12-f51810dc5578
GTOP-BK251,WGS,DNBSEQ-T7,Liver,fastq,BK251-1053_2.fq.gz,287532.4,975202a9-cb22-4b53-8ebf-9df9b6efebc6
GTOP-BK251,WGS,DNBSEQ-T7,Pancreas_Head,fastq,BK251-1108_1.fq.gz,291214,fad12c64-3d3c-427c-abf4-73b7479bc3d9
GTOP-BK251,WGS,DNBSEQ-T7,Pancreas_Head,fastq,BK251-1108_2.fq.gz,297193.1,1adb953b-350c-49b0-ba7c-bc8d8e7f2a1a
GTOP-BK251,WGS,DNBSEQ-T7,Whole_Blood,fastq,BK251-0378_1.fq.gz,359899.9,aacf6e28-8b5b-4971-90ae-b488bb93deff
GTOP-BK251,WGS,DNBSEQ-T7,Whole_Blood,fastq,BK251-0378_2.fq.gz,360315.5,582c28cc-3345-44f6-860d-3c775c4b9d9e
GTOP-BK251,WGS,DNBSEQ-T7,Adrenal_Gland,bam,BK251-2099.bam,570724.5,b55684dd-87cb-44e6-b30e-3473437d2fd7
GTOP-BK251,WGS,DNBSEQ-T7,Adrenal_Gland,bam,BK251-2099.hap1.bam,368002.4,8e55e064-3805-483d-aaa9-b74b543aa63a
GTOP-BK251,WGS,DNBSEQ-T7,Adrenal_Gland,bam,BK251-2099.hap2.bam,372635.4,09c12c38-763f-43ac-a843-430612ef7b32
GTOP-BK251,WGS,DNBSEQ-T7,Liver,bam,BK251-1053.bam,532502.7,bfe858ea-f3c6-42af-968b-269c9945a894
GTOP-BK251,WGS,DNBSEQ-T7,Liver,bam,BK251-1053.hap2.bam,359732.3,7dbb0209-507a-4031-a7b1-ea1f04fea466
GTOP-BK251,WGS,DNBSEQ-T7,Liver,bam,BK251-1053.hap1.bam,355655.3,050d8b6a-976b-4bf3-adde-5686ec7dd93a
GTOP-BK251,WGS,DNBSEQ-T7,Pancreas_Head,bam,BK251-1108.bam,542445.7,3c5685fe-b9d6-4aa5-aa0b-76b773f0106e
GTOP-BK251,WGS,DNBSEQ-T7,Pancreas_Head,bam,BK251-1108.hap1.bam,352401.8,e8161864-a289-4cfe-be4e-1915e9a81a3e
GTOP-BK251,WGS,DNBSEQ-T7,Pancreas_Head,bam,BK251-1108.hap2.bam,356575.7,40080cca-c2cb-4599-a0fd-feeb3928a6a1
GTOP-BK251,WGS,DNBSEQ-T7,Whole_Blood,bam,BK251-0378.bam,532551.3,b766128b-f395-43cb-9640-496b431a519c
GTOP-BK251,WGS,DNBSEQ-T7,Whole_Blood,bam,BK251-0378.hap1.bam,438412.6,884e9c3b-79ae-428a-a821-a6d4944f549d
GTOP-BK251,WGS,DNBSEQ-T7,Whole_Blood,bam,BK251-0378.hap2.bam,442829.1,a42e35b5-93a0-4b9a-8005-a0832c4ddcce
GTOP-BK251,WGS,PacBio HiFi,Whole_Blood,fasta,BK251-DMSO.hap2.corrected.fa,2816.4,f1e3f973-35e5-48b5-8189-fcf573fe97d7
GTOP-BK251,WGS,PacBio HiFi,Whole_Blood,fasta,BK251-DMSO.hap1.corrected.fa,2947.3,baa1889b-00c8-4e8d-9fdf-e64142878ed8
GTOP-BK251,WGS,PacBio HiFi,Whole_Blood,chain,BK251-DMSO.hap1Tohap2.liftover.chain,5.3,e3803f77-d560-4327-8a0e-59e0d0c0034f
GTOP-BK251,WGS,PacBio HiFi,Whole_Blood,chain,BK251-DMSO.hap2Tohap1.liftover.chain,5.4,2bd28d57-b3d4-49c8-889a-5b2b143e386e
GTOP-BK251,WGS,PacBio HiFi,Whole_Blood,chain,BK251-DMSO.hap1.hg38ToDSA.liftover.chain,6.7,8e6755db-9a6e-4c5f-ba5a-e9a052d8a366
GTOP-BK251,WGS,PacBio HiFi,Whole_Blood,chain,BK251-DMSO.hap2.hg38ToDSA.liftover.chain,6.5,54e70293-8cf6-42c0-9d83-1bc1ff6698d5
GTOP-BK251,WGS,PacBio HiFi,Whole_Blood,chain,BK251-DMSO.hap1.DSATohg38.liftover.chain,6.9,e6fa64cd-b83d-4b1d-b614-02ff12a90d62
GTOP-BK251,WGS,PacBio HiFi,Whole_Blood,chain,BK251-DMSO.hap2.DSATohg38.liftover.chain,6.8,1ea17d8a-2f50-4c08-81fb-ee0a9531f14c
GTOP-BK281,WGS,DNBSEQ-T7,Adrenal_Gland,fastq,BK281-2099_1.fq.gz,274916.9,2eec047a-eca3-4848-b2a8-71b1794a211d
GTOP-BK281,WGS,DNBSEQ-T7,Adrenal_Gland,fastq,BK281-2099_2.fq.gz,278592.3,576c4bb3-8e80-46fd-90ee-28316053c033
GTOP-BK281,WGS,DNBSEQ-T7,Gallbladder,fastq,BK281-1856_1.fq.gz,260651.9,52256803-3b4d-4541-ae8f-506b5831c93c
GTOP-BK281,WGS,DNBSEQ-T7,Gallbladder,fastq,BK281-1856_2.fq.gz,269174.6,38321f14-4e45-4aef-b6fe-f82cd07fd035
GTOP-BK281,WGS,DNBSEQ-T7,Heart_Right_Atrium,fastq,BK281-4018_1.fq.gz,279157.9,15c460b1-4bae-4a07-ad13-b76b8779f7a0
GTOP-BK281,WGS,DNBSEQ-T7,Heart_Right_Atrium,fastq,BK281-4018_2.fq.gz,274052.1,a051d082-6bb4-45cd-9de5-1a4dca0b1aaf
GTOP-BK281,WGS,DNBSEQ-T7,Liver,fastq,BK281-1053_1.fq.gz,283337.5,01737fa8-b1bf-4010-8baf-13e827041ad3
GTOP-BK281,WGS,DNBSEQ-T7,Liver,fastq,BK281-1053_2.fq.gz,292999.1,daf553fa-e425-468f-8350-29cf34a568ea
GTOP-BK281,WGS,DNBSEQ-T7,Muscle,fastq,BK281-0087_1.fq.gz,218217.2,89637dfc-e0c4-4920-b009-88010c2ccf7b
GTOP-BK281,WGS,DNBSEQ-T7,Muscle,fastq,BK281-0087_2.fq.gz,215720.8,e7a60d4c-2885-44d0-a6bc-7742b6e21f05
GTOP-BK281,WGS,DNBSEQ-T7,Pancreas_Head,fastq,BK281-1108_1.fq.gz,289904.7,6c808779-ebe9-4fd3-8e13-ae657bc4ab93
GTOP-BK281,WGS,DNBSEQ-T7,Pancreas_Head,fastq,BK281-1108_2.fq.gz,300473.6,00e9964c-c408-4300-bfa7-7d7346126330
GTOP-BK281,WGS,DNBSEQ-T7,Skin,fastq,BK281-0262_1.fq.gz,385332.3,517f4a96-5e6c-4429-b224-0ca9bba04d5f
GTOP-BK281,WGS,DNBSEQ-T7,Skin,fastq,BK281-0262_2.fq.gz,397374.3,bcd59cef-0f87-4aa4-8e82-b35778a1576c
GTOP-BK281,WGS,DNBSEQ-T7,Whole_Blood,fastq,BK281-0378_1.fq.gz,307488,0aca2d5f-bf40-4ab1-bccd-36f47ea9534c
GTOP-BK281,WGS,DNBSEQ-T7,Whole_Blood,fastq,BK281-0378_2.fq.gz,315568.8,bb5e0aed-4702-43f8-8c04-59ceccad8adc
GTOP-BK281,WGS,DNBSEQ-T7,Adrenal_Gland,bam,BK281-2099.bam,551383.1,8f321609-ee86-4040-95a5-29e5b7c3afdc
GTOP-BK281,WGS,DNBSEQ-T7,Adrenal_Gland,bam,BK281-2099.hap2.bam,345779.9,cc36a0be-5ff2-481a-960f-3124e948b59c
GTOP-BK281,WGS,DNBSEQ-T7,Adrenal_Gland,bam,BK281-2099.hap1.bam,342965.6,b87dbcec-7043-4784-a1eb-26e1349587ec
GTOP-BK281,WGS,DNBSEQ-T7,Gallbladder,bam,BK281-1856.bam,502592,33ac0927-0ca4-498d-aa20-d0d5e4a5904f
GTOP-BK281,WGS,DNBSEQ-T7,Gallbladder,bam,BK281-1856.hap2.bam,324913.8,fa2c5e93-9e07-4fd5-9aa2-4fbd696da545
GTOP-BK281,WGS,DNBSEQ-T7,Gallbladder,bam,BK281-1856.hap1.bam,322093,be35d419-fbb8-4343-a364-eb652274817a
GTOP-BK281,WGS,DNBSEQ-T7,Heart_Right_Atrium,bam,BK281-4018.bam,613757.2,f11a75a1-59ea-420b-8a2d-3ea6fc1a3c3f
GTOP-BK281,WGS,DNBSEQ-T7,Heart_Right_Atrium,bam,BK281-4018.hap1.bam,301641.1,a1ec0f6c-ef43-45e6-9051-4b33ed2a1969
GTOP-BK281,WGS,DNBSEQ-T7,Heart_Right_Atrium,bam,BK281-4018.hap2.bam,304531.2,c14c36ea-66b0-4dea-ba87-423b37ec179a
GTOP-BK281,WGS,DNBSEQ-T7,Liver,bam,BK281-1053.bam,510744.6,9c038aea-657f-4e7c-8c8f-89c8ce64f44f
GTOP-BK281,WGS,DNBSEQ-T7,Liver,bam,BK281-1053.hap1.bam,350846.9,79ad924b-c7f7-4851-a393-723089d2685c
GTOP-BK281,WGS,DNBSEQ-T7,Liver,bam,BK281-1053.hap2.bam,353995.1,e8402b13-b5a4-47d6-ad50-c5bd76121616
GTOP-BK281,WGS,DNBSEQ-T7,Muscle,bam,BK281-0087.bam,486431.9,0a913238-d2b1-4be4-8cf6-b6359a2d4b79
GTOP-BK281,WGS,DNBSEQ-T7,Muscle,bam,BK281-0087.hap1.bam,240635.9,93ebb05a-d241-43ce-862b-cb0ce97661d9
GTOP-BK281,WGS,DNBSEQ-T7,Muscle,bam,BK281-0087.hap2.bam,243026.8,83eec0b7-7153-44e9-9f61-ae03711f3351
GTOP-BK281,WGS,DNBSEQ-T7,Pancreas_Head,bam,BK281-1108.bam,542025.1,b0f78f58-ad44-431b-9bfa-35755b154296
GTOP-BK281,WGS,DNBSEQ-T7,Pancreas_Head,bam,BK281-1108.hap2.bam,356531.5,afec47d3-ac02-48c2-b55f-31a0385c26b8
GTOP-BK281,WGS,DNBSEQ-T7,Pancreas_Head,bam,BK281-1108.hap1.bam,353430.6,3ab02b0c-d14f-4ecf-a90c-6ba9f658971e
GTOP-BK281,WGS,DNBSEQ-T7,Skin,bam,BK281-0262.bam,628123.2,323e1302-37af-42af-8f22-3e82629c3a56
GTOP-BK281,WGS,DNBSEQ-T7,Skin,bam,BK281-0262.hap2.bam,492935.4,a468f144-22cd-4634-85a4-28e5475c7580
GTOP-BK281,WGS,DNBSEQ-T7,Skin,bam,BK281-0262.hap1.bam,489183,837b1fff-2504-456a-8cbe-71e5ce9af6f1
GTOP-BK281,WGS,DNBSEQ-T7,Whole_Blood,bam,BK281-0378.bam,546381,a765ffd5-e626-417f-be92-f8b1891481ea
GTOP-BK281,WGS,DNBSEQ-T7,Whole_Blood,bam,BK281-0378.hap2.bam,370823.4,98e39207-7426-49f9-9ac8-2ca6cf59a2ab
GTOP-BK281,WGS,DNBSEQ-T7,Whole_Blood,bam,BK281-0378.hap1.bam,367597,05dd5e6a-8ac7-4a39-b604-53a56f281f05
GTOP-BK281,WGS,PacBio HiFi,Whole_Blood,fasta,BK281-DMSO.hap1.corrected.fa,2934,5e489eff-ac31-4932-92c1-4d5e76a8b24d
GTOP-BK281,WGS,PacBio HiFi,Whole_Blood,fasta,BK281-DMSO.hap2.corrected.fa,2841.1,26cb3d8e-7925-4433-932d-1bdd4e75a320
GTOP-BK281,WGS,PacBio HiFi,Whole_Blood,chain,BK281-DMSO.hap1Tohap2.liftover.chain,5.5,85d37d9b-811e-4150-b80b-ee1892ecbdd8
GTOP-BK281,WGS,PacBio HiFi,Whole_Blood,chain,BK281-DMSO.hap2Tohap1.liftover.chain,5.5,07e19e73-28f2-41ba-902e-bdbbc373c8ae
GTOP-BK281,WGS,PacBio HiFi,Whole_Blood,chain,BK281-DMSO.hap1.hg38ToDSA.liftover.chain,6.7,209ee096-38e4-42af-8d99-d2ba1cbac563
GTOP-BK281,WGS,PacBio HiFi,Whole_Blood,chain,BK281-DMSO.hap2.hg38ToDSA.liftover.chain,6.5,0fa48091-1138-48ce-a9f8-b5b8bd416c32
GTOP-BK281,WGS,PacBio HiFi,Whole_Blood,chain,BK281-DMSO.hap1.DSATohg38.liftover.chain,6.9,6b5fe48d-7f44-4dd1-8dbe-64594237c6fa
GTOP-BK281,WGS,PacBio HiFi,Whole_Blood,chain,BK281-DMSO.hap2.DSATohg38.liftover.chain,6.8,67075b6d-ed41-465a-b078-4affb4c2ad1e
GTOP-BL021,WGS,DNBSEQ-T7,Gallbladder,fastq,BL021-1856_1.fq.gz,235599.6,e9a2b29d-8aa1-4000-b4df-6cedfffa7f13
GTOP-BL021,WGS,DNBSEQ-T7,Gallbladder,fastq,BL021-1856_2.fq.gz,231687.3,d01f8152-4a6b-433b-bcd7-33f0b76cf07e
GTOP-BL021,WGS,DNBSEQ-T7,Lung_Apex,fastq,BL021-5156_1.fq.gz,233037.8,deab6d0c-8536-4137-a18b-faab8690ac5c
GTOP-BL021,WGS,DNBSEQ-T7,Lung_Apex,fastq,BL021-5156_2.fq.gz,217951.9,48f31944-c127-4870-85da-5a0828d3b2b8
GTOP-BL021,WGS,DNBSEQ-T7,Lung_Base,fastq,BL021-5032_1.fq.gz,233367.3,d89ffffa-b289-438f-8882-d434600dd399
GTOP-BL021,WGS,DNBSEQ-T7,Lung_Base,fastq,BL021-5032_2.fq.gz,211028.1,15661c10-c35c-4dec-80e8-c4c8bb8fb6d3
GTOP-BL021,WGS,DNBSEQ-T7,Muscle,fastq,BL021-0087_1.fq.gz,230120,83408e3e-a90f-444b-8dfa-a6b173419f99
GTOP-BL021,WGS,DNBSEQ-T7,Muscle,fastq,BL021-0087_2.fq.gz,226206.4,4f8269f8-5e13-471e-97ef-eb65ab99090b
GTOP-BL021,WGS,DNBSEQ-T7,Pancreas_Head,fastq,BL021-1108_1.fq.gz,257323.7,f559468e-f946-4385-be54-584b22bbf290
GTOP-BL021,WGS,DNBSEQ-T7,Pancreas_Head,fastq,BL021-1108_2.fq.gz,267707.6,d16cdc70-bb6c-4b47-af92-4162edb7f92a
GTOP-BL021,WGS,DNBSEQ-T7,Whole_Blood,fastq,BL021-0378_1.fq.gz,466288.2,78d88554-a00c-4a9f-8816-1099b3e46fd6
GTOP-BL021,WGS,DNBSEQ-T7,Whole_Blood,fastq,BL021-0378_2.fq.gz,463598.7,376708b8-a096-4c69-b160-a00ed47f1894
GTOP-BL021,WGS,DNBSEQ-T7,Gallbladder,bam,BL021-1856.bam,478012.1,54c52752-d80c-4f23-b10e-8c0ccd9639bd
GTOP-BL021,WGS,DNBSEQ-T7,Gallbladder,bam,BL021-1856.hap1.bam,267704.1,26dbd48d-c39f-4243-a88c-bb72eec1090e
GTOP-BL021,WGS,DNBSEQ-T7,Gallbladder,bam,BL021-1856.hap2.bam,267937.9,c85a8cc6-c8a0-4679-97c4-67edb5e40807
GTOP-BL021,WGS,DNBSEQ-T7,Lung_Apex,bam,BL021-5156.bam,537510.7,8964f72a-b96b-405f-a9f1-25963d165dae
GTOP-BL021,WGS,DNBSEQ-T7,Lung_Apex,bam,BL021-5156.hap2.bam,229925.5,2bf02d5b-6ef8-4fbe-ae0e-7d56df05f4d4
GTOP-BL021,WGS,DNBSEQ-T7,Lung_Apex,bam,BL021-5156.hap1.bam,229690.6,118b2e04-2cf3-4476-94bc-ce928605e87a
GTOP-BL021,WGS,DNBSEQ-T7,Lung_Base,bam,BL021-5032.bam,506036.7,4c0de7e1-f1ab-4459-8ca3-5b8ac86ede2c
GTOP-BL021,WGS,DNBSEQ-T7,Lung_Base,bam,BL021-5032.hap1.bam,217598.1,b73ee0a1-9c72-4ff8-8325-5e18ba7286d9
GTOP-BL021,WGS,DNBSEQ-T7,Lung_Base,bam,BL021-5032.hap2.bam,217839.4,23183f9e-a06d-448a-8444-e5cf65829f36
GTOP-BL021,WGS,DNBSEQ-T7,Muscle,bam,BL021-0087.bam,476634,a457e54a-b3e8-4325-b6ef-d34bf3490521
GTOP-BL021,WGS,DNBSEQ-T7,Muscle,bam,BL021-0087.hap2.bam,246788,c5d41bca-a2aa-4b85-8652-e1c913a5247f
GTOP-BL021,WGS,DNBSEQ-T7,Muscle,bam,BL021-0087.hap1.bam,246686.4,d2e9bee1-ce21-494b-a7c7-4f70aa614f40
GTOP-BL021,WGS,DNBSEQ-T7,Pancreas_Head,bam,BL021-1108.bam,503233.6,959cec69-2e8d-47c7-9bd8-6a955a592075
GTOP-BL021,WGS,DNBSEQ-T7,Pancreas_Head,bam,BL021-1108.hap1.bam,319136.5,1c8fc438-9217-4f18-b7a5-8ff98d4f8e2b
GTOP-BL021,WGS,DNBSEQ-T7,Pancreas_Head,bam,BL021-1108.hap2.bam,319325,5a26d2cb-4972-4e63-9f82-b302ad8b5341
GTOP-BL021,WGS,DNBSEQ-T7,Whole_Blood,bam,BL021-0378.bam,656205.1,5eab106f-0874-4457-9495-bff97a3aa4a3
GTOP-BL021,WGS,DNBSEQ-T7,Whole_Blood,bam,BL021-0378.hap1.bam,546535.9,5366d829-b4df-4745-8f71-f22cb4e55cda
GTOP-BL021,WGS,DNBSEQ-T7,Whole_Blood,bam,BL021-0378.hap2.bam,546933,d650a6fb-8a16-4d01-9853-bb10d8e6e759
GTOP-BL021,WGS,PacBio HiFi,Whole_Blood,fasta,BL021-DMSO.hap2.corrected.fa,2895.5,404d4723-e372-4278-bdaa-4b6a80c70098
GTOP-BL021,WGS,PacBio HiFi,Whole_Blood,fasta,BL021-DMSO.hap1.corrected.fa,2934,831e52fc-851c-454e-ae7f-d7e929191dbc
GTOP-BL021,WGS,PacBio HiFi,Whole_Blood,chain,BL021-DMSO.hap1Tohap2.liftover.chain,5.4,434d082c-918e-49d9-bed5-e4fb03a3ec77
GTOP-BL021,WGS,PacBio HiFi,Whole_Blood,chain,BL021-DMSO.hap2Tohap1.liftover.chain,5.4,9a002c78-184c-41ee-8cff-f1ae775b33ad
GTOP-BL021,WGS,PacBio HiFi,Whole_Blood,chain,BL021-DMSO.hap1.hg38ToDSA.liftover.chain,6.8,f6567622-eac8-4364-9e70-02dbecbd239f
GTOP-BL021,WGS,PacBio HiFi,Whole_Blood,chain,BL021-DMSO.hap2.hg38ToDSA.liftover.chain,6.7,29c739f8-b4d6-4077-8015-7cfcca2b3bcc
GTOP-BL021,WGS,PacBio HiFi,Whole_Blood,chain,BL021-DMSO.hap1.DSATohg38.liftover.chain,7,f0c0ab1b-a195-4549-ba47-ea6dca59148f
GTOP-BL021,WGS,PacBio HiFi,Whole_Blood,chain,BL021-DMSO.hap2.DSATohg38.liftover.chain,6.9,50927d47-ab90-40ce-b00b-3bac6365cfac
GTOP-BL091,WGS,DNBSEQ-T7,Adrenal_Gland,fastq,BL091-2099_1.fq.gz,316573.2,d335140f-e958-4ceb-a23b-ab35f789227f
GTOP-BL091,WGS,DNBSEQ-T7,Adrenal_Gland,fastq,BL091-2099_2.fq.gz,322902.6,066481cf-b49c-4168-a113-ec8fa844f822
GTOP-BL091,WGS,DNBSEQ-T7,Gallbladder,fastq,BL091-1856_1.fq.gz,241747.4,04a43402-2d9b-4c58-8f01-721d16db8c03
GTOP-BL091,WGS,DNBSEQ-T7,Gallbladder,fastq,BL091-1856_2.fq.gz,233663.8,337a4450-2254-4acf-8d71-f1bf043bfcdb
GTOP-BL091,WGS,DNBSEQ-T7,Liver,fastq,BL091-1053_1.fq.gz,282028.4,210b9202-e1a5-4fb2-8ab0-b8b613d6359f
GTOP-BL091,WGS,DNBSEQ-T7,Liver,fastq,BL091-1053_2.fq.gz,284738.6,0386dade-a3e2-4700-83f4-293684081683
GTOP-BL091,WGS,DNBSEQ-T7,Muscle,fastq,BL091-0087_1.fq.gz,292694.8,9c6ef084-7c90-464d-a15c-44fe1584d49b
GTOP-BL091,WGS,DNBSEQ-T7,Muscle,fastq,BL091-0087_2.fq.gz,285209,dcbc625f-2e7e-4534-8996-d42cb661377e
GTOP-BL091,WGS,DNBSEQ-T7,Pancreas_Head,fastq,BL091-1108_1.fq.gz,315974.6,00315675-b0bf-4884-84bf-bb2846c67635
GTOP-BL091,WGS,DNBSEQ-T7,Pancreas_Head,fastq,BL091-1108_2.fq.gz,325843.8,c7b73056-28b7-4429-abb3-ad2febaadbfc
GTOP-BL091,WGS,DNBSEQ-T7,Skin,fastq,BL091-0262_1.fq.gz,283411.6,f5a56ac9-433a-4737-8823-b7fd174ca990
GTOP-BL091,WGS,DNBSEQ-T7,Skin,fastq,BL091-0262_2.fq.gz,295747.6,699eef0e-e45a-4095-ae22-c885865d0c6d
GTOP-BL091,WGS,DNBSEQ-T7,Whole_Blood,fastq,BL091-0378_1.fq.gz,323292.1,f94c368c-31b3-4e2d-b268-c92945e1e55f
GTOP-BL091,WGS,DNBSEQ-T7,Whole_Blood,fastq,BL091-0378_2.fq.gz,342089.8,a268805e-45a2-41bc-884a-cb6463369589
GTOP-BL091,WGS,DNBSEQ-T7,Adrenal_Gland,bam,BL091-2099.bam,555947.2,1d96e359-8569-40be-b0cc-51375169d87a
GTOP-BL091,WGS,DNBSEQ-T7,Adrenal_Gland,bam,BL091-2099.hap1.bam,380085.7,e8d1ee87-72cf-4496-ae6c-f6ff677b1f16
GTOP-BL091,WGS,DNBSEQ-T7,Adrenal_Gland,bam,BL091-2099.hap2.bam,380693.9,a9cebaa1-bb18-4b51-bb4f-71770981b27a
GTOP-BL091,WGS,DNBSEQ-T7,Gallbladder,bam,BL091-1856.bam,449549.2,14e721e5-0a28-4227-8ae0-5d164df43ad0
GTOP-BL091,WGS,DNBSEQ-T7,Gallbladder,bam,BL091-1856.hap2.bam,259924,3088fb9a-0b25-41b1-8114-a889ea12c78e
GTOP-BL091,WGS,DNBSEQ-T7,Gallbladder,bam,BL091-1856.hap1.bam,259347.4,2497f89f-f782-4a63-914b-8f946dcc4ce7
GTOP-BL091,WGS,DNBSEQ-T7,Liver,bam,BL091-1053.bam,502027,b13c1391-6f61-45f4-89b3-104d7902cbcb
GTOP-BL091,WGS,DNBSEQ-T7,Liver,bam,BL091-1053.hap1.bam,348138.9,20860dd5-92af-4230-8f51-cfab3298a729
GTOP-BL091,WGS,DNBSEQ-T7,Liver,bam,BL091-1053.hap2.bam,348705.3,8bd79f62-250d-43c3-a1b9-bfa45212a411
GTOP-BL091,WGS,DNBSEQ-T7,Muscle,bam,BL091-0087.bam,533719.3,4ac75f5c-9c9d-4068-a851-58c8f2af793e
GTOP-BL091,WGS,DNBSEQ-T7,Muscle,bam,BL091-0087.hap1.bam,350792.7,cca9bd3d-47bf-4003-a2cb-993fb3be9b4b
GTOP-BL091,WGS,DNBSEQ-T7,Muscle,bam,BL091-0087.hap2.bam,351393.5,ede019dc-bb42-4866-9ebf-acc611c6c755
GTOP-BL091,WGS,DNBSEQ-T7,Pancreas_Head,bam,BL091-1108.bam,567657.6,cfcbf226-814d-4b0f-b9a0-c71bc8b6a647
GTOP-BL091,WGS,DNBSEQ-T7,Pancreas_Head,bam,BL091-1108.hap2.bam,380697,dfd84c47-063e-4b5b-b96f-b14f6b77cf35
GTOP-BL091,WGS,DNBSEQ-T7,Pancreas_Head,bam,BL091-1108.hap1.bam,380086.9,c16b9f2a-4a1a-4d1f-a1bc-fb4cd7f05d7a
GTOP-BL091,WGS,DNBSEQ-T7,Skin,bam,BL091-0262.bam,598431.6,9f85f378-f3d0-47e8-9575-2eda10c9578c
GTOP-BL091,WGS,DNBSEQ-T7,Skin,bam,BL091-0262.hap2.bam,362773.4,9c99c36d-8f0a-4af7-a932-c4826bb03ea5
GTOP-BL091,WGS,DNBSEQ-T7,Skin,bam,BL091-0262.hap1.bam,362227.8,22d4c928-3efe-440e-a7a5-53d20f34e6f6
GTOP-BL091,WGS,DNBSEQ-T7,Whole_Blood,bam,BL091-0378.bam,472442.4,cc10c308-9aed-49fa-bfc9-c1ac60eb92ba
GTOP-BL091,WGS,DNBSEQ-T7,Whole_Blood,bam,BL091-0378.hap2.bam,368200.2,8cf7252b-854e-44ce-ba8c-efe8e4b6d3cc
GTOP-BL091,WGS,DNBSEQ-T7,Whole_Blood,bam,BL091-0378.hap1.bam,367634.2,b58eb9db-19ae-4750-8181-045bc0d442cf
GTOP-BL091,WGS,PacBio HiFi,Whole_Blood,fasta,BL091-DMSO.hap1.corrected.fa,2965.1,83d6a9bf-81db-489c-b6c1-fa5c6be1654f
GTOP-BL091,WGS,PacBio HiFi,Whole_Blood,fasta,BL091-DMSO.hap2.corrected.fa,2895.7,82bc7117-128e-4e34-bc3c-5f9df8311a53
GTOP-BL091,WGS,PacBio HiFi,Whole_Blood,chain,BL091-DMSO.hap1Tohap2.liftover.chain,5.4,54708ec0-9ec8-47bf-86ee-431a76984039
GTOP-BL091,WGS,PacBio HiFi,Whole_Blood,chain,BL091-DMSO.hap2Tohap1.liftover.chain,5.5,32ef202c-c3b6-4431-be23-c32185facb31
GTOP-BL091,WGS,PacBio HiFi,Whole_Blood,chain,BL091-DMSO.hap1.hg38ToDSA.liftover.chain,6.8,bf8cbe0d-d7c6-4e9d-b922-ecb9954d5935
GTOP-BL091,WGS,PacBio HiFi,Whole_Blood,chain,BL091-DMSO.hap2.hg38ToDSA.liftover.chain,6.8,dbd34ca1-6761-43b6-98ef-95b59be01f02
GTOP-BL091,WGS,PacBio HiFi,Whole_Blood,chain,BL091-DMSO.hap1.DSATohg38.liftover.chain,7.1,19cc07ea-8ffc-45ea-b9aa-4e820a9e4cde
GTOP-BL091,WGS,PacBio HiFi,Whole_Blood,chain,BL091-DMSO.hap2.DSATohg38.liftover.chain,7,da8beb98-833c-4b43-a9a5-ffea1a9ea36b
GTOP-BL151,WGS,DNBSEQ-T7,Adrenal_Gland,fastq,BL151-2099_1.fq.gz,257961.1,183b1b98-4c09-472c-8916-f17b4e203de2
GTOP-BL151,WGS,DNBSEQ-T7,Adrenal_Gland,fastq,BL151-2099_2.fq.gz,253534,906ef2d6-9370-4be4-9a3c-3cea80924d88
GTOP-BL151,WGS,DNBSEQ-T7,Liver,fastq,BL151-1053_1.fq.gz,317890,5cea8891-9332-419d-b166-b4bb79959cc7
GTOP-BL151,WGS,DNBSEQ-T7,Liver,fastq,BL151-1053_2.fq.gz,326229.2,a95ebc43-3253-45da-950a-139c9505a5f0
GTOP-BL151,WGS,DNBSEQ-T7,Muscle,fastq,BL151-0087_1.fq.gz,265265.4,c240da88-d2bb-4482-b884-d211075b58b6
GTOP-BL151,WGS,DNBSEQ-T7,Muscle,fastq,BL151-0087_2.fq.gz,260927.2,360aaca4-8441-4778-88ef-4970f5ffbe85
GTOP-BL151,WGS,DNBSEQ-T7,Pancreas_Head,fastq,BL151-1108_1.fq.gz,308289.3,e06ec612-a64e-41e2-bc6a-a3210ac27171
GTOP-BL151,WGS,DNBSEQ-T7,Pancreas_Head,fastq,BL151-1108_2.fq.gz,318110.1,b32aadb5-5365-48cb-a4e2-3781b9a68636
GTOP-BL151,WGS,DNBSEQ-T7,Skin,fastq,BL151-0262_1.fq.gz,260135.9,57119119-cf23-4f24-bf4b-98035532fda0
GTOP-BL151,WGS,DNBSEQ-T7,Skin,fastq,BL151-0262_2.fq.gz,257859.7,e8717ff2-2d84-4563-94ba-058390ed8b35
GTOP-BL151,WGS,DNBSEQ-T7,Whole_Blood,fastq,BL151-0378_1.fq.gz,317608.6,7eaf162d-09df-4bf9-a400-d096435069a4
GTOP-BL151,WGS,DNBSEQ-T7,Whole_Blood,fastq,BL151-0378_2.fq.gz,314980.6,8bb29449-481f-4e85-9e27-9756b9a81bc1
GTOP-BL151,WGS,DNBSEQ-T7,Adrenal_Gland,bam,BL151-2099.bam,505067.7,ddff9821-3951-493a-9af5-2c30b4c4710e
GTOP-BL151,WGS,DNBSEQ-T7,Adrenal_Gland,bam,BL151-2099.hap1.bam,279524.5,74424524-67c5-4cd4-982c-b9f75ec7c67c
GTOP-BL151,WGS,DNBSEQ-T7,Adrenal_Gland,bam,BL151-2099.hap2.bam,279859.5,22b21caf-96e4-4fd9-b21c-354de306d3e8
GTOP-BL151,WGS,DNBSEQ-T7,Liver,bam,BL151-1053.bam,605855.9,88478c11-f9cb-48c8-92f1-7a9f9dd6366c
GTOP-BL151,WGS,DNBSEQ-T7,Liver,bam,BL151-1053.hap2.bam,382270.4,07503451-09c0-4539-8cc7-ca4b34308958
GTOP-BL151,WGS,DNBSEQ-T7,Liver,bam,BL151-1053.hap1.bam,381935.6,c4e31afd-a9d7-4564-adb6-b84aabceae09
GTOP-BL151,WGS,DNBSEQ-T7,Muscle,bam,BL151-0087.bam,509811,a4630e15-544c-470b-9f24-3022d03fc8f5
GTOP-BL151,WGS,DNBSEQ-T7,Muscle,bam,BL151-0087.hap2.bam,277651.8,798a2173-8d9d-4d0d-9e2e-54b89f41208b
GTOP-BL151,WGS,DNBSEQ-T7,Muscle,bam,BL151-0087.hap1.bam,277231.8,1a46f4a9-49a6-48d3-826a-1aa938a0c355
GTOP-BL151,WGS,DNBSEQ-T7,Pancreas_Head,bam,BL151-1108.bam,561507.6,985b924d-d13b-44e2-9e4c-57f4f2356496
GTOP-BL151,WGS,DNBSEQ-T7,Pancreas_Head,bam,BL151-1108.hap1.bam,373549.4,01ee123b-d37f-42a1-b1b0-a45709c657f9
GTOP-BL151,WGS,DNBSEQ-T7,Pancreas_Head,bam,BL151-1108.hap2.bam,373815.6,431018a0-710a-4c9b-b1c7-464a33fd3628
GTOP-BL151,WGS,DNBSEQ-T7,Skin,bam,BL151-0262.bam,467058.9,1f6917d4-1dba-4fe5-903f-789633ef6d51
GTOP-BL151,WGS,DNBSEQ-T7,Skin,bam,BL151-0262.hap1.bam,283749.4,b2b0bcab-a7ba-4425-a395-3e8a91ed6d3a
GTOP-BL151,WGS,DNBSEQ-T7,Skin,bam,BL151-0262.hap2.bam,283957,2ab27fa6-a9a1-40b4-bf01-738e5132e264
GTOP-BL151,WGS,DNBSEQ-T7,Whole_Blood,bam,BL151-0378.bam,503344,d787c888-ab7b-40d7-a68a-baac32c5be35
GTOP-BL151,WGS,DNBSEQ-T7,Whole_Blood,bam,BL151-0378.hap1.bam,399195.8,f3a24d65-5b92-41fd-9442-44fef1f40112
GTOP-BL151,WGS,DNBSEQ-T7,Whole_Blood,bam,BL151-0378.hap2.bam,399375.7,94f434ee-82aa-46bf-8d03-fb28e98351eb
GTOP-BL151,WGS,PacBio HiFi,Whole_Blood,fasta,BL151-DMSO.hap2.corrected.fa,2915.8,b97a67a0-450d-49fd-b1ef-899d0cec4893
GTOP-BL151,WGS,PacBio HiFi,Whole_Blood,fasta,BL151-DMSO.hap1.corrected.fa,2921.9,a9257fef-2e0f-4970-82c2-9a3657c63de5
GTOP-BL151,WGS,PacBio HiFi,Whole_Blood,chain,BL151-DMSO.hap1Tohap2.liftover.chain,5.6,6596d212-3893-4e21-8b35-942665d4aca7
GTOP-BL151,WGS,PacBio HiFi,Whole_Blood,chain,BL151-DMSO.hap2Tohap1.liftover.chain,5.6,bf2e189e-e3c2-4a31-afc1-aadf14569a2d
GTOP-BL151,WGS,PacBio HiFi,Whole_Blood,chain,BL151-DMSO.hap1.hg38ToDSA.liftover.chain,6.8,bcf2e29c-2338-472d-96d8-073cc3aee675
GTOP-BL151,WGS,PacBio HiFi,Whole_Blood,chain,BL151-DMSO.hap2.hg38ToDSA.liftover.chain,6.8,9082c535-a661-4516-8e9e-1d385940362b
GTOP-BL151,WGS,PacBio HiFi,Whole_Blood,chain,BL151-DMSO.hap1.DSATohg38.liftover.chain,7,fc4a1c7b-1fd2-4044-af9c-814adc0591af
GTOP-BL151,WGS,PacBio HiFi,Whole_Blood,chain,BL151-DMSO.hap2.DSATohg38.liftover.chain,7,65c4dc25-2a52-42af-97cc-6c196fb8befd
GTOP-BL161,WGS,DNBSEQ-T7,Gallbladder,fastq,BL161-1856_1.fq.gz,315376.4,ff721233-ae58-4c3a-984a-528e9b20a486
GTOP-BL161,WGS,DNBSEQ-T7,Gallbladder,fastq,BL161-1856_2.fq.gz,329675.5,109f222c-9ad9-459e-ab4a-44e5501ac497
GTOP-BL161,WGS,DNBSEQ-T7,Heart_Right_Atrium,fastq,BL161-4018_1.fq.gz,234406.3,9a9a0b9d-1122-4d33-b175-02003e7f9059
GTOP-BL161,WGS,DNBSEQ-T7,Heart_Right_Atrium,fastq,BL161-4018_2.fq.gz,231039,d1601c8e-0ffb-414c-b894-9165bd1098e2
GTOP-BL161,WGS,DNBSEQ-T7,Liver,fastq,BL161-1053_1.fq.gz,286999.2,11858649-6629-4942-bace-994406a2418a
GTOP-BL161,WGS,DNBSEQ-T7,Liver,fastq,BL161-1053_2.fq.gz,294424.1,7502d46d-cbcd-428f-b9f9-dfde2787a37f
GTOP-BL161,WGS,DNBSEQ-T7,Muscle,fastq,BL161-0087_1.fq.gz,265627.1,37136ed9-ae5a-4672-a2e9-a9e754041fb0
GTOP-BL161,WGS,DNBSEQ-T7,Muscle,fastq,BL161-0087_2.fq.gz,262930.1,c78c195c-0079-4e92-9a63-b1861dd64555
GTOP-BL161,WGS,DNBSEQ-T7,Pancreas_Head,fastq,BL161-1108_1.fq.gz,321821,6b70fcee-b0f6-48ef-925e-9fc29e84cc8e
GTOP-BL161,WGS,DNBSEQ-T7,Pancreas_Head,fastq,BL161-1108_2.fq.gz,333951.9,4e5d4dd5-4280-43e1-a097-d564c635ccd4
GTOP-BL161,WGS,DNBSEQ-T7,Skin,fastq,BL161-0262_1.fq.gz,275507,46b05518-c158-40e1-94ca-c22d6b95000b
GTOP-BL161,WGS,DNBSEQ-T7,Skin,fastq,BL161-0262_2.fq.gz,269882.4,aa7c3d4f-f8f7-46b3-81b9-5f1ec95a0f0e
GTOP-BL161,WGS,DNBSEQ-T7,Whole_Blood,fastq,BL161-0378_1.fq.gz,230572.8,bdfa6905-709b-44a3-8203-fd5b3dedc2da
GTOP-BL161,WGS,DNBSEQ-T7,Whole_Blood,fastq,BL161-0378_2.fq.gz,222284.5,33bba540-4d23-45fb-a188-905be2812b0a
GTOP-BL161,WGS,DNBSEQ-T7,Gallbladder,bam,BL161-1856.bam,545601.2,a6df2348-ed3f-4216-83cc-e59c3cec25d1
GTOP-BL161,WGS,DNBSEQ-T7,Gallbladder,bam,BL161-1856.hap2.bam,406259.4,7936cf6c-5009-4637-8872-f6eb9eae1831
GTOP-BL161,WGS,DNBSEQ-T7,Gallbladder,bam,BL161-1856.hap1.bam,406621.6,c635f99c-a13a-430d-9444-cdf9ca69bf3a
GTOP-BL161,WGS,DNBSEQ-T7,Heart_Right_Atrium,bam,BL161-4018.bam,471086.6,6797db8c-0ff5-4034-9366-936e899fa4b5
GTOP-BL161,WGS,DNBSEQ-T7,Heart_Right_Atrium,bam,BL161-4018.hap1.bam,252139.1,4b812c1b-a419-4dfc-a05b-fa68bafa81da
GTOP-BL161,WGS,DNBSEQ-T7,Heart_Right_Atrium,bam,BL161-4018.hap2.bam,251961.9,418c6704-e32f-47fb-9944-d9aa045fabd6
GTOP-BL161,WGS,DNBSEQ-T7,Liver,bam,BL161-1053.bam,539499.2,f2439db2-a4c8-45ff-9bc7-7e0ddd842fea
GTOP-BL161,WGS,DNBSEQ-T7,Liver,bam,BL161-1053.hap1.bam,352122.3,2c90e11d-6769-4b59-8ef3-679f7eb081f9
GTOP-BL161,WGS,DNBSEQ-T7,Liver,bam,BL161-1053.hap2.bam,351837.9,9aea75ee-1260-4b3d-8775-8b83f8d1189c
GTOP-BL161,WGS,DNBSEQ-T7,Muscle,bam,BL161-0087.bam,583520.5,fdbd45ec-c4f5-4a65-94a4-85d09e0d4e11
GTOP-BL161,WGS,DNBSEQ-T7,Muscle,bam,BL161-0087.hap1.bam,283916,b0e7011e-7011-4d75-b481-91bab54b3131
GTOP-BL161,WGS,DNBSEQ-T7,Muscle,bam,BL161-0087.hap2.bam,283705.5,4039b869-e94f-4256-ae60-0c7de1666894
GTOP-BL161,WGS,DNBSEQ-T7,Pancreas_Head,bam,BL161-1108.bam,585042.5,62d58545-c4bc-4995-b46e-e3100dd58203
GTOP-BL161,WGS,DNBSEQ-T7,Pancreas_Head,bam,BL161-1108.hap2.bam,392715.4,63d8b999-43a0-4dd4-a748-769e2673eed2
GTOP-BL161,WGS,DNBSEQ-T7,Pancreas_Head,bam,BL161-1108.hap1.bam,393099.5,d4a80722-10b8-4277-bda1-3bba0acf9d5c
GTOP-BL161,WGS,DNBSEQ-T7,Skin,bam,BL161-0262.bam,490684.5,0b097494-2696-408d-a2b0-ea31a0ac7917
GTOP-BL161,WGS,DNBSEQ-T7,Skin,bam,BL161-0262.hap2.bam,300640.9,3f9ce1a1-67a0-47bf-8c05-5a34c5f66e95
GTOP-BL161,WGS,DNBSEQ-T7,Skin,bam,BL161-0262.hap1.bam,300941.1,63cc119b-3e2f-4497-aecf-a152a067c1cd
GTOP-BL161,WGS,DNBSEQ-T7,Whole_Blood,bam,BL161-0378.bam,466458.3,da9db018-3e64-40b6-9a61-0d2cf127a4f0
GTOP-BL161,WGS,DNBSEQ-T7,Whole_Blood,bam,BL161-0378.hap2.bam,256381.8,89347804-0373-4efd-a6db-b17b42e0c32f
GTOP-BL161,WGS,DNBSEQ-T7,Whole_Blood,bam,BL161-0378.hap1.bam,256560.1,c0255a6e-865b-44fa-a9f0-4102fa6cd4a5
GTOP-BL161,WGS,PacBio HiFi,Whole_Blood,fasta,BL161-DMSO.hap1.corrected.fa,2904.6,54d465d6-189f-463c-ba0c-77b021f3571f
GTOP-BL161,WGS,PacBio HiFi,Whole_Blood,fasta,BL161-DMSO.hap2.corrected.fa,2861.2,e549b440-337a-44bb-a9d9-ccff2ad7e56a
GTOP-BL161,WGS,PacBio HiFi,Whole_Blood,chain,BL161-DMSO.hap1Tohap2.liftover.chain,5.3,f8780583-41e6-45c2-94be-95adbd60a39f
GTOP-BL161,WGS,PacBio HiFi,Whole_Blood,chain,BL161-DMSO.hap2Tohap1.liftover.chain,5.5,62f68056-35e3-486d-ab3b-794568835f5e
GTOP-BL161,WGS,PacBio HiFi,Whole_Blood,chain,BL161-DMSO.hap1.hg38ToDSA.liftover.chain,6.6,54931a4b-884c-4aeb-a572-bf27c630160f
GTOP-BL161,WGS,PacBio HiFi,Whole_Blood,chain,BL161-DMSO.hap2.hg38ToDSA.liftover.chain,6.6,40345082-ed51-4647-a6c8-c96bd5a08b5b
GTOP-BL161,WGS,PacBio HiFi,Whole_Blood,chain,BL161-DMSO.hap1.DSATohg38.liftover.chain,6.9,c68192b7-b8f4-4748-91b4-f718391f261b
GTOP-BL161,WGS,PacBio HiFi,Whole_Blood,chain,BL161-DMSO.hap2.DSATohg38.liftover.chain,6.9,ad2bd173-2ffd-4491-b1c6-e33df6389604
GTOP-BL221,WGS,DNBSEQ-T7,Adrenal_Gland,fastq,BL221-2099_1.fq.gz,328493.8,4cb5297a-8478-4d68-9c7b-785f62999740
GTOP-BL221,WGS,DNBSEQ-T7,Adrenal_Gland,fastq,BL221-2099_2.fq.gz,332193.4,79f5806f-5b2d-460f-bda4-bccbe7585d9f
GTOP-BL221,WGS,DNBSEQ-T7,Gallbladder,fastq,BL221-1856_1.fq.gz,205212.9,51bfcf85-6e9b-444d-8b90-7b1ef2151c87
GTOP-BL221,WGS,DNBSEQ-T7,Gallbladder,fastq,BL221-1856_2.fq.gz,205053.2,fb62bf56-9214-48f7-8320-9915f1c3996a
GTOP-BL221,WGS,DNBSEQ-T7,Liver,fastq,BL221-1053_1.fq.gz,282769.6,ee3e60c7-be31-4793-aeb5-8e11ba25310b
GTOP-BL221,WGS,DNBSEQ-T7,Liver,fastq,BL221-1053_2.fq.gz,293408.4,9e92e263-f7fc-4fd4-925a-c2c3c812f3ea
GTOP-BL221,WGS,DNBSEQ-T7,Muscle,fastq,BL221-0087_1.fq.gz,225402.8,df1ed811-f0a1-462c-9e31-0a037d006e5e
GTOP-BL221,WGS,DNBSEQ-T7,Muscle,fastq,BL221-0087_2.fq.gz,220097.5,80f6ace0-e237-4464-a6a9-330487ab2b83
GTOP-BL221,WGS,DNBSEQ-T7,Pancreas_Head,fastq,BL221-1108_1.fq.gz,244696.9,ff589634-074c-4809-983c-89f72847332c
GTOP-BL221,WGS,DNBSEQ-T7,Pancreas_Head,fastq,BL221-1108_2.fq.gz,256209.7,d9a1277a-a27d-4470-a300-a972abcc7359
GTOP-BL221,WGS,DNBSEQ-T7,Skin,fastq,BL221-0262_1.fq.gz,238452.7,fa187621-377a-44ec-8602-f3f780a60e69
GTOP-BL221,WGS,DNBSEQ-T7,Skin,fastq,BL221-0262_2.fq.gz,237381.8,f6eea97e-f663-49ff-bf72-db4fb2a194ec
GTOP-BL221,WGS,DNBSEQ-T7,Whole_Blood,fastq,BL221-0378_1.fq.gz,381023.3,30cc88c1-e472-49a5-ba79-af31c386165f
GTOP-BL221,WGS,DNBSEQ-T7,Whole_Blood,fastq,BL221-0378_2.fq.gz,409187.8,96cf8579-8944-4ef6-8590-6652eeb82dc7
GTOP-BL221,WGS,DNBSEQ-T7,Adrenal_Gland,bam,BL221-2099.bam,608454.4,2f450128-8ca8-4d61-8a12-86e01a2c22a0
GTOP-BL221,WGS,DNBSEQ-T7,Adrenal_Gland,bam,BL221-2099.hap1.bam,406079.7,e5442b4a-76c2-41bb-972d-d476b1fc2421
GTOP-BL221,WGS,DNBSEQ-T7,Adrenal_Gland,bam,BL221-2099.hap2.bam,402647.5,a4d46eb5-98f6-4773-b278-cd7cbf166830
GTOP-BL221,WGS,DNBSEQ-T7,Gallbladder,bam,BL221-1856.bam,418230.4,fbec6b1f-bbee-4d3f-be3c-b5a27c899286
GTOP-BL221,WGS,DNBSEQ-T7,Gallbladder,bam,BL221-1856.hap1.bam,225344.2,d4990e0a-eb4d-4b7a-b298-42439eec8d08
GTOP-BL221,WGS,DNBSEQ-T7,Gallbladder,bam,BL221-1856.hap2.bam,223202.8,4fc3ce2c-6695-4b20-9b65-d0d356d7d817
GTOP-BL221,WGS,DNBSEQ-T7,Liver,bam,BL221-1053.bam,515515.2,ad6a0b51-67b4-4523-9e47-4b407128927c
GTOP-BL221,WGS,DNBSEQ-T7,Liver,bam,BL221-1053.hap2.bam,347160.4,6df2929a-977d-47e4-89d7-fbb0737019c8
GTOP-BL221,WGS,DNBSEQ-T7,Liver,bam,BL221-1053.hap1.bam,350182.7,30fb733a-d19d-46c8-a584-afd553858586
GTOP-BL221,WGS,DNBSEQ-T7,Muscle,bam,BL221-0087.bam,444552.3,30317cc6-fe44-476a-bc76-d6c2653d2223
GTOP-BL221,WGS,DNBSEQ-T7,Muscle,bam,BL221-0087.hap2.bam,238462.7,a257c379-781c-4b69-8d36-4b9dbd333d01
GTOP-BL221,WGS,DNBSEQ-T7,Muscle,bam,BL221-0087.hap1.bam,240882.2,439b3067-a751-4e87-a74a-8d7f9d432a4d
GTOP-BL221,WGS,DNBSEQ-T7,Pancreas_Head,bam,BL221-1108.bam,451216.4,b6a16817-a2f1-47a0-9bf9-f2611a11795a
GTOP-BL221,WGS,DNBSEQ-T7,Pancreas_Head,bam,BL221-1108.hap1.bam,304565,c7cd8e7d-b575-4a38-a417-e5db13af8982
GTOP-BL221,WGS,DNBSEQ-T7,Pancreas_Head,bam,BL221-1108.hap2.bam,301966,f0ef2904-05c6-4e15-a736-6863d1552f43
GTOP-BL221,WGS,DNBSEQ-T7,Skin,bam,BL221-0262.bam,487538.7,b95768b1-9c80-4df9-9e48-fabd4c1a3301
GTOP-BL221,WGS,DNBSEQ-T7,Skin,bam,BL221-0262.hap1.bam,265538.9,0634188f-7b1d-4710-a544-0650b3cb210b
GTOP-BL221,WGS,DNBSEQ-T7,Skin,bam,BL221-0262.hap2.bam,263222.4,4d48c002-ecdb-4ec5-85b4-570124ea79cd
GTOP-BL221,WGS,DNBSEQ-T7,Whole_Blood,bam,BL221-0378.bam,507744.5,0fac1b3a-6c06-45e4-9ef8-973eae4b5848
GTOP-BL221,WGS,DNBSEQ-T7,Whole_Blood,bam,BL221-0378.hap1.bam,412001,c97b6c11-3975-4286-b2a1-ac2d040887a0
GTOP-BL221,WGS,DNBSEQ-T7,Whole_Blood,bam,BL221-0378.hap2.bam,408025,abd07fba-9938-4b2e-a728-73b41f26064c
GTOP-BL221,WGS,PacBio HiFi,Whole_Blood,fasta,BL221-DMSO.hap2.corrected.fa,2915.7,b253f80b-a630-4803-940e-0fe39654bb93
GTOP-BL221,WGS,PacBio HiFi,Whole_Blood,fasta,BL221-DMSO.hap1.corrected.fa,2882.5,0f2c33bd-4f96-4fe6-a733-40004d259451
GTOP-BL221,WGS,PacBio HiFi,Whole_Blood,chain,BL221-DMSO.hap1Tohap2.liftover.chain,5.5,e677ecc9-e51e-4b63-b42a-32e5a4ef4bf4
GTOP-BL221,WGS,PacBio HiFi,Whole_Blood,chain,BL221-DMSO.hap2Tohap1.liftover.chain,5.5,1afa29d3-0968-4b19-8392-23e1787bafde
GTOP-BL221,WGS,PacBio HiFi,Whole_Blood,chain,BL221-DMSO.hap1.hg38ToDSA.liftover.chain,6.6,7cc45d7b-f5ab-4cd6-93f8-152784235005
GTOP-BL221,WGS,PacBio HiFi,Whole_Blood,chain,BL221-DMSO.hap2.hg38ToDSA.liftover.chain,6.7,f97ad446-d193-42e0-96cc-85535bc24ae2
GTOP-BL221,WGS,PacBio HiFi,Whole_Blood,chain,BL221-DMSO.hap1.DSATohg38.liftover.chain,6.8,e1a14c2a-96ef-4c8d-b8e7-f64a5e066c46
GTOP-BL221,WGS,PacBio HiFi,Whole_Blood,chain,BL221-DMSO.hap2.DSATohg38.liftover.chain,6.9,1a91ace9-017b-466f-8425-1d363b322926
GTOP-BL261,WGS,DNBSEQ-T7,Adrenal_Gland,fastq,BL261-2099_1.fq.gz,248444.2,c260ab98-b604-4273-9e4c-8ab020d2ace1
GTOP-BL261,WGS,DNBSEQ-T7,Adrenal_Gland,fastq,BL261-2099_2.fq.gz,245500.7,42c8a44c-3f04-4bb2-865d-a940a971665a
GTOP-BL261,WGS,DNBSEQ-T7,Gallbladder,fastq,BL261-1856_1.fq.gz,241040.8,16b03b4e-d429-4488-a481-686c5c820023
GTOP-BL261,WGS,DNBSEQ-T7,Gallbladder,fastq,BL261-1856_2.fq.gz,251077.6,82bb8df2-01f1-440c-bb37-47759f7a51cd
GTOP-BL261,WGS,DNBSEQ-T7,Liver,fastq,BL261-1053_1.fq.gz,386810.6,086f3735-0741-4092-89c3-58ac6c0913fa
GTOP-BL261,WGS,DNBSEQ-T7,Liver,fastq,BL261-1053_2.fq.gz,423609.9,297f6a4b-e3e8-4b6a-b9c1-d2b7699b4159
GTOP-BL261,WGS,DNBSEQ-T7,Muscle,fastq,BL261-0087_1.fq.gz,259559.9,a649a001-8d68-467e-bcf0-5c76e5c80159
GTOP-BL261,WGS,DNBSEQ-T7,Muscle,fastq,BL261-0087_2.fq.gz,256770.8,46687eea-37a7-4e52-965e-dc744d9a8efa
GTOP-BL261,WGS,DNBSEQ-T7,Pancreas_Head,fastq,BL261-1108_1.fq.gz,314865.1,14ddd54c-815a-44e3-96b1-ef065ac1eb0d
GTOP-BL261,WGS,DNBSEQ-T7,Pancreas_Head,fastq,BL261-1108_2.fq.gz,324624.5,032fa7c1-7392-4e09-a4f7-4554ba7b9961
GTOP-BL261,WGS,DNBSEQ-T7,Skin,fastq,BL261-0262_1.fq.gz,226094.9,8127d253-3262-4fe7-8f93-6f5094261b88
GTOP-BL261,WGS,DNBSEQ-T7,Skin,fastq,BL261-0262_2.fq.gz,218535.6,cef9aaef-37a8-4b73-b450-e28f7c20cd69
GTOP-BL261,WGS,DNBSEQ-T7,Whole_Blood,fastq,BL261-0378_1.fq.gz,348547.1,48968c18-8349-4b5d-8469-7041e56091c5
GTOP-BL261,WGS,DNBSEQ-T7,Whole_Blood,fastq,BL261-0378_2.fq.gz,350009,6b635722-22bd-421d-b5c3-1311b4871237
GTOP-BL261,WGS,DNBSEQ-T7,Adrenal_Gland,bam,BL261-2099.bam,501175.6,b452e2db-84cb-4603-a25c-f26aa26dc56a
GTOP-BL261,WGS,DNBSEQ-T7,Adrenal_Gland,bam,BL261-2099.hap1.bam,263916,826571aa-d5e1-4d8e-8996-e0536f359809
GTOP-BL261,WGS,DNBSEQ-T7,Adrenal_Gland,bam,BL261-2099.hap2.bam,263701.8,a2c22b0c-f6f5-4662-b35e-5bbeb6690775
GTOP-BL261,WGS,DNBSEQ-T7,Gallbladder,bam,BL261-1856.bam,437920.5,eaf2c0e4-a4bf-4746-9d12-82285db24bdb
GTOP-BL261,WGS,DNBSEQ-T7,Gallbladder,bam,BL261-1856.hap1.bam,301681.3,88b9a0e2-229d-458e-b157-93197e7074ff
GTOP-BL261,WGS,DNBSEQ-T7,Gallbladder,bam,BL261-1856.hap2.bam,301482,142ab666-056c-411c-b379-89a700dc2f3b
GTOP-BL261,WGS,DNBSEQ-T7,Liver,bam,BL261-1053.bam,578676.6,911e1e21-3369-427d-b13e-d326fca16cba
GTOP-BL261,WGS,DNBSEQ-T7,Liver,bam,BL261-1053.hap2.bam,443730.3,d5fd9920-6e43-440c-afc9-f8f2769fd0e7
GTOP-BL261,WGS,DNBSEQ-T7,Liver,bam,BL261-1053.hap1.bam,443982.3,12b1ef20-ef51-448e-8f85-da098c44ee44
GTOP-BL261,WGS,DNBSEQ-T7,Muscle,bam,BL261-0087.bam,552862.7,87100573-fb00-47b9-b0ce-0baa1f9ec849
GTOP-BL261,WGS,DNBSEQ-T7,Muscle,bam,BL261-0087.hap2.bam,260063.4,7a2eddb3-1562-4bdd-bc38-772073e3ab1e
GTOP-BL261,WGS,DNBSEQ-T7,Muscle,bam,BL261-0087.hap1.bam,260298.1,23a60552-f7ab-478c-b8ad-1b8082139237
GTOP-BL261,WGS,DNBSEQ-T7,Pancreas_Head,bam,BL261-1108.bam,542256.3,a4a2908d-957a-4053-a1a6-692c9641ff0b
GTOP-BL261,WGS,DNBSEQ-T7,Pancreas_Head,bam,BL261-1108.hap1.bam,364395.7,e0fca5d8-ef18-4bb2-8dc1-20a267bf50a6
GTOP-BL261,WGS,DNBSEQ-T7,Pancreas_Head,bam,BL261-1108.hap2.bam,364157.3,f4a8d30b-5e81-43e3-aada-cf7222aeca6d
GTOP-BL261,WGS,DNBSEQ-T7,Skin,bam,BL261-0262.bam,477201.4,56cec310-635a-4cc1-8837-faf6eb43dc73
GTOP-BL261,WGS,DNBSEQ-T7,Skin,bam,BL261-0262.hap1.bam,238290.9,0a6516ab-c755-4961-9020-d75980f05dce
GTOP-BL261,WGS,DNBSEQ-T7,Skin,bam,BL261-0262.hap2.bam,238100.5,69051e74-6ba6-4218-9ebc-83f47dc59e7e
GTOP-BL261,WGS,DNBSEQ-T7,Whole_Blood,bam,BL261-0378.bam,525846.7,2a67ea9a-a23b-4957-a405-3db538523c80
GTOP-BL261,WGS,DNBSEQ-T7,Whole_Blood,bam,BL261-0378.hap1.bam,413148.9,ac4491f2-9785-42e5-8768-1edaf063728b
GTOP-BL261,WGS,DNBSEQ-T7,Whole_Blood,bam,BL261-0378.hap2.bam,412924.8,ae8e4fc6-56b1-4d6c-b84d-cf7b93e74511
GTOP-BL261,WGS,PacBio HiFi,Whole_Blood,fasta,BL261-DMSO.hap2.corrected.fa,2897.1,3883354b-ee66-4e45-97b4-5a7671c4488c
GTOP-BL261,WGS,PacBio HiFi,Whole_Blood,fasta,BL261-DMSO.hap1.corrected.fa,2881.7,94a71f4c-ea0b-4bf9-b427-4b05ea42f125
GTOP-BL261,WGS,PacBio HiFi,Whole_Blood,chain,BL261-DMSO.hap1Tohap2.liftover.chain,5.6,62ddb05f-95e6-4a9a-bdd3-f34bfec5de80
GTOP-BL261,WGS,PacBio HiFi,Whole_Blood,chain,BL261-DMSO.hap2Tohap1.liftover.chain,5.5,6ad86640-5267-40c5-98da-232e301544f6
GTOP-BL261,WGS,PacBio HiFi,Whole_Blood,chain,BL261-DMSO.hap1.hg38ToDSA.liftover.chain,6.7,270d3986-8a89-4460-b412-db21f57ff834
GTOP-BL261,WGS,PacBio HiFi,Whole_Blood,chain,BL261-DMSO.hap2.hg38ToDSA.liftover.chain,6.7,16f693e4-094e-4515-a9d8-374e3249e16c
GTOP-BL261,WGS,PacBio HiFi,Whole_Blood,chain,BL261-DMSO.hap1.DSATohg38.liftover.chain,6.9,45bb2252-7cc5-4a60-8923-c378a54aebcf
GTOP-BL261,WGS,PacBio HiFi,Whole_Blood,chain,BL261-DMSO.hap2.DSATohg38.liftover.chain,6.9,59b9f680-1aa8-4bcf-97d4-1aed9166349d
GTOP-BL271,WGS,DNBSEQ-T7,Liver,fastq,BL271-1053_1.fq.gz,285554.3,4773fa26-a7ab-471a-85a4-cea909e57479
GTOP-BL271,WGS,DNBSEQ-T7,Liver,fastq,BL271-1053_2.fq.gz,295819.4,9e62cae9-f84b-40c9-9309-59115b11ef9e
GTOP-BL271,WGS,DNBSEQ-T7,Pancreas_Head,fastq,BL271-1108_1.fq.gz,276697.2,5739e6a7-0d34-4ddf-892f-076ec12f3883
GTOP-BL271,WGS,DNBSEQ-T7,Pancreas_Head,fastq,BL271-1108_2.fq.gz,285461.5,a8a3c406-e5a4-4db2-b5a2-e74e7a36dd52
GTOP-BL271,WGS,DNBSEQ-T7,Whole_Blood,fastq,BL271-0378_1.fq.gz,368693.9,49336a8d-2fc4-4b07-ab93-a33981a84d14
GTOP-BL271,WGS,DNBSEQ-T7,Whole_Blood,fastq,BL271-0378_2.fq.gz,393826.9,d95ff21c-6d31-404f-98d1-39115c7478b9
GTOP-BL271,WGS,DNBSEQ-T7,Liver,bam,BL271-1053.bam,500064.1,0d3279c1-99e0-4932-a253-5d7a1794b1c3
GTOP-BL271,WGS,DNBSEQ-T7,Liver,bam,BL271-1053.hap1.bam,354423.8,810fb8fa-66a3-4410-937f-aa3d74f4fd15
GTOP-BL271,WGS,DNBSEQ-T7,Liver,bam,BL271-1053.hap2.bam,354436,8077535b-c74f-4ed5-9036-d9883e4a48b2
GTOP-BL271,WGS,DNBSEQ-T7,Pancreas_Head,bam,BL271-1108.bam,539059.4,325d941f-3b69-4db8-94bd-d762f80fd07a
GTOP-BL271,WGS,DNBSEQ-T7,Pancreas_Head,bam,BL271-1108.hap2.bam,338080.4,82118634-9dc7-4fde-aaa2-31763f80047a
GTOP-BL271,WGS,DNBSEQ-T7,Pancreas_Head,bam,BL271-1108.hap1.bam,338036.5,5115142f-233f-461c-b3e1-ba85bc0c71cb
GTOP-BL271,WGS,DNBSEQ-T7,Whole_Blood,bam,BL271-0378.bam,510453.4,b948aa6f-77a0-4c4e-90c9-881ab9fe4d51
GTOP-BL271,WGS,DNBSEQ-T7,Whole_Blood,bam,BL271-0378.hap2.bam,392647.1,8a1b7749-6555-49d3-a72e-31c26f06fadc
GTOP-BL271,WGS,DNBSEQ-T7,Whole_Blood,bam,BL271-0378.hap1.bam,392677.9,d797e5f9-6e41-4f3d-a447-7f34c78c01d0
GTOP-BL271,WGS,PacBio HiFi,Whole_Blood,fasta,BL271-DMSO.hap1.corrected.fa,2927.5,710efe4d-9845-4833-a4ab-f80c1695eadc
GTOP-BL271,WGS,PacBio HiFi,Whole_Blood,fasta,BL271-DMSO.hap2.corrected.fa,2912.3,135ef5ea-945b-424f-85ff-901fbb8a760f
GTOP-BL271,WGS,PacBio HiFi,Whole_Blood,chain,BL271-DMSO.hap1Tohap2.liftover.chain,5.5,b2a7bdc6-e2aa-4c1b-b54b-f38a89b1ae39
GTOP-BL271,WGS,PacBio HiFi,Whole_Blood,chain,BL271-DMSO.hap2Tohap1.liftover.chain,5.5,56cfacf9-8ea7-43a2-ba07-74a7ad53da35
GTOP-BL271,WGS,PacBio HiFi,Whole_Blood,chain,BL271-DMSO.hap1.hg38ToDSA.liftover.chain,6.8,fa3951cc-49bf-42e0-992f-347c0cda9c4d
GTOP-BL271,WGS,PacBio HiFi,Whole_Blood,chain,BL271-DMSO.hap2.hg38ToDSA.liftover.chain,6.7,c8aad849-4ff4-4d24-b31c-f801f0fd73ba
GTOP-BL271,WGS,PacBio HiFi,Whole_Blood,chain,BL271-DMSO.hap1.DSATohg38.liftover.chain,7.1,5d1009a4-de78-486d-bf69-06453ed804a3
GTOP-BL271,WGS,PacBio HiFi,Whole_Blood,chain,BL271-DMSO.hap2.DSATohg38.liftover.chain,7,9fed3f01-91e0-4848-82c7-e01b4e1e9944
GTOP-CA031,WGS,DNBSEQ-T7,Gallbladder,fastq,CA031-1856_1.fq.gz,277167.2,33732e88-faa3-4c74-9cfe-218b18443da3
GTOP-CA031,WGS,DNBSEQ-T7,Gallbladder,fastq,CA031-1856_2.fq.gz,283438.6,e96cd6da-3016-4ab5-ad1c-c723aeab99ac
GTOP-CA031,WGS,DNBSEQ-T7,Liver,fastq,CA031-1053_1.fq.gz,417715.9,2bf67235-5e2f-4173-86fa-4382319a159e
GTOP-CA031,WGS,DNBSEQ-T7,Liver,fastq,CA031-1053_2.fq.gz,456696.4,2c2f4183-e94f-467d-a733-2011d51de7e2
GTOP-CA031,WGS,DNBSEQ-T7,Muscle,fastq,CA031-0087_1.fq.gz,265995.8,cfc1505f-2c35-4a11-8d13-aa5a2e143e29
GTOP-CA031,WGS,DNBSEQ-T7,Muscle,fastq,CA031-0087_2.fq.gz,262092,8cfc6289-d24d-4047-bd0d-275f53afc013
GTOP-CA031,WGS,DNBSEQ-T7,Skin,fastq,CA031-0262_1.fq.gz,271216.4,dd79dfb5-ac99-4120-b440-000dd24c96a4
GTOP-CA031,WGS,DNBSEQ-T7,Skin,fastq,CA031-0262_2.fq.gz,280087.8,0e8cdb3f-4688-4cc3-a598-e868439bdf67
GTOP-CA031,WGS,DNBSEQ-T7,Whole_Blood,fastq,CA031-0378_1.fq.gz,402240.2,57288790-e784-4ba5-a463-108f880b7706
GTOP-CA031,WGS,DNBSEQ-T7,Whole_Blood,fastq,CA031-0378_2.fq.gz,404448.3,b273b5d5-e794-4719-836f-352398a2dc2c
GTOP-CA031,WGS,DNBSEQ-T7,Gallbladder,bam,CA031-1856.bam,513674.7,8fe4bfbd-6830-4227-a85b-5f294955ebc3
GTOP-CA031,WGS,DNBSEQ-T7,Gallbladder,bam,CA031-1856.hap2.bam,336715.6,96763ae0-2155-4d66-bb79-dc7c36182577
GTOP-CA031,WGS,DNBSEQ-T7,Gallbladder,bam,CA031-1856.hap1.bam,334300.3,624fe718-cdd7-4fa9-85d8-928ee9bc9df3
GTOP-CA031,WGS,DNBSEQ-T7,Liver,bam,CA031-1053.bam,630345.7,b1a3a409-923f-42d0-b758-44976511c88d
GTOP-CA031,WGS,DNBSEQ-T7,Liver,bam,CA031-1053.hap1.bam,507797.7,65473cf9-b6f1-448b-a739-04ec329e466d
GTOP-CA031,WGS,DNBSEQ-T7,Liver,bam,CA031-1053.hap2.bam,511379.9,a282eed2-ff4a-426f-bd76-774dd3adfc27
GTOP-CA031,WGS,DNBSEQ-T7,Muscle,bam,CA031-0087.bam,539849.8,cdbde7e4-4569-4a82-b6c9-2f04a45a072c
GTOP-CA031,WGS,DNBSEQ-T7,Muscle,bam,CA031-0087.hap1.bam,278185.3,19e92404-352d-460b-94ef-cabfb580deb6
GTOP-CA031,WGS,DNBSEQ-T7,Muscle,bam,CA031-0087.hap2.bam,280469.2,7b8c8d1b-ff85-44a4-bd20-88ae10aa0e39
GTOP-CA031,WGS,DNBSEQ-T7,Skin,bam,CA031-0262.bam,509345.5,fa27f755-0f2f-465d-b246-6c1bc4471e14
GTOP-CA031,WGS,DNBSEQ-T7,Skin,bam,CA031-0262.hap2.bam,327816,824b446b-0b9a-4a80-8ce3-29ad1a095da8
GTOP-CA031,WGS,DNBSEQ-T7,Skin,bam,CA031-0262.hap1.bam,325352.1,a30ea69e-e976-4405-b2d3-5abd37f77f03
GTOP-CA031,WGS,DNBSEQ-T7,Whole_Blood,bam,CA031-0378.bam,587346.6,a33b7174-9606-4cf7-9865-9ef0a1fb2648
GTOP-CA031,WGS,DNBSEQ-T7,Whole_Blood,bam,CA031-0378.hap2.bam,483505.5,41b64769-2d31-4eac-8738-f86e71d10baa
GTOP-CA031,WGS,DNBSEQ-T7,Whole_Blood,bam,CA031-0378.hap1.bam,480273.1,6da5c6ae-cbea-4bca-ae17-3ddade1243bf
GTOP-CA031,WGS,PacBio HiFi,Whole_Blood,fasta,CA031-DMSO.hap1.corrected.fa,2911.2,52915861-8990-40aa-a9fb-f21aa988e309
GTOP-CA031,WGS,PacBio HiFi,Whole_Blood,fasta,CA031-DMSO.hap2.corrected.fa,2838.3,e1fa3981-96f4-4ab5-b2fd-735e2ead53ae
GTOP-CA031,WGS,PacBio HiFi,Whole_Blood,chain,CA031-DMSO.hap1Tohap2.liftover.chain,5.2,a67310b9-a3b8-445e-b838-b5f606ccc262
GTOP-CA031,WGS,PacBio HiFi,Whole_Blood,chain,CA031-DMSO.hap2Tohap1.liftover.chain,5.3,8cb11314-a0e0-422b-a779-3bb67795772d
GTOP-CA031,WGS,PacBio HiFi,Whole_Blood,chain,CA031-DMSO.hap1.hg38ToDSA.liftover.chain,6.7,91098f9f-a02d-49f9-991a-7ddfb4535032
GTOP-CA031,WGS,PacBio HiFi,Whole_Blood,chain,CA031-DMSO.hap2.hg38ToDSA.liftover.chain,6.6,b47743f9-cb64-495f-809a-800396356c51
GTOP-CA031,WGS,PacBio HiFi,Whole_Blood,chain,CA031-DMSO.hap1.DSATohg38.liftover.chain,7,15a217a6-5d72-4882-940b-2a9e130641dc
GTOP-CA031,WGS,PacBio HiFi,Whole_Blood,chain,CA031-DMSO.hap2.DSATohg38.liftover.chain,6.9,afa4787b-645a-4667-8420-d44f8a740a5a
GTOP-CA081,WGS,DNBSEQ-T7,Adrenal_Gland,fastq,CA081-2099_1.fq.gz,363723.7,8bd693bb-32b3-4e5a-a88f-d31cb5c8a6e3
GTOP-CA081,WGS,DNBSEQ-T7,Adrenal_Gland,fastq,CA081-2099_2.fq.gz,369097.8,aab19e20-1522-4fd3-b81d-99ed02cb906d
GTOP-CA081,WGS,DNBSEQ-T7,Gallbladder,fastq,CA081-1856_1.fq.gz,229748.9,57abff7b-50e9-4438-a1ec-de0761e7bc13
GTOP-CA081,WGS,DNBSEQ-T7,Gallbladder,fastq,CA081-1856_2.fq.gz,229364.1,24a04cb3-8ea9-4e71-9cf2-f0e18368f48b
GTOP-CA081,WGS,DNBSEQ-T7,Heart_Right_Ventricle,fastq,CA081-4003_1.fq.gz,215158.4,76f124e3-1ae4-4044-ad42-918c1f97b590
GTOP-CA081,WGS,DNBSEQ-T7,Heart_Right_Ventricle,fastq,CA081-4003_2.fq.gz,212794.4,aed6c50c-2d3a-4474-92cc-e90f6edd9530
GTOP-CA081,WGS,DNBSEQ-T7,Liver,fastq,CA081-1053_1.fq.gz,336877.9,f81db4a4-cd8f-47f4-91cf-c7f9fffbce79
GTOP-CA081,WGS,DNBSEQ-T7,Liver,fastq,CA081-1053_2.fq.gz,362018,6ed9473d-a5f7-4308-a118-40ea89cecd3b
GTOP-CA081,WGS,DNBSEQ-T7,Muscle,fastq,CA081-0087_1.fq.gz,252901,def27c77-ac4c-4372-b033-9514fdf2d0eb
GTOP-CA081,WGS,DNBSEQ-T7,Muscle,fastq,CA081-0087_2.fq.gz,256059,0e252d76-427f-4a30-9976-bc92e8b1d4c6
GTOP-CA081,WGS,DNBSEQ-T7,Pancreas_Head,fastq,CA081-1108_1.fq.gz,295413,121fd563-135c-470c-9cb8-56be97db6d2d
GTOP-CA081,WGS,DNBSEQ-T7,Pancreas_Head,fastq,CA081-1108_2.fq.gz,304194,2d91042b-8bd5-4cbb-8770-0b7d86ea377f
GTOP-CA081,WGS,DNBSEQ-T7,Whole_Blood,fastq,CA081-0378_1.fq.gz,402837.8,d1c2ff4f-a2a8-4555-855c-1f15292b9ea0
GTOP-CA081,WGS,DNBSEQ-T7,Whole_Blood,fastq,CA081-0378_2.fq.gz,400055.3,3bfd6cc0-751b-4dae-9289-e103548fc033
GTOP-CA081,WGS,DNBSEQ-T7,Adrenal_Gland,bam,CA081-2099.bam,672835.2,2d8379ba-341d-4dc5-b931-df5c99d7a85b
GTOP-CA081,WGS,DNBSEQ-T7,Adrenal_Gland,bam,CA081-2099.hap1.bam,426096.4,48e99467-6c25-40ef-af5d-7b47d90c7451
GTOP-CA081,WGS,DNBSEQ-T7,Adrenal_Gland,bam,CA081-2099.hap2.bam,425685.3,a1effdde-904b-4168-b064-fbeac41dd319
GTOP-CA081,WGS,DNBSEQ-T7,Gallbladder,bam,CA081-1856.bam,486374.3,be57ec0c-4411-4292-a6a3-358ca56e5971
GTOP-CA081,WGS,DNBSEQ-T7,Gallbladder,bam,CA081-1856.hap1.bam,247300.1,109f5ddd-c93d-47e1-95c9-f971c944196e
GTOP-CA081,WGS,DNBSEQ-T7,Gallbladder,bam,CA081-1856.hap2.bam,247287.3,8927fe6b-3f1a-4542-bf5e-308b3b7844b2
GTOP-CA081,WGS,DNBSEQ-T7,Heart_Right_Ventricle,bam,CA081-4003.bam,446478.8,efccde98-cf93-410d-b60e-7abcee8a69ce
GTOP-CA081,WGS,DNBSEQ-T7,Heart_Right_Ventricle,bam,CA081-4003.hap2.bam,231194.8,ccce3067-2d49-46f6-a1bf-d1f1b116fdbd
GTOP-CA081,WGS,DNBSEQ-T7,Heart_Right_Ventricle,bam,CA081-4003.hap1.bam,231392.7,660def90-93bd-4e38-b803-c459424ebbfc
GTOP-CA081,WGS,DNBSEQ-T7,Liver,bam,CA081-1053.bam,578136.3,1dd86aae-509f-4589-b5fa-d20d844442e3
GTOP-CA081,WGS,DNBSEQ-T7,Liver,bam,CA081-1053.hap2.bam,418595.8,45aa288f-4360-4b4b-af46-e403d4a7d391
GTOP-CA081,WGS,DNBSEQ-T7,Liver,bam,CA081-1053.hap1.bam,418918.8,1b83b295-1f86-4c47-aa0b-060ab86866b0
GTOP-CA081,WGS,DNBSEQ-T7,Muscle,bam,CA081-0087.bam,512265.2,193a1ebe-386f-48a8-8011-4602d1dad5a8
GTOP-CA081,WGS,DNBSEQ-T7,Muscle,bam,CA081-0087.hap2.bam,278370,f88f1286-9e77-4038-aa73-d08135719db3
GTOP-CA081,WGS,DNBSEQ-T7,Muscle,bam,CA081-0087.hap1.bam,278589.4,ef34e8fa-e5fa-4cf0-86cd-a71b40c04aff
GTOP-CA081,WGS,DNBSEQ-T7,Pancreas_Head,bam,CA081-1108.bam,560974.7,e216b8f8-e240-485b-a8f8-e40315c23622
GTOP-CA081,WGS,DNBSEQ-T7,Pancreas_Head,bam,CA081-1108.hap1.bam,365306.1,ac2a8da9-7f12-4e7d-8fde-9222ea41b5c1
GTOP-CA081,WGS,DNBSEQ-T7,Pancreas_Head,bam,CA081-1108.hap2.bam,365144.1,a641a309-1607-4316-9435-4e47fc504deb
GTOP-CA081,WGS,DNBSEQ-T7,Whole_Blood,bam,CA081-0378.bam,579790.5,1b295d6a-66c1-42f1-9691-a94076846471
GTOP-CA081,WGS,DNBSEQ-T7,Whole_Blood,bam,CA081-0378.hap1.bam,484505.8,8c4832e4-c514-408f-9684-9b644f5571c7
GTOP-CA081,WGS,DNBSEQ-T7,Whole_Blood,bam,CA081-0378.hap2.bam,484214.5,10cf81bd-fec5-4d08-befb-693c0212f3ef
GTOP-CA081,WGS,PacBio HiFi,Whole_Blood,fasta,CA081-DMSO.hap2.corrected.fa,2859.7,cfebd6de-9b63-4b05-ae58-5b7028bd98db
GTOP-CA081,WGS,PacBio HiFi,Whole_Blood,fasta,CA081-DMSO.hap1.corrected.fa,2917,125e8e5d-bac1-4d34-9b3e-23926aed0a52
GTOP-CA081,WGS,PacBio HiFi,Whole_Blood,chain,CA081-DMSO.hap1Tohap2.liftover.chain,5.3,dedaea2d-6299-48e3-b4e2-1aa21b0059a4
GTOP-CA081,WGS,PacBio HiFi,Whole_Blood,chain,CA081-DMSO.hap2Tohap1.liftover.chain,5.4,cbb913ab-07d7-4cdb-b9b8-961e4ea400a1
GTOP-CA081,WGS,PacBio HiFi,Whole_Blood,chain,CA081-DMSO.hap1.hg38ToDSA.liftover.chain,6.6,3a615ffd-6ea7-429c-9243-088c5484a128
GTOP-CA081,WGS,PacBio HiFi,Whole_Blood,chain,CA081-DMSO.hap2.hg38ToDSA.liftover.chain,6.6,a4de2574-36f9-4d56-891c-48d84a5b5b81
GTOP-CA081,WGS,PacBio HiFi,Whole_Blood,chain,CA081-DMSO.hap1.DSATohg38.liftover.chain,6.9,7bc528eb-519b-4e4b-b423-286d483832e2
GTOP-CA081,WGS,PacBio HiFi,Whole_Blood,chain,CA081-DMSO.hap2.DSATohg38.liftover.chain,6.8,3fd94bc2-ed06-4c74-a123-e53a3c2c66c4
GTOP-CA121,WGS,DNBSEQ-T7,Gallbladder,fastq,CA121-1856_1.fq.gz,278699.8,3c767839-a145-4388-849b-8c39b543f964
GTOP-CA121,WGS,DNBSEQ-T7,Gallbladder,fastq,CA121-1856_2.fq.gz,272432.5,2c71258b-445f-43e2-b25c-42893ca28843
GTOP-CA121,WGS,DNBSEQ-T7,Liver,fastq,CA121-1053_1.fq.gz,301703.7,2b412851-33cc-41fe-9102-0aea5e21aedd
GTOP-CA121,WGS,DNBSEQ-T7,Liver,fastq,CA121-1053_2.fq.gz,307196.7,e140f4a2-4d2d-4e81-9e93-41c71ea1b341
GTOP-CA121,WGS,DNBSEQ-T7,Pancreas_Head,fastq,CA121-1108_1.fq.gz,264458.8,739711a0-c52a-4d73-8757-0208f1fdcb5f
GTOP-CA121,WGS,DNBSEQ-T7,Pancreas_Head,fastq,CA121-1108_2.fq.gz,275723.5,af0aabff-f756-40c8-898e-1243071bb699
GTOP-CA121,WGS,DNBSEQ-T7,Whole_Blood,fastq,CA121-0378_1.fq.gz,427112,1678e473-62b8-4bed-a58f-11cb4c31a712
GTOP-CA121,WGS,DNBSEQ-T7,Whole_Blood,fastq,CA121-0378_2.fq.gz,456176.4,e5440c26-5d32-4784-a2ae-cff2461a3a17
GTOP-CA121,WGS,DNBSEQ-T7,Gallbladder,bam,CA121-1856.bam,568572.6,3a6f96ee-ca21-4249-be65-871cb2ebb1e1
GTOP-CA121,WGS,DNBSEQ-T7,Gallbladder,bam,CA121-1856.hap2.bam,294330.6,61a7194f-5d7d-4215-815a-09241ac4d4b7
GTOP-CA121,WGS,DNBSEQ-T7,Gallbladder,bam,CA121-1856.hap1.bam,294186,d03b03af-49ba-4f82-899a-ed008eef1097
GTOP-CA121,WGS,DNBSEQ-T7,Liver,bam,CA121-1053.bam,540919.9,edbac870-3305-4017-bfda-71bdbdd3f90e
GTOP-CA121,WGS,DNBSEQ-T7,Liver,bam,CA121-1053.hap2.bam,351403.6,ca010967-2b00-4766-8b3e-98c0e274b944
GTOP-CA121,WGS,DNBSEQ-T7,Liver,bam,CA121-1053.hap1.bam,351296.4,9e9316d3-bf38-4d8c-a2b0-dada52689d0d
GTOP-CA121,WGS,DNBSEQ-T7,Pancreas_Head,bam,CA121-1108.bam,515196,d630d6d6-9e1a-412d-91e5-e7c40324f83c
GTOP-CA121,WGS,DNBSEQ-T7,Pancreas_Head,bam,CA121-1108.hap2.bam,318908.1,42dfed48-0a8a-4a43-9aa1-db71a4dffafb
GTOP-CA121,WGS,DNBSEQ-T7,Pancreas_Head,bam,CA121-1108.hap1.bam,318807.3,0c219c6c-3da1-4516-8ccd-5e8e9db4a62c
GTOP-CA121,WGS,DNBSEQ-T7,Whole_Blood,bam,CA121-0378.bam,537881.8,f17b4ff5-54d6-49e1-b2f2-e246acdc5747
GTOP-CA121,WGS,DNBSEQ-T7,Whole_Blood,bam,CA121-0378.hap2.bam,433717.3,768bd1e7-d48b-4afc-8ee1-62d55eb3dca3
GTOP-CA121,WGS,DNBSEQ-T7,Whole_Blood,bam,CA121-0378.hap1.bam,433554.3,bdc88217-1771-48d7-a1f7-2efb99726deb
GTOP-CA121,WGS,PacBio HiFi,Whole_Blood,fasta,CA121-DMSO.hap1.corrected.fa,2893.7,4b188f0d-6c5c-4280-a6de-24c8ba2dfdf9
GTOP-CA121,WGS,PacBio HiFi,Whole_Blood,fasta,CA121-DMSO.hap2.corrected.fa,2859.4,56396e04-3c6b-494d-8c1c-2b6198e64114
GTOP-CA121,WGS,PacBio HiFi,Whole_Blood,chain,CA121-DMSO.hap1Tohap2.liftover.chain,5.5,d447febe-677d-41bc-af36-4ba888195880
GTOP-CA121,WGS,PacBio HiFi,Whole_Blood,chain,CA121-DMSO.hap2Tohap1.liftover.chain,5.5,0c719bbd-f874-4fb9-81c1-e024cd009c26
GTOP-CA121,WGS,PacBio HiFi,Whole_Blood,chain,CA121-DMSO.hap1.hg38ToDSA.liftover.chain,6.7,c0ad2b99-4fc5-473f-8601-c252f5c5dde4
GTOP-CA121,WGS,PacBio HiFi,Whole_Blood,chain,CA121-DMSO.hap2.hg38ToDSA.liftover.chain,6.6,d96035b3-5857-42c0-b55b-dc45fa63db3f
GTOP-CA121,WGS,PacBio HiFi,Whole_Blood,chain,CA121-DMSO.hap1.DSATohg38.liftover.chain,7,8be977b6-f733-4ef4-b0d7-594016cf05cb
GTOP-CA121,WGS,PacBio HiFi,Whole_Blood,chain,CA121-DMSO.hap2.DSATohg38.liftover.chain,6.9,ba62b559-bd88-4ef5-bae7-c3561d9a4beb
GTOP-CA161,WGS,DNBSEQ-T7,Adrenal_Gland,fastq,CA161-2099_1.fq.gz,273082.8,b06c797b-4172-49c8-b43f-4b005c55cd96
GTOP-CA161,WGS,DNBSEQ-T7,Adrenal_Gland,fastq,CA161-2099_2.fq.gz,282156.8,d8aa57a4-ebe1-4ab4-b2a9-5b81330a229c
GTOP-CA161,WGS,DNBSEQ-T7,Gallbladder,fastq,CA161-1856_1.fq.gz,225159.9,150da5f1-9134-416d-88ea-a4ab2b57fbb0
GTOP-CA161,WGS,DNBSEQ-T7,Gallbladder,fastq,CA161-1856_2.fq.gz,232530.2,6bc4c189-8e35-4225-8836-99831ac2a640
GTOP-CA161,WGS,DNBSEQ-T7,Liver,fastq,CA161-1053_1.fq.gz,316624.7,7d1cd0ef-3817-4418-8f42-9b4207eecda6
GTOP-CA161,WGS,DNBSEQ-T7,Liver,fastq,CA161-1053_2.fq.gz,326032.6,2607ba6e-576e-4eea-8578-aa49f4931658
GTOP-CA161,WGS,DNBSEQ-T7,Pancreas_Head,fastq,CA161-1108_1.fq.gz,289406.4,a0d557ad-718a-4aa7-834d-59f385226b5a
GTOP-CA161,WGS,DNBSEQ-T7,Pancreas_Head,fastq,CA161-1108_2.fq.gz,302151.3,ecc136cc-b8d9-4291-9f98-3afbc4db36b8
GTOP-CA161,WGS,DNBSEQ-T7,Whole_Blood,fastq,CA161-0378_1.fq.gz,314750.4,b3d7b293-bdd0-4d67-a6da-0f54000a56e7
GTOP-CA161,WGS,DNBSEQ-T7,Whole_Blood,fastq,CA161-0378_2.fq.gz,310063.5,5bb10d57-10cb-4e47-9c14-55e3e4dac34f
GTOP-CA161,WGS,DNBSEQ-T7,Adrenal_Gland,bam,CA161-2099.bam,505429.7,2f89bf22-34d6-4048-9b96-72cf6e39d240
GTOP-CA161,WGS,DNBSEQ-T7,Adrenal_Gland,bam,CA161-2099.hap2.bam,338262,a2655976-5d83-48f4-8847-b32909970dc0
GTOP-CA161,WGS,DNBSEQ-T7,Adrenal_Gland,bam,CA161-2099.hap1.bam,338122.8,b62431a1-1c0f-47fd-827d-40c3c0835ad2
GTOP-CA161,WGS,DNBSEQ-T7,Gallbladder,bam,CA161-1856.bam,443416.2,be18a38f-e671-42e9-ae91-f174da2a15ab
GTOP-CA161,WGS,DNBSEQ-T7,Gallbladder,bam,CA161-1856.hap2.bam,264729.1,b667128f-99a7-429f-864a-d9d5140fa2c7
GTOP-CA161,WGS,DNBSEQ-T7,Gallbladder,bam,CA161-1856.hap1.bam,264593.1,c0a8a9bc-e10a-46fe-83bb-04df11f482e3
GTOP-CA161,WGS,DNBSEQ-T7,Liver,bam,CA161-1053.bam,572596.1,634d0da3-a00f-4743-9817-c312ba16690a
GTOP-CA161,WGS,DNBSEQ-T7,Liver,bam,CA161-1053.hap1.bam,371305,5d85661c-6073-4259-844b-2ddef7aaa36b
GTOP-CA161,WGS,DNBSEQ-T7,Liver,bam,CA161-1053.hap2.bam,371420.9,290dd964-2e6a-4048-afd9-f138ca7fe524
GTOP-CA161,WGS,DNBSEQ-T7,Pancreas_Head,bam,CA161-1108.bam,524733.7,38eba5a8-12d7-4692-ba4b-9539d411728e
GTOP-CA161,WGS,DNBSEQ-T7,Pancreas_Head,bam,CA161-1108.hap2.bam,343587.3,3d7e6c1c-114f-45ed-b003-f0c66326e5ae
GTOP-CA161,WGS,DNBSEQ-T7,Pancreas_Head,bam,CA161-1108.hap1.bam,343479,8f4bc1e6-b114-48ae-b8ca-06f1dbfcf319
GTOP-CA161,WGS,DNBSEQ-T7,Whole_Blood,bam,CA161-0378.bam,592850.6,306580c1-d9e4-4fab-a729-3ae5c2363030
GTOP-CA161,WGS,DNBSEQ-T7,Whole_Blood,bam,CA161-0378.hap2.bam,388327,8481b46d-722b-4e13-bcc9-338745b52c22
GTOP-CA161,WGS,DNBSEQ-T7,Whole_Blood,bam,CA161-0378.hap1.bam,388184.7,663f2b5c-4b2f-415d-9509-4ab9b4e176d7
GTOP-CA161,WGS,PacBio HiFi,Whole_Blood,fasta,CA161-DMSO.hap1.corrected.fa,2869.4,c5348fd0-b448-403e-83ed-6119cf8e734c
GTOP-CA161,WGS,PacBio HiFi,Whole_Blood,fasta,CA161-DMSO.hap2.corrected.fa,2864.4,bb0e659b-4be3-4d79-ada6-538d869f3c1b
GTOP-CA161,WGS,PacBio HiFi,Whole_Blood,chain,CA161-DMSO.hap1Tohap2.liftover.chain,5.5,3913291a-b2c9-4c48-ad86-9043b260b8d1
GTOP-CA161,WGS,PacBio HiFi,Whole_Blood,chain,CA161-DMSO.hap2Tohap1.liftover.chain,5.4,7a791744-da4f-4b8e-8b18-8efcbb03c964
GTOP-CA161,WGS,PacBio HiFi,Whole_Blood,chain,CA161-DMSO.hap1.hg38ToDSA.liftover.chain,6.7,9345709e-db33-48e1-a70c-36e48f5a3f71
GTOP-CA161,WGS,PacBio HiFi,Whole_Blood,chain,CA161-DMSO.hap2.hg38ToDSA.liftover.chain,6.6,46d1748a-c952-4d85-882d-2670d86f2f0a
GTOP-CA161,WGS,PacBio HiFi,Whole_Blood,chain,CA161-DMSO.hap1.DSATohg38.liftover.chain,6.9,22e7bbff-71aa-4fef-94dc-ef45e8b8280d
GTOP-CA171,WGS,DNBSEQ-T7,Liver,fastq,CA171-1053_1.fq.gz,287451.1,aaef5cb6-8c9c-41a3-8d94-3f561f7a1e76
GTOP-CA171,WGS,DNBSEQ-T7,Liver,fastq,CA171-1053_2.fq.gz,294917.8,7e5e931a-79b2-4ad4-a73f-e4e04b962395
GTOP-CA171,WGS,DNBSEQ-T7,Whole_Blood,fastq,CA171-0378_1.fq.gz,383642.2,248a8ad2-4f73-4bff-8f6e-199c989f5f1d
GTOP-CA171,WGS,DNBSEQ-T7,Whole_Blood,fastq,CA171-0378_2.fq.gz,383981.6,2f0573ff-18f3-4482-b493-34bfa3c95f45
GTOP-CA171,WGS,DNBSEQ-T7,Liver,bam,CA171-1053.bam,546468.8,332beb72-b5e5-43bd-a84b-4275671ad035
GTOP-CA171,WGS,DNBSEQ-T7,Liver,bam,CA171-1053.hap2.bam,351385.5,8fe10027-f8c9-4924-b5dd-263964fdd856
GTOP-CA171,WGS,DNBSEQ-T7,Liver,bam,CA171-1053.hap1.bam,353129.9,19781fb3-bb68-4e99-87ab-1d80c5eb7427
GTOP-CA171,WGS,DNBSEQ-T7,Whole_Blood,bam,CA171-0378.bam,553319.2,087065e1-a731-4bc0-86ab-0a0fa59058ba
GTOP-CA171,WGS,DNBSEQ-T7,Whole_Blood,bam,CA171-0378.hap1.bam,452502.8,78f144d2-6c8a-49af-b2d0-b4c395b4c227
GTOP-CA171,WGS,DNBSEQ-T7,Whole_Blood,bam,CA171-0378.hap2.bam,450461.8,0a23447b-af46-4432-afa8-9b6fd2ebfc54
GTOP-CA171,WGS,PacBio HiFi,Whole_Blood,fasta,CA171-DMSO.hap2.corrected.fa,2851.7,afeff207-cc1f-42c5-bfa6-b3594a5bafce
GTOP-CA171,WGS,PacBio HiFi,Whole_Blood,fasta,CA171-DMSO.hap1.corrected.fa,2809.8,1afade11-4bda-4bb4-8ac5-674a39e22b2e
GTOP-CA171,WGS,PacBio HiFi,Whole_Blood,chain,CA171-DMSO.hap1Tohap2.liftover.chain,5.4,a972b2e0-32bc-459c-9060-ba239ec60f8f
GTOP-CA171,WGS,PacBio HiFi,Whole_Blood,chain,CA171-DMSO.hap2Tohap1.liftover.chain,5.3,1c65440c-58ea-4694-89df-da891cd8881f
GTOP-CA171,WGS,PacBio HiFi,Whole_Blood,chain,CA171-DMSO.hap1.hg38ToDSA.liftover.chain,6.5,836253cf-5f61-41e0-9e8c-d75ac6551901
GTOP-CA171,WGS,PacBio HiFi,Whole_Blood,chain,CA171-DMSO.hap2.hg38ToDSA.liftover.chain,6.6,34f89d67-a711-4b54-917f-c795211a301b
GTOP-CA171,WGS,PacBio HiFi,Whole_Blood,chain,CA171-DMSO.hap1.DSATohg38.liftover.chain,6.8,92b1eaa3-050f-4e90-a2d2-620a82a95be7
GTOP-CA171,WGS,PacBio HiFi,Whole_Blood,chain,CA171-DMSO.hap2.DSATohg38.liftover.chain,6.8,2897977a-d988-45d8-87ee-5dcc7531a8c8
GTOP-CA181,WGS,DNBSEQ-T7,Liver,fastq,CA181-1053_1.fq.gz,291417.7,7d9a56e1-1c88-47f4-b1fe-8e4fa8456bc3
GTOP-CA181,WGS,DNBSEQ-T7,Liver,fastq,CA181-1053_2.fq.gz,300640.2,d4801e31-45da-451a-94ce-2b4d06881629
GTOP-CA181,WGS,DNBSEQ-T7,Whole_Blood,fastq,CA181-0378_1.fq.gz,257687.8,1d3b0c5f-db9d-4c98-8344-74f9ef84b74a
GTOP-CA181,WGS,DNBSEQ-T7,Whole_Blood,fastq,CA181-0378_2.fq.gz,258386.6,779f89db-203c-4bde-9deb-535fd27cf301
GTOP-CA181,WGS,DNBSEQ-T7,Liver,bam,CA181-1053.bam,522765.9,3f0ebe76-7646-462b-87f0-c7b19a2f0dd7
GTOP-CA181,WGS,DNBSEQ-T7,Liver,bam,CA181-1053.hap1.bam,351619.3,4e4dd07d-078e-481e-87a9-ab0b84f475f3
GTOP-CA181,WGS,DNBSEQ-T7,Liver,bam,CA181-1053.hap2.bam,351957.7,28166c90-dfe4-492b-b0ab-a1142ae1e88a
GTOP-CA181,WGS,DNBSEQ-T7,Whole_Blood,bam,CA181-0378.bam,456399.9,e8b16d2e-a7b8-412d-86ba-c2467b9994a7
GTOP-CA181,WGS,DNBSEQ-T7,Whole_Blood,bam,CA181-0378.hap2.bam,293743.7,f9861568-f035-4de6-a5fc-d4b6ffcdd86d
GTOP-CA181,WGS,DNBSEQ-T7,Whole_Blood,bam,CA181-0378.hap1.bam,293432.7,99590d3f-b552-4e75-b392-f66265e2796b
GTOP-CA181,WGS,PacBio HiFi,Whole_Blood,fasta,CA181-DMSO.hap1.corrected.fa,2887.9,9f6b8b5a-e549-44d3-8a4f-3e254b60d602
GTOP-CA181,WGS,PacBio HiFi,Whole_Blood,fasta,CA181-DMSO.hap2.corrected.fa,2854.6,8fdef464-1f0a-48c5-b3f0-1dacdd10be23
GTOP-CA181,WGS,PacBio HiFi,Whole_Blood,chain,CA181-DMSO.hap1Tohap2.liftover.chain,5.4,2cbcbc78-8049-49d1-9133-e7212fab4073
GTOP-CA181,WGS,PacBio HiFi,Whole_Blood,chain,CA181-DMSO.hap2Tohap1.liftover.chain,5.5,522a1ad8-cb97-47b1-a496-5687d7cb89f0
GTOP-CA181,WGS,PacBio HiFi,Whole_Blood,chain,CA181-DMSO.hap1.hg38ToDSA.liftover.chain,6.6,5dc84966-fc60-41f1-91bd-e9c788bff3ce
GTOP-CA181,WGS,PacBio HiFi,Whole_Blood,chain,CA181-DMSO.hap2.hg38ToDSA.liftover.chain,6.6,c4b7bba2-c751-4289-aa9e-ee7241faa64a
GTOP-CA181,WGS,PacBio HiFi,Whole_Blood,chain,CA181-DMSO.hap1.DSATohg38.liftover.chain,6.8,e0892803-6478-40db-bea3-015342bd6d84
GTOP-CA181,WGS,PacBio HiFi,Whole_Blood,chain,CA181-DMSO.hap2.DSATohg38.liftover.chain,6.8,e86a5467-67be-4022-b3af-de879186039c
GTOP-CA241,WGS,DNBSEQ-T7,Liver,fastq,CA241-1053_1.fq.gz,314190.3,e4e83dd1-3fcd-4434-91d2-3a3a64e3ec2e
GTOP-CA241,WGS,DNBSEQ-T7,Liver,fastq,CA241-1053_2.fq.gz,307595.2,21e0ecef-6ec1-461c-83da-5b405fc06124
GTOP-CA241,WGS,DNBSEQ-T7,Lung_Base,fastq,CA241-5032_1.fq.gz,228679,d8a9bd90-b085-4e5d-b910-77df7c0e02dd
GTOP-CA241,WGS,DNBSEQ-T7,Lung_Base,fastq,CA241-5032_2.fq.gz,215663.9,a99d0fe8-0051-40b3-ad5c-24866d12bf09
GTOP-CA241,WGS,DNBSEQ-T7,Muscle,fastq,CA241-0087_1.fq.gz,230641.3,0576add7-a673-4309-89ec-5ab25380a3a7
GTOP-CA241,WGS,DNBSEQ-T7,Muscle,fastq,CA241-0087_2.fq.gz,221657.7,d82f5928-8207-43ab-9986-948a60c74289
GTOP-CA241,WGS,DNBSEQ-T7,Whole_Blood,fastq,CA241-0378_1.fq.gz,218117.6,9fc716af-32b5-4ea7-a1f4-6371b6323ca0
GTOP-CA241,WGS,DNBSEQ-T7,Whole_Blood,fastq,CA241-0378_2.fq.gz,213830.8,a434ed78-f67d-41df-b13a-99fb9533c714
GTOP-CA241,WGS,DNBSEQ-T7,Liver,bam,CA241-1053.bam,586391.5,3ee3cd3a-5cd1-4d40-b86a-76e02e397b58
GTOP-CA241,WGS,DNBSEQ-T7,Liver,bam,CA241-1053.hap2.bam,374531.9,c85a71ea-67a1-40ad-86d4-113e531249ce
GTOP-CA241,WGS,DNBSEQ-T7,Liver,bam,CA241-1053.hap1.bam,374403.2,8dfff97c-46e5-4546-9913-a1df6b189252
GTOP-CA241,WGS,DNBSEQ-T7,Lung_Base,bam,CA241-5032.bam,529713.2,64cb0c28-0d23-4afb-bc67-dbae86e749c4
GTOP-CA241,WGS,DNBSEQ-T7,Lung_Base,bam,CA241-5032.hap1.bam,229887,48eb53ea-7772-45fa-bdaa-d2c92098bda1
GTOP-CA241,WGS,DNBSEQ-T7,Lung_Base,bam,CA241-5032.hap2.bam,229921.2,698c68ea-f82a-4dce-bd68-aeca13f5c943
GTOP-CA241,WGS,DNBSEQ-T7,Muscle,bam,CA241-0087.bam,473947.6,e95583c6-084a-4b08-adcd-2220e1b2040a
GTOP-CA241,WGS,DNBSEQ-T7,Muscle,bam,CA241-0087.hap2.bam,239321.2,473b5180-1f36-4aca-a104-58d2439e9f0c
GTOP-CA241,WGS,DNBSEQ-T7,Muscle,bam,CA241-0087.hap1.bam,239280.5,dea27df5-9988-4021-bcd3-ba854ef45269
GTOP-CA241,WGS,DNBSEQ-T7,Whole_Blood,bam,CA241-0378.bam,424556.6,40570820-ba94-40d5-bb38-7d9813cc9c42
GTOP-CA241,WGS,DNBSEQ-T7,Whole_Blood,bam,CA241-0378.hap1.bam,247461,bda17b96-61c1-4821-b60d-9925e0ed8575
GTOP-CA241,WGS,DNBSEQ-T7,Whole_Blood,bam,CA241-0378.hap2.bam,247501.5,10e1757d-7284-4af5-ba68-325134ce0065
GTOP-CA241,WGS,PacBio HiFi,Whole_Blood,fasta,CA241-DMSO.hap2.corrected.fa,2836.2,c74b1688-fa76-4805-a568-a1a61f87961b
GTOP-CA241,WGS,PacBio HiFi,Whole_Blood,fasta,CA241-DMSO.hap1.corrected.fa,2840.5,459f6f5a-c1b6-4033-b5ae-4039ea8c8335
GTOP-CA241,WGS,PacBio HiFi,Whole_Blood,chain,CA241-DMSO.hap1Tohap2.liftover.chain,5.5,77af58a2-4462-48d7-8ce6-6433dd4b95ab
GTOP-CA241,WGS,PacBio HiFi,Whole_Blood,chain,CA241-DMSO.hap2Tohap1.liftover.chain,5.5,be5d2d83-c8e4-4265-a631-351bf3c89ac9
GTOP-CA241,WGS,PacBio HiFi,Whole_Blood,chain,CA241-DMSO.hap1.hg38ToDSA.liftover.chain,6.7,322252e5-d55e-4faf-a1be-edda56fa0eb4
GTOP-CA241,WGS,PacBio HiFi,Whole_Blood,chain,CA241-DMSO.hap2.hg38ToDSA.liftover.chain,6.6,cd6ef8d7-ab42-4dde-a1e7-fa204a603d19
GTOP-CA241,WGS,PacBio HiFi,Whole_Blood,chain,CA241-DMSO.hap1.DSATohg38.liftover.chain,6.8,a0c482a1-e907-4543-a45a-0944db68e339
GTOP-CA241,WGS,PacBio HiFi,Whole_Blood,chain,CA241-DMSO.hap2.DSATohg38.liftover.chain,6.8,370e8374-e9d9-4de4-8706-bc5e34f9abcc
GTOP-CB151,WGS,DNBSEQ-T7,Gallbladder,fastq,CB151-1856_1.fq.gz,325418.2,0d60a551-9340-4761-910f-4758f94090f4
GTOP-CB151,WGS,DNBSEQ-T7,Gallbladder,fastq,CB151-1856_2.fq.gz,323998.7,a8821db4-93bb-4384-93d1-f363df45a013
GTOP-CB151,WGS,DNBSEQ-T7,Liver,fastq,CB151-1053_1.fq.gz,200365,722534d6-15ea-402a-81d8-2be3ac2bd0f2
GTOP-CB151,WGS,DNBSEQ-T7,Liver,fastq,CB151-1053_2.fq.gz,193666.6,e91444f0-1095-4278-93cb-a1aca66d987c
GTOP-CB151,WGS,DNBSEQ-T7,Whole_Blood,fastq,CB151-0378_1.fq.gz,228484.5,ef378fce-455c-4b5b-be79-6d64d6c3c19d
GTOP-CB151,WGS,DNBSEQ-T7,Whole_Blood,fastq,CB151-0378_2.fq.gz,220252.2,d958d499-f015-498c-a464-366eb8fe04e7
GTOP-CB151,WGS,DNBSEQ-T7,Gallbladder,bam,CB151-1856.bam,545382.5,b2699e9d-fd80-4148-a024-7ffb08810721
GTOP-CB151,WGS,DNBSEQ-T7,Gallbladder,bam,CB151-1856.hap2.bam,390485.5,5f854bc4-c3c8-4df6-8bd7-04668debe4ee
GTOP-CB151,WGS,DNBSEQ-T7,Gallbladder,bam,CB151-1856.hap1.bam,390395.2,9b842ef9-28c6-4b3c-b38d-1d558b43772f
GTOP-CB151,WGS,DNBSEQ-T7,Liver,bam,CB151-1053.bam,384827.3,b5a9997a-8f44-4799-922a-749df258336e
GTOP-CB151,WGS,DNBSEQ-T7,Liver,bam,CB151-1053.hap1.bam,209224.2,ba1a42e1-01a1-4da1-ab61-a32138e6ffc0
GTOP-CB151,WGS,DNBSEQ-T7,Liver,bam,CB151-1053.hap2.bam,209267.5,851fc321-f07c-4cf7-97fb-952c3f9a9752
GTOP-CB151,WGS,DNBSEQ-T7,Whole_Blood,bam,CB151-0378.bam,466430.5,9c9e3ea7-4631-4c90-9235-29d8481417be
GTOP-CB151,WGS,DNBSEQ-T7,Whole_Blood,bam,CB151-0378.hap2.bam,232705.9,ab913d85-4b4e-4e24-ae8d-9b1d60ee7927
GTOP-CB151,WGS,DNBSEQ-T7,Whole_Blood,bam,CB151-0378.hap1.bam,232551.7,f13d927c-4c24-4cba-a29b-af46ed72b5bc
GTOP-CB151,WGS,PacBio HiFi,Whole_Blood,fasta,CB151-DMSO.hap1.corrected.fa,2875.1,d3f6ae23-8b89-4ed7-995c-60c4e5ce2a4f
GTOP-CB151,WGS,PacBio HiFi,Whole_Blood,fasta,CB151-DMSO.hap2.corrected.fa,2874.3,19099c79-0add-45a1-bb4b-274696240c3b
GTOP-CB151,WGS,PacBio HiFi,Whole_Blood,chain,CB151-DMSO.hap1Tohap2.liftover.chain,5.5,96a546c4-de1b-4d51-94df-0ff72b129d02
GTOP-CB151,WGS,PacBio HiFi,Whole_Blood,chain,CB151-DMSO.hap2Tohap1.liftover.chain,5.5,469b59e9-92ef-40f7-966f-ca77efea3d53
GTOP-CB151,WGS,PacBio HiFi,Whole_Blood,chain,CB151-DMSO.hap1.hg38ToDSA.liftover.chain,6.6,07ec85c8-20d7-42e3-a1c3-5e333a1f640d
GTOP-CB151,WGS,PacBio HiFi,Whole_Blood,chain,CB151-DMSO.hap2.hg38ToDSA.liftover.chain,6.7,7dbb730a-5377-4ad4-96b5-c528898854fb
GTOP-CB151,WGS,PacBio HiFi,Whole_Blood,chain,CB151-DMSO.hap1.DSATohg38.liftover.chain,6.8,84c946e1-8db4-400b-9a20-3f4e7c7055f4
GTOP-CB151,WGS,PacBio HiFi,Whole_Blood,chain,CB151-DMSO.hap2.DSATohg38.liftover.chain,6.8,134d4e7c-bbf7-4c43-8757-fbeaa82e5358
GTOP-CB261,WGS,DNBSEQ-T7,Skin,fastq,CB261-0262_1.fq.gz,318607.5,83d696c0-bb41-424c-9f01-d120c4aed80e
GTOP-CB261,WGS,DNBSEQ-T7,Skin,fastq,CB261-0262_2.fq.gz,326990,c6ce2aad-40aa-4f55-a202-1c8684bd548c
GTOP-CB261,WGS,DNBSEQ-T7,Whole_Blood,fastq,CB261-0378_1.fq.gz,232731,bff9d514-e95d-4c07-9345-392e2436ec63
GTOP-CB261,WGS,DNBSEQ-T7,Whole_Blood,fastq,CB261-0378_2.fq.gz,225256.6,1a1a65bc-8924-48ff-aaaa-f72a4ec1728f
GTOP-CB261,WGS,DNBSEQ-T7,Skin,bam,CB261-0262.bam,538638.3,acf72d92-2b73-4e0f-9f2e-09bb2a599907
GTOP-CB261,WGS,DNBSEQ-T7,Skin,bam,CB261-0262.hap2.bam,359647,47b7ab44-f780-477b-a3b5-08af867d7394
GTOP-CB261,WGS,DNBSEQ-T7,Skin,bam,CB261-0262.hap1.bam,359585.5,e73976c3-9354-40c2-b998-7880f27bfe9f
GTOP-CB261,WGS,DNBSEQ-T7,Whole_Blood,bam,CB261-0378.bam,471979.6,dd370be6-8d6d-417e-95da-766ec27dc50e
GTOP-CB261,WGS,DNBSEQ-T7,Whole_Blood,bam,CB261-0378.hap2.bam,248211.2,8d95ae5b-1e49-4172-9883-ca80f3057bde
GTOP-CB261,WGS,DNBSEQ-T7,Whole_Blood,bam,CB261-0378.hap1.bam,248148.2,25cf1a20-b9f8-42b8-9140-f41d1a4d0207
GTOP-CB261,WGS,PacBio HiFi,Whole_Blood,fasta,CB261-DMSO.hap1.corrected.fa,2882.3,ccec3c20-63ac-467d-8f44-be807df6a282
GTOP-CB261,WGS,PacBio HiFi,Whole_Blood,fasta,CB261-DMSO.hap2.corrected.fa,2863.5,0eb0454c-8a59-442d-8dcd-37e9fcd0a2c5
GTOP-CB261,WGS,PacBio HiFi,Whole_Blood,chain,CB261-DMSO.hap1Tohap2.liftover.chain,5.4,4c20292d-9492-4d8b-99e6-036aa1475271
GTOP-CB261,WGS,PacBio HiFi,Whole_Blood,chain,CB261-DMSO.hap2Tohap1.liftover.chain,5.4,2c0e9de5-7897-41e8-861f-42e17a91d7a3
GTOP-CB261,WGS,PacBio HiFi,Whole_Blood,chain,CB261-DMSO.hap1.hg38ToDSA.liftover.chain,6.7,5e1aac89-1d2f-44cb-a870-a669a51397d0
GTOP-CB261,WGS,PacBio HiFi,Whole_Blood,chain,CB261-DMSO.hap2.hg38ToDSA.liftover.chain,6.7,0ad9277b-f45d-483e-bbb0-ba6a453d77cd
GTOP-CB261,WGS,PacBio HiFi,Whole_Blood,chain,CB261-DMSO.hap1.DSATohg38.liftover.chain,6.9,916cbb01-1be8-4bca-892a-7d39b5e3e4fd
GTOP-CB261,WGS,PacBio HiFi,Whole_Blood,chain,CB261-DMSO.hap2.DSATohg38.liftover.chain,6.9,318ff803-7bcd-40bc-b9de-7a4e1df824ab
GTOP-CC131,WGS,DNBSEQ-T7,Whole_Blood,fastq,CC131-0378_1.fq.gz,224005,0b050684-e065-4dc2-ae8d-ca3651fe961a
GTOP-CC131,WGS,DNBSEQ-T7,Whole_Blood,fastq,CC131-0378_2.fq.gz,215748.3,b4f9f835-8174-447e-a3b4-1606302c3241
GTOP-CC131,WGS,DNBSEQ-T7,Whole_Blood,bam,CC131-0378.bam,453564.6,ac4316bd-6859-4530-a04d-703e7edc4d59
GTOP-CC131,WGS,DNBSEQ-T7,Whole_Blood,bam,CC131-0378.hap1.bam,234470.5,fdf86381-aaf7-4dc4-ba6c-0b8f2716e32b
GTOP-CC131,WGS,DNBSEQ-T7,Whole_Blood,bam,CC131-0378.hap2.bam,236440.7,6ce0ea73-e406-49fd-a80c-c7cad5cc5559
GTOP-CC131,WGS,PacBio HiFi,Whole_Blood,fasta,CC131-DMSO.hap2.corrected.fa,2725.2,7ab4d4c6-9aa5-4fd4-a3ab-8afea1c624d2
GTOP-CC131,WGS,PacBio HiFi,Whole_Blood,fasta,CC131-DMSO.hap1.corrected.fa,2784,51998c38-ebbe-4363-9617-e2b690d16856
GTOP-CC131,WGS,PacBio HiFi,Whole_Blood,chain,CC131-DMSO.hap1Tohap2.liftover.chain,5.2,c909e6c4-1567-47bb-971f-760f91f4d375
GTOP-CC131,WGS,PacBio HiFi,Whole_Blood,chain,CC131-DMSO.hap2Tohap1.liftover.chain,5.2,8ecdf59b-9279-4ac6-8acd-08c12cdd34ff
GTOP-CC131,WGS,PacBio HiFi,Whole_Blood,chain,CC131-DMSO.hap1.hg38ToDSA.liftover.chain,6.5,c754f8f3-a949-424d-9dab-2e1c0e5e046d
GTOP-CC131,WGS,PacBio HiFi,Whole_Blood,chain,CC131-DMSO.hap2.hg38ToDSA.liftover.chain,6.4,b173f309-13f9-4c3e-9442-eb247d0f157a
GTOP-CC131,WGS,PacBio HiFi,Whole_Blood,chain,CC131-DMSO.hap1.DSATohg38.liftover.chain,6.7,98f13019-7ffc-4931-ab5f-d96800a6795c
GTOP-CC131,WGS,PacBio HiFi,Whole_Blood,chain,CC131-DMSO.hap2.DSATohg38.liftover.chain,6.6,8a6e7350-3850-4cbb-8cbb-d43f50e6849d
GTOP-CC241,WGS,DNBSEQ-T7,Colon,fastq,CC241-1584_1.fq.gz,218236.3,60a2a555-39f2-41a0-b9df-e3f6eff348ae
GTOP-CC241,WGS,DNBSEQ-T7,Colon,fastq,CC241-1584_2.fq.gz,215190,9b7e5045-6711-48f8-83a4-48493f44ca10
GTOP-CC241,WGS,DNBSEQ-T7,Esophagus,fastq,CC241-1710_1.fq.gz,216235.4,ad482eff-872e-4692-992f-dca7d59ce3b7
GTOP-CC241,WGS,DNBSEQ-T7,Esophagus,fastq,CC241-1710_2.fq.gz,213220.1,6ceffb42-75c0-43c1-8e2e-4eb9ee822037
GTOP-CC241,WGS,DNBSEQ-T7,Gallbladder,fastq,CC241-1856_1.fq.gz,220193.6,8a5f5479-2008-4960-9a2d-f9a11f9da045
GTOP-CC241,WGS,DNBSEQ-T7,Gallbladder,fastq,CC241-1856_2.fq.gz,214353.5,71759193-0b86-48d4-8967-bcaccd0bb6ae
GTOP-CC241,WGS,DNBSEQ-T7,Lung_Apex,fastq,CC241-5156_1.fq.gz,207030.9,13c0cbe7-a505-4b60-b710-29120bc792cf
GTOP-CC241,WGS,DNBSEQ-T7,Lung_Apex,fastq,CC241-5156_2.fq.gz,196598.4,48c43db3-13fd-4ba9-90d6-17b70d093a7e
GTOP-CC241,WGS,DNBSEQ-T7,Muscle,fastq,CC241-0087_1.fq.gz,239513.3,94db7613-001a-49bb-a3d2-3410c89df952
GTOP-CC241,WGS,DNBSEQ-T7,Muscle,fastq,CC241-0087_2.fq.gz,234252.1,1f10a280-6ec1-40d9-8e1e-98f902a5fe61
GTOP-CC241,WGS,DNBSEQ-T7,Ovary,fastq,CC241-6235_1.fq.gz,214182.3,e3143463-62af-46fd-9c30-85a6eeffbaa6
GTOP-CC241,WGS,DNBSEQ-T7,Ovary,fastq,CC241-6235_2.fq.gz,205360.6,71fc1149-14c7-456c-91d2-44bd50287149
GTOP-CC241,WGS,DNBSEQ-T7,Skin,fastq,CC241-0262_1.fq.gz,278718.3,47391f49-fe6f-4e2f-802d-404f442ce5be
GTOP-CC241,WGS,DNBSEQ-T7,Skin,fastq,CC241-0262_2.fq.gz,275357.7,898a27df-c58e-40f7-913f-18458deea1c5
GTOP-CC241,WGS,DNBSEQ-T7,Stomach,fastq,CC241-1601_1.fq.gz,235545.2,585affb9-394a-4c55-92a8-b25842359349
GTOP-CC241,WGS,DNBSEQ-T7,Stomach,fastq,CC241-1601_2.fq.gz,216145.2,95a0415c-7995-4355-afac-8d5fcdb4b7e1
GTOP-CC241,WGS,DNBSEQ-T7,Uterus,fastq,CC241-6246_1.fq.gz,217788.6,55d18d77-739e-4919-bd67-8cee88a4bead
GTOP-CC241,WGS,DNBSEQ-T7,Uterus,fastq,CC241-6246_2.fq.gz,206389.3,5e75c58a-569a-492b-99ee-7ad4fb3161c0
GTOP-CC241,WGS,DNBSEQ-T7,Whole_Blood,fastq,CC241-0378_1.fq.gz,250954.4,0f2134dc-8426-495a-acf0-f6f581a13fde
GTOP-CC241,WGS,DNBSEQ-T7,Whole_Blood,fastq,CC241-0378_2.fq.gz,240382.3,cfe3acfc-7dca-4d54-8ca7-d2b71044188e
GTOP-CC241,WGS,DNBSEQ-T7,Colon,bam,CC241-1584.bam,486854.8,990f5d00-9397-460a-af83-2510d0aaa210
GTOP-CC241,WGS,DNBSEQ-T7,Colon,bam,CC241-1584.hap1.bam,212047.1,dd3cb162-dd4f-455e-b7c2-cc30c847a47b
GTOP-CC241,WGS,DNBSEQ-T7,Colon,bam,CC241-1584.hap2.bam,212118.6,7deb4c69-f4ef-4c95-8ccc-c865b6644a4e
GTOP-CC241,WGS,DNBSEQ-T7,Esophagus,bam,CC241-1710.bam,507436.1,24dc6760-5f17-406c-b47b-af1732619997
GTOP-CC241,WGS,DNBSEQ-T7,Esophagus,bam,CC241-1710.hap2.bam,221276,1acefff5-fcf8-4667-a3a7-4416598cc9e5
GTOP-CC241,WGS,DNBSEQ-T7,Esophagus,bam,CC241-1710.hap1.bam,221203.3,89bb3729-8e89-473c-8396-896a07becada
GTOP-CC241,WGS,DNBSEQ-T7,Gallbladder,bam,CC241-1856.bam,476548.6,89307df2-8861-43c0-a398-701e3482b2ee
GTOP-CC241,WGS,DNBSEQ-T7,Gallbladder,bam,CC241-1856.hap2.bam,236408.5,daf4f539-6dfc-4772-98bd-6bf33a4d2a0f
GTOP-CC241,WGS,DNBSEQ-T7,Gallbladder,bam,CC241-1856.hap1.bam,236316.8,0504bd04-c7fc-4ba5-8b5a-2cfa38514108
GTOP-CC241,WGS,DNBSEQ-T7,Lung_Apex,bam,CC241-5156.bam,473690,7b4a939d-b24f-4562-9396-204d6920c5a5
GTOP-CC241,WGS,DNBSEQ-T7,Lung_Apex,bam,CC241-5156.hap1.bam,206792.3,7b71a15f-1867-4874-b9af-fff95be217ae
GTOP-CC241,WGS,DNBSEQ-T7,Lung_Apex,bam,CC241-5156.hap2.bam,206861.5,aacfdbe3-5971-4011-bb5f-624df8b11f6f
GTOP-CC241,WGS,DNBSEQ-T7,Muscle,bam,CC241-0087.bam,483099.4,01fea571-1406-456b-9218-768acb013152
GTOP-CC241,WGS,DNBSEQ-T7,Muscle,bam,CC241-0087.hap2.bam,269154.5,1aa1385b-09d6-4c4d-863c-1f8077c1d02d
GTOP-CC241,WGS,DNBSEQ-T7,Muscle,bam,CC241-0087.hap1.bam,269074.4,6215eb1e-0895-4415-9ea9-5b1ab79b9d9d
GTOP-CC241,WGS,DNBSEQ-T7,Ovary,bam,CC241-6235.bam,492035.3,938cb869-e51d-43ce-8f6c-63f698e5ed97
GTOP-CC241,WGS,DNBSEQ-T7,Ovary,bam,CC241-6235.hap2.bam,210878.9,12e9436c-876f-4cbc-9d8c-4c2c82a08d56
GTOP-CC241,WGS,DNBSEQ-T7,Ovary,bam,CC241-6235.hap1.bam,210813.8,6a9f6081-56bb-4929-bb34-d2cc8854ac3b
GTOP-CC241,WGS,DNBSEQ-T7,Skin,bam,CC241-0262.bam,576692.9,a3c45607-f4da-4897-89be-7a65c36f555c
GTOP-CC241,WGS,DNBSEQ-T7,Skin,bam,CC241-0262.hap1.bam,286277.9,9fc4df8c-5ea8-4521-9651-6bfc61c76492
GTOP-CC241,WGS,DNBSEQ-T7,Skin,bam,CC241-0262.hap2.bam,286412.6,03a3f4f8-9570-4af6-9faa-5063d8942ec8
GTOP-CC241,WGS,DNBSEQ-T7,Stomach,bam,CC241-1601.bam,506903.3,e7ce516d-67f4-4de0-9e81-36588f1af752
GTOP-CC241,WGS,DNBSEQ-T7,Stomach,bam,CC241-1601.hap1.bam,221618.4,13d44fb5-c6bf-4252-8714-cf721c63e685
GTOP-CC241,WGS,DNBSEQ-T7,Stomach,bam,CC241-1601.hap2.bam,221687.5,2a07154a-9586-479c-a1af-ec3bdd441f10
GTOP-CC241,WGS,DNBSEQ-T7,Uterus,bam,CC241-6246.bam,493998.4,f816f029-8921-4a7d-aee0-48dd5ae1f1aa
GTOP-CC241,WGS,DNBSEQ-T7,Uterus,bam,CC241-6246.hap1.bam,213354.5,0e6d330b-5898-4b4b-affc-ba64cfb13c28
GTOP-CC241,WGS,DNBSEQ-T7,Uterus,bam,CC241-6246.hap2.bam,213427.4,88a85111-b0ac-48aa-9260-952fba558e89
GTOP-CC241,WGS,DNBSEQ-T7,Whole_Blood,bam,CC241-0378.bam,497242.1,6ca45434-cddc-47ff-8e61-d871e53d4ec3
GTOP-CC241,WGS,DNBSEQ-T7,Whole_Blood,bam,CC241-0378.hap1.bam,250258.5,e7ddbf13-cd6c-4254-8809-facc61d3aabe
GTOP-CC241,WGS,DNBSEQ-T7,Whole_Blood,bam,CC241-0378.hap2.bam,250391.4,c52b8d20-f1e2-47be-992b-906217305295
GTOP-CC241,WGS,PacBio HiFi,Whole_Blood,fasta,CC241-DMSO.hap2.corrected.fa,2890.2,1b884807-33d1-4069-a28b-74476d4bb05c
GTOP-CC241,WGS,PacBio HiFi,Whole_Blood,fasta,CC241-DMSO.hap1.corrected.fa,2897.6,f8af0c24-cc93-46b2-a5d5-3276fcd683d2
GTOP-CC241,WGS,PacBio HiFi,Whole_Blood,chain,CC241-DMSO.hap1Tohap2.liftover.chain,5.3,cd2ec95d-44e0-4ded-8f03-c3f605160c3a
GTOP-CC241,WGS,PacBio HiFi,Whole_Blood,chain,CC241-DMSO.hap2Tohap1.liftover.chain,5.3,fb867afd-828b-4988-a804-cb75802b0f6e
GTOP-CC241,WGS,PacBio HiFi,Whole_Blood,chain,CC241-DMSO.hap1.hg38ToDSA.liftover.chain,6.7,e285e7d7-7ab0-4200-bda9-560646f29bbb
GTOP-CC241,WGS,PacBio HiFi,Whole_Blood,chain,CC241-DMSO.hap2.hg38ToDSA.liftover.chain,6.7,ac67b5be-a390-4762-8a0a-46b5ca71f127
GTOP-CC241,WGS,PacBio HiFi,Whole_Blood,chain,CC241-DMSO.hap1.DSATohg38.liftover.chain,6.8,f84f33d0-adcc-45cc-b21a-19113a8c726f
GTOP-CC241,WGS,PacBio HiFi,Whole_Blood,chain,CC241-DMSO.hap2.DSATohg38.liftover.chain,6.9,0f96b6d7-fb42-4d09-afd6-302736ee8a2d
GTOP-CC311,WGS,DNBSEQ-T7,Gallbladder,fastq,CC311-1856_1.fq.gz,297265.7,7d8a2f64-34cc-43fd-85d5-800755e922c1
GTOP-CC311,WGS,DNBSEQ-T7,Gallbladder,fastq,CC311-1856_2.fq.gz,290658.1,8f683d7e-e8ef-4080-b4a3-655eee7a751c
GTOP-CC311,WGS,DNBSEQ-T7,Lung_Apex,fastq,CC311-5156_1.fq.gz,203492.5,7a47e5be-dea4-4ee5-a5bb-32cc75522ebc
GTOP-CC311,WGS,DNBSEQ-T7,Lung_Apex,fastq,CC311-5156_2.fq.gz,194223.3,872c09a3-2ce5-4b70-8da3-3214a407e94b
GTOP-CC311,WGS,DNBSEQ-T7,Lung_Base,fastq,CC311-5032_1.fq.gz,221026.2,2c436bc7-c200-4704-9c23-663b322c7b33
GTOP-CC311,WGS,DNBSEQ-T7,Lung_Base,fastq,CC311-5032_2.fq.gz,199264.1,c36c3e13-31a9-44fd-80c3-2c0f51591da1
GTOP-CC311,WGS,DNBSEQ-T7,Muscle,fastq,CC311-0087_1.fq.gz,216642.2,77e61873-7f63-4dee-95e4-3e36973d8cc7
GTOP-CC311,WGS,DNBSEQ-T7,Muscle,fastq,CC311-0087_2.fq.gz,209409.4,cab17e3e-de48-42e8-b5ad-8adb406c1f1c
GTOP-CC311,WGS,DNBSEQ-T7,Stomach,fastq,CC311-1601_1.fq.gz,214077.3,f68eca48-c6a8-431d-8fc8-647bd18890b7
GTOP-CC311,WGS,DNBSEQ-T7,Stomach,fastq,CC311-1601_2.fq.gz,197783.4,1e3ceab4-2b29-4bad-8c71-289168ead02f
GTOP-CC311,WGS,DNBSEQ-T7,Whole_Blood,fastq,CC311-0378_1.fq.gz,196702.4,d64b9c6e-0c40-41a2-88b9-42452d2895f4
GTOP-CC311,WGS,DNBSEQ-T7,Whole_Blood,fastq,CC311-0378_2.fq.gz,189140.9,f68fe2a3-bea9-4969-ba16-d5eb6798be4a
GTOP-CC311,WGS,DNBSEQ-T7,Gallbladder,bam,CC311-1856.bam,545049.4,3c206197-bd9e-4a17-92a1-d242488ff168
GTOP-CC311,WGS,DNBSEQ-T7,Gallbladder,bam,CC311-1856.hap2.bam,353139.1,9c9ec11e-9a33-401f-82fe-b723817d9cec
GTOP-CC311,WGS,DNBSEQ-T7,Gallbladder,bam,CC311-1856.hap1.bam,362754.5,52174875-e6e5-43ca-b039-631669d3b660
GTOP-CC311,WGS,DNBSEQ-T7,Lung_Apex,bam,CC311-5156.bam,477909.5,26b66722-e211-46a7-8f83-a3673f7822cd
GTOP-CC311,WGS,DNBSEQ-T7,Lung_Apex,bam,CC311-5156.hap2.bam,206144.7,4cb2b1fb-f1af-477c-b13a-e1385d7a5973
GTOP-CC311,WGS,DNBSEQ-T7,Lung_Apex,bam,CC311-5156.hap1.bam,205739.6,47c76f3f-1b16-434a-9df5-aca5effd6426
GTOP-CC311,WGS,DNBSEQ-T7,Lung_Base,bam,CC311-5032.bam,488191.8,9d56ea17-38b4-4146-a94c-752ab0cab524
GTOP-CC311,WGS,DNBSEQ-T7,Lung_Base,bam,CC311-5032.hap2.bam,208930.7,26cac025-b727-4b66-8eca-30f33119842e
GTOP-CC311,WGS,DNBSEQ-T7,Lung_Base,bam,CC311-5032.hap1.bam,208505.1,9e70aea5-235d-4583-b44b-f2084e00baed
GTOP-CC311,WGS,DNBSEQ-T7,Muscle,bam,CC311-0087.bam,417321.4,3c414ce5-ff53-4b61-a3c6-322bcad57714
GTOP-CC311,WGS,DNBSEQ-T7,Muscle,bam,CC311-0087.hap2.bam,226381.6,fd0972ce-5dec-4309-9dd7-b2c016430488
GTOP-CC311,WGS,DNBSEQ-T7,Muscle,bam,CC311-0087.hap1.bam,225922.4,0320aa20-9c92-4596-880b-be7aff8b92d2
GTOP-CC311,WGS,DNBSEQ-T7,Stomach,bam,CC311-1601.bam,484537.6,3f3d773f-27fd-462e-8977-338fea155f53
GTOP-CC311,WGS,DNBSEQ-T7,Stomach,bam,CC311-1601.hap2.bam,208857.5,3bad50dc-2c48-4104-9af1-cca26f15bcbc
GTOP-CC311,WGS,DNBSEQ-T7,Stomach,bam,CC311-1601.hap1.bam,208448.3,dfce6c6c-10c3-4a12-91fa-6a8588c28f36
GTOP-CC311,WGS,DNBSEQ-T7,Whole_Blood,bam,CC311-0378.bam,412723.1,004648b5-4556-407c-bf9a-98600577876f
GTOP-CC311,WGS,DNBSEQ-T7,Whole_Blood,bam,CC311-0378.hap2.bam,206300.7,95763204-e85b-4459-95c7-42b80f2024c6
GTOP-CC311,WGS,DNBSEQ-T7,Whole_Blood,bam,CC311-0378.hap1.bam,213636.5,d3e9cfa2-a7f0-488d-9de2-9762470af8ad
GTOP-CC311,WGS,PacBio HiFi,Whole_Blood,fasta,CC311-DMSO.hap2.corrected.fa,2867.2,b7d0e302-9b13-49bc-9175-290c55c26d0b
GTOP-CC311,WGS,PacBio HiFi,Whole_Blood,fasta,CC311-DMSO.hap1.corrected.fa,2896,cb5916a1-23f6-40dc-9b24-e9bdbbc9f326
GTOP-CC311,WGS,PacBio HiFi,Whole_Blood,chain,CC311-DMSO.hap1Tohap2.liftover.chain,5.5,fa68c703-477d-49d6-8797-190c10d3c80f
GTOP-CC311,WGS,PacBio HiFi,Whole_Blood,chain,CC311-DMSO.hap2Tohap1.liftover.chain,5.6,9aa0b08d-e314-4160-85e6-d927a8044fc7
GTOP-CC311,WGS,PacBio HiFi,Whole_Blood,chain,CC311-DMSO.hap1.hg38ToDSA.liftover.chain,6.7,fb904cd5-5180-4dc8-8f66-cf8b46b29971
GTOP-CC311,WGS,PacBio HiFi,Whole_Blood,chain,CC311-DMSO.hap2.hg38ToDSA.liftover.chain,6.7,cd90ce06-e92e-4cdd-9b2f-04745def9c51
GTOP-CC311,WGS,PacBio HiFi,Whole_Blood,chain,CC311-DMSO.hap1.DSATohg38.liftover.chain,6.8,a97d626c-304c-470c-a7ef-385e79e51460
GTOP-CC311,WGS,PacBio HiFi,Whole_Blood,chain,CC311-DMSO.hap2.DSATohg38.liftover.chain,6.9,c3523bb1-30de-4917-baef-aefe958e6112
GTOP-CF242,WGS,DNBSEQ-T7,Pancreas_Body,fastq,CF242-1236_1.fq.gz,210971.4,5cbfa40b-3154-4508-a794-4141b07d8b07
GTOP-CF242,WGS,DNBSEQ-T7,Pancreas_Body,fastq,CF242-1236_2.fq.gz,210130.1,7736cd67-fac1-444a-8f92-09d54f4f711a
GTOP-CF242,WGS,DNBSEQ-T7,Skin,fastq,CF242-0262_1.fq.gz,205100.9,1b010346-2e53-428b-b43f-490eada26e0b
GTOP-CF242,WGS,DNBSEQ-T7,Skin,fastq,CF242-0262_2.fq.gz,198491.1,db23e3fa-b4f3-434f-befb-716d3cfb4a06
GTOP-CF242,WGS,DNBSEQ-T7,Spleen,fastq,CF242-3082_1.fq.gz,223693,9e28af5d-640a-49f6-a71b-662358d37094
GTOP-CF242,WGS,DNBSEQ-T7,Spleen,fastq,CF242-3082_2.fq.gz,210663.9,dd6895bb-ae91-404e-9e25-66d70d644616
GTOP-CF242,WGS,DNBSEQ-T7,Pancreas_Body,bam,CF242-1236.bam,523419.5,033dd8c2-e643-4149-8807-450dfec9cbd3
GTOP-CF242,WGS,DNBSEQ-T7,Pancreas_Body,bam,CF242-1236.hap2.bam,219286.8,3de9c696-84fd-41dc-92c4-f7bfa3fdfb9f
GTOP-CF242,WGS,DNBSEQ-T7,Pancreas_Body,bam,CF242-1236.hap1.bam,219292.5,e49a3b84-6f35-4c2d-8671-6932d834e9fd
GTOP-CF242,WGS,DNBSEQ-T7,Skin,bam,CF242-0262.bam,420512.2,d09fad06-1f85-45fb-ac25-b1d8b07e9d3b
GTOP-CF242,WGS,DNBSEQ-T7,Skin,bam,CF242-0262.hap1.bam,222875,a138993d-c4ed-44c7-bcfe-ea47ee1fa2cb
GTOP-CF242,WGS,DNBSEQ-T7,Skin,bam,CF242-0262.hap2.bam,222900.2,ec4db48e-b64c-4b4e-83c2-c895ea2d0269
GTOP-CF242,WGS,DNBSEQ-T7,Spleen,bam,CF242-3082.bam,488072.4,d65cd580-212f-4309-9a64-8a5c70092d43
GTOP-CF242,WGS,DNBSEQ-T7,Spleen,bam,CF242-3082.hap2.bam,212187.5,17497f30-c3ae-4b6c-ac99-639f2bbfb708
GTOP-CF242,WGS,DNBSEQ-T7,Spleen,bam,CF242-3082.hap1.bam,212130.7,8a3b0b10-32bd-4b2d-add4-76a8e40b9145
GTOP-CF242,WGS,PacBio HiFi,Whole_Blood,fasta,CF242-DMSO.hap2.corrected.fa,2903.6,41e3023f-8952-4938-9c13-193232dc374c
GTOP-CF242,WGS,PacBio HiFi,Whole_Blood,fasta,CF242-DMSO.hap1.corrected.fa,2947.6,f692a1ba-f8ad-44e2-bdbe-5c07a1fc6291
GTOP-CF242,WGS,PacBio HiFi,Whole_Blood,chain,CF242-DMSO.hap1Tohap2.liftover.chain,5.4,9c04753d-6f51-46aa-be41-daa8b3e3eb40
GTOP-CF242,WGS,PacBio HiFi,Whole_Blood,chain,CF242-DMSO.hap2Tohap1.liftover.chain,5.5,10af7308-f1a9-4323-bcfc-70e153592abc
GTOP-CF242,WGS,PacBio HiFi,Whole_Blood,chain,CF242-DMSO.hap1.hg38ToDSA.liftover.chain,6.7,8880b51c-f95b-410d-bcc2-87f12bb0ffd1
GTOP-CF242,WGS,PacBio HiFi,Whole_Blood,chain,CF242-DMSO.hap2.hg38ToDSA.liftover.chain,6.7,5f7e5113-5e4d-407a-942e-8ab5bc2f7e6e
GTOP-CF242,WGS,PacBio HiFi,Whole_Blood,chain,CF242-DMSO.hap1.DSATohg38.liftover.chain,7,17470dde-f128-4cd0-a9fa-f6941e88eac0
GTOP-CF242,WGS,PacBio HiFi,Whole_Blood,chain,CF242-DMSO.hap2.DSATohg38.liftover.chain,7,752e8600-240d-4229-8807-596291a52947
GTOP-CG091,WGS,DNBSEQ-T7,Liver,fastq,CG091-1053_1.fq.gz,340422.3,2a4ea642-4303-4b92-862a-4da8f75cb794
GTOP-CG091,WGS,DNBSEQ-T7,Liver,fastq,CG091-1053_2.fq.gz,335862.7,0b231c76-37a1-4e62-9f74-df41c332a665
GTOP-CG091,WGS,DNBSEQ-T7,Muscle,fastq,CG091-0087_1.fq.gz,257413.1,7cd50e58-d6c2-47c2-9bd5-6b4889f27da9
GTOP-CG091,WGS,DNBSEQ-T7,Muscle,fastq,CG091-0087_2.fq.gz,254514.1,b12adbb6-02ba-4d2a-993b-9b31740e088d
GTOP-CG091,WGS,DNBSEQ-T7,Whole_Blood,fastq,CG091-0378_1.fq.gz,245137.9,75fdaf4c-7d43-4ae6-8dd9-b1694ac5f0b2
GTOP-CG091,WGS,DNBSEQ-T7,Whole_Blood,fastq,CG091-0378_2.fq.gz,234444.4,052d2bac-e51c-4830-8b4b-80302682bf5c
GTOP-CG091,WGS,DNBSEQ-T7,Liver,bam,CG091-1053.bam,545381.8,4cb58f51-38db-4b14-a959-1b6c8614edc2
GTOP-CG091,WGS,DNBSEQ-T7,Liver,bam,CG091-1053.hap1.bam,398922.4,3fd64e87-e889-4d3c-bac4-6ebe4574ccf7
GTOP-CG091,WGS,DNBSEQ-T7,Liver,bam,CG091-1053.hap2.bam,399058.8,13def65d-b45f-4634-9a9d-334488e4ea54
GTOP-CG091,WGS,DNBSEQ-T7,Muscle,bam,CG091-0087.bam,475874.4,759cf3dc-e21d-4940-940a-c44394fabc1b
GTOP-CG091,WGS,DNBSEQ-T7,Muscle,bam,CG091-0087.hap1.bam,304848.4,efb8eca4-9ca3-4e38-b14f-7e650c013f79
GTOP-CG091,WGS,DNBSEQ-T7,Muscle,bam,CG091-0087.hap2.bam,304859.4,78bf06a4-173f-4d8a-8943-50e3b92d2d1f
GTOP-CG091,WGS,DNBSEQ-T7,Whole_Blood,bam,CG091-0378.bam,499481.1,84fb4202-c6ab-42f6-9c08-7e41adc79297
GTOP-CG091,WGS,DNBSEQ-T7,Whole_Blood,bam,CG091-0378.hap1.bam,245411.8,b2d1a19a-7a6b-4153-9a30-903480ed98d1
GTOP-CG091,WGS,DNBSEQ-T7,Whole_Blood,bam,CG091-0378.hap2.bam,245644.3,e35ac5a0-f6cf-4ebf-8f17-b6dd5af5cf60
GTOP-CG091,WGS,PacBio HiFi,Whole_Blood,fasta,CG091-DMSO.hap1.corrected.fa,2892.6,f8cdadd7-3428-4c9b-b171-4e777eb74011
GTOP-CG091,WGS,PacBio HiFi,Whole_Blood,fasta,CG091-DMSO.hap2.corrected.fa,2883.8,ef9dda33-ed4b-4aa4-8fff-eee9ccfe096a
GTOP-CG091,WGS,PacBio HiFi,Whole_Blood,chain,CG091-DMSO.hap1Tohap2.liftover.chain,5.6,2d0a8ca4-22ba-4ab0-88d7-5089ff1ddb94
GTOP-CG091,WGS,PacBio HiFi,Whole_Blood,chain,CG091-DMSO.hap2Tohap1.liftover.chain,5.5,bf3e4f60-177f-4723-93e7-86ac1e74c158
GTOP-CG091,WGS,PacBio HiFi,Whole_Blood,chain,CG091-DMSO.hap1.hg38ToDSA.liftover.chain,6.7,1b44d154-489f-484e-bde1-eb7142994a3d
GTOP-CG091,WGS,PacBio HiFi,Whole_Blood,chain,CG091-DMSO.hap2.hg38ToDSA.liftover.chain,6.7,08b6e4e4-cd11-456e-8896-91a2a27412b6
GTOP-CG091,WGS,PacBio HiFi,Whole_Blood,chain,CG091-DMSO.hap1.DSATohg38.liftover.chain,6.8,5b8abaed-5ba6-42ca-afb3-9e549a3c9f91
GTOP-CG091,WGS,PacBio HiFi,Whole_Blood,chain,CG091-DMSO.hap2.DSATohg38.liftover.chain,6.8,283a6cb8-0899-4a8d-9845-522eb75a007e
GTOP-CH101,WGS,DNBSEQ-T7,Gallbladder,fastq,CH101-1856_1.fq.gz,319738.7,758135a6-9668-4ef1-9c5c-ba69ee6f6bf5
GTOP-CH101,WGS,DNBSEQ-T7,Gallbladder,fastq,CH101-1856_2.fq.gz,316980.5,e93f73b6-cd57-4caa-bac8-ced76bb72fec
GTOP-CH101,WGS,DNBSEQ-T7,Gallbladder,bam,CH101-1856.bam,533724.7,9ebd6723-d374-4232-93fb-250a1b939337
GTOP-CH101,WGS,DNBSEQ-T7,Gallbladder,bam,CH101-1856.hap1.bam,377123.1,65266917-8e7b-47da-8c16-0750b871eea5
GTOP-CH101,WGS,DNBSEQ-T7,Gallbladder,bam,CH101-1856.hap2.bam,377120.7,3c276313-0e88-4903-83b7-85fb37b0cf34
GTOP-CH101,WGS,PacBio HiFi,Whole_Blood,fasta,CH101-DMSO.hap2.corrected.fa,2874,d73b7274-9e72-429d-a257-d57d6e4de0c0
GTOP-CH101,WGS,PacBio HiFi,Whole_Blood,fasta,CH101-DMSO.hap1.corrected.fa,2890.2,8bf20fc9-9470-4210-a9b8-d0677999b26d
GTOP-CH101,WGS,PacBio HiFi,Whole_Blood,chain,CH101-DMSO.hap1Tohap2.liftover.chain,5.5,e5906008-e75d-4c5b-a482-f064bdd934ef
GTOP-CH101,WGS,PacBio HiFi,Whole_Blood,chain,CH101-DMSO.hap2Tohap1.liftover.chain,5.5,1c6762c3-520f-4ed6-b866-b18c34add583
GTOP-CH101,WGS,PacBio HiFi,Whole_Blood,chain,CH101-DMSO.hap1.hg38ToDSA.liftover.chain,6.6,91965608-f8eb-461a-ad8f-ff1125426353
GTOP-CH101,WGS,PacBio HiFi,Whole_Blood,chain,CH101-DMSO.hap2.hg38ToDSA.liftover.chain,6.7,86128e7f-79b7-42c9-9ab3-d4457f31e610
GTOP-CH101,WGS,PacBio HiFi,Whole_Blood,chain,CH101-DMSO.hap1.DSATohg38.liftover.chain,6.9,d7eb9e85-6636-4720-95ef-c93affb8fa15
GTOP-CH101,WGS,PacBio HiFi,Whole_Blood,chain,CH101-DMSO.hap2.DSATohg38.liftover.chain,6.8,7c0e8aeb-5c31-4ada-a4ee-333a8104d51f
GTOP-CI161,WGS,DNBSEQ-T7,Muscle,fastq,CI161-0087_1.fq.gz,225101.3,a34f2923-f4aa-4d42-b92f-25193b4d1b5c
GTOP-CI161,WGS,DNBSEQ-T7,Muscle,fastq,CI161-0087_2.fq.gz,220917.6,dd1e9fc5-f941-40e4-bde2-dc7298e74ce3
GTOP-CI161,WGS,DNBSEQ-T7,Pancreas_Head,fastq,CI161-1108_1.fq.gz,209759.7,9d5aec68-846c-48ce-87e8-de7b8b5ce5b0
GTOP-CI161,WGS,DNBSEQ-T7,Pancreas_Head,fastq,CI161-1108_2.fq.gz,204564.5,3ffdb4a0-d704-4e75-ba54-c80313a4c224
GTOP-CI161,WGS,DNBSEQ-T7,Muscle,bam,CI161-0087.bam,475888.7,ba2655fa-3c77-4ea8-bee0-8bdf2177b152
GTOP-CI161,WGS,DNBSEQ-T7,Muscle,bam,CI161-0087.hap1.bam,233943.5,34901a26-63e7-478a-89c6-540237e091b5
GTOP-CI161,WGS,DNBSEQ-T7,Muscle,bam,CI161-0087.hap2.bam,232104.3,22c97121-328f-47bb-81b0-11c40a09e55f
GTOP-CI161,WGS,DNBSEQ-T7,Pancreas_Head,bam,CI161-1108.bam,439101.6,9886fac2-8671-4366-b25e-d75d3072323a
GTOP-CI161,WGS,DNBSEQ-T7,Pancreas_Head,bam,CI161-1108.hap2.bam,215819,05198ee7-5dc6-4a4e-b884-ab98a2fcbce5
GTOP-CI161,WGS,DNBSEQ-T7,Pancreas_Head,bam,CI161-1108.hap1.bam,217579.5,56df5427-ceec-4c91-8026-d3888e361a38
GTOP-CI161,WGS,PacBio HiFi,Whole_Blood,fasta,CI161-DMSO.hap1.corrected.fa,2812.3,df186781-f3df-4389-9a4c-e07f887fadff
GTOP-CI161,WGS,PacBio HiFi,Whole_Blood,fasta,CI161-DMSO.hap2.corrected.fa,2883.4,f890e0b5-6ea4-4bd9-be40-1990178f78ef
GTOP-CI161,WGS,PacBio HiFi,Whole_Blood,chain,CI161-DMSO.hap1Tohap2.liftover.chain,5.5,6e8d734e-7862-4eeb-b1c5-c6f1ed370a69
GTOP-CI161,WGS,PacBio HiFi,Whole_Blood,chain,CI161-DMSO.hap2Tohap1.liftover.chain,5.4,3f489f91-62dd-4550-82c0-f31839bc9fcf
GTOP-CI161,WGS,PacBio HiFi,Whole_Blood,chain,CI161-DMSO.hap1.hg38ToDSA.liftover.chain,6.6,7389ffb7-09b0-426c-b9c3-c49949f42cbd
GTOP-CI161,WGS,PacBio HiFi,Whole_Blood,chain,CI161-DMSO.hap2.hg38ToDSA.liftover.chain,6.6,4bde4277-d8ff-47ab-9c6f-da7e0e8ca069
GTOP-CI161,WGS,PacBio HiFi,Whole_Blood,chain,CI161-DMSO.hap1.DSATohg38.liftover.chain,6.7,96b3cca8-f3a5-4495-8e59-db0af35da841
GTOP-CI161,WGS,PacBio HiFi,Whole_Blood,chain,CI161-DMSO.hap2.DSATohg38.liftover.chain,6.8,dc7651c4-1a3f-4851-98d4-f525033707e5
GTOP-CJ092,WGS,DNBSEQ-T7,Colon,fastq,CJ092-1584_1.fq.gz,208142.9,85416cf0-0eff-43ba-bcf4-b917618157a6
GTOP-CJ092,WGS,DNBSEQ-T7,Colon,fastq,CJ092-1584_2.fq.gz,198517,8f79068c-cd99-4632-9d18-9db3e5de142a
GTOP-CJ092,WGS,DNBSEQ-T7,Liver,fastq,CJ092-1053_1.fq.gz,334788.9,ba65c6ad-39a6-40a8-b036-483abbc9371b
GTOP-CJ092,WGS,DNBSEQ-T7,Liver,fastq,CJ092-1053_2.fq.gz,330814.5,85576528-e048-4936-839b-d049b8b90539
GTOP-CJ092,WGS,DNBSEQ-T7,Lung_Apex,fastq,CJ092-5156_1.fq.gz,204658.4,fa617a4c-1dd5-480f-858b-89b8db194d11
GTOP-CJ092,WGS,DNBSEQ-T7,Lung_Apex,fastq,CJ092-5156_2.fq.gz,188928.7,6b416fae-2cec-40f7-b244-85111f447a6a
GTOP-CJ092,WGS,DNBSEQ-T7,Lung_Base,fastq,CJ092-5032_1.fq.gz,206692.1,2dbe8dae-2439-445c-a50b-7cbe1b04f9de
GTOP-CJ092,WGS,DNBSEQ-T7,Lung_Base,fastq,CJ092-5032_2.fq.gz,190348.1,e7d0be4b-c323-4401-88de-25caea166de2
GTOP-CJ092,WGS,DNBSEQ-T7,Muscle,fastq,CJ092-0087_1.fq.gz,239932.7,3ee9f641-ab6e-49f8-b3e0-1cc4beda15cb
GTOP-CJ092,WGS,DNBSEQ-T7,Muscle,fastq,CJ092-0087_2.fq.gz,229169.3,39d49411-a100-4be6-9967-1e9e753590a5
GTOP-CJ092,WGS,DNBSEQ-T7,Ovary,fastq,CJ092-6235_1.fq.gz,197438.2,b0a2e15b-2a4b-4225-9a34-5f12e965a807
GTOP-CJ092,WGS,DNBSEQ-T7,Ovary,fastq,CJ092-6235_2.fq.gz,193169.1,75c4eac7-8c36-4af9-9c6f-f1bc59b81694
GTOP-CJ092,WGS,DNBSEQ-T7,Small_Intestine,fastq,CJ092-1470_1.fq.gz,207422.9,a4a78d1f-9c2c-45ba-b323-70bc7f0fbd9c
GTOP-CJ092,WGS,DNBSEQ-T7,Small_Intestine,fastq,CJ092-1470_2.fq.gz,202851.2,5e07c9fe-9802-4812-aadc-8d4a84d61f12
GTOP-CJ092,WGS,DNBSEQ-T7,Spleen,fastq,CJ092-3082_1.fq.gz,229877.3,08038db2-0b14-4b1c-91e7-e3195be1bb82
GTOP-CJ092,WGS,DNBSEQ-T7,Spleen,fastq,CJ092-3082_2.fq.gz,212391.6,ba3c2b2e-af2c-41f9-849b-2f0868fa6e61
GTOP-CJ092,WGS,DNBSEQ-T7,Stomach,fastq,CJ092-1601_1.fq.gz,219741,736188a6-f70d-4a55-9837-58f06aa6031c
GTOP-CJ092,WGS,DNBSEQ-T7,Stomach,fastq,CJ092-1601_2.fq.gz,198666.6,bfbb3217-2def-4f1c-91a3-a81b105aa832
GTOP-CJ092,WGS,DNBSEQ-T7,Uterus,fastq,CJ092-6246_1.fq.gz,200915.6,e27efe8c-b800-4ba5-b258-da870032684f
GTOP-CJ092,WGS,DNBSEQ-T7,Uterus,fastq,CJ092-6246_2.fq.gz,197238,65b0b0c6-8b7c-4157-938e-51e6e614a667
GTOP-CJ092,WGS,DNBSEQ-T7,Whole_Blood,fastq,CJ092-0378_1.fq.gz,214235.1,59b4085d-3f34-4868-b7a1-b107fb155b7c
GTOP-CJ092,WGS,DNBSEQ-T7,Whole_Blood,fastq,CJ092-0378_2.fq.gz,207378.3,e1086aeb-c351-4a72-9cae-31af729e7474
GTOP-CJ092,WGS,DNBSEQ-T7,Colon,bam,CJ092-1584.bam,489210.8,387038fb-1a93-4dae-b253-1434b2e59f77
GTOP-CJ092,WGS,DNBSEQ-T7,Colon,bam,CJ092-1584.hap2.bam,204469.2,7eb8fc28-a184-435d-8b6e-b0f06ac70d4f
GTOP-CJ092,WGS,DNBSEQ-T7,Colon,bam,CJ092-1584.hap1.bam,204559.9,2df870f5-53db-4a1e-aafc-3430420dc158
GTOP-CJ092,WGS,DNBSEQ-T7,Liver,bam,CJ092-1053.bam,550288.2,7191c518-48e4-4a5d-8ce5-871602aad1ac
GTOP-CJ092,WGS,DNBSEQ-T7,Liver,bam,CJ092-1053.hap1.bam,384651.1,871cc9fa-6567-4484-9aa8-786d6cfdab43
GTOP-CJ092,WGS,DNBSEQ-T7,Liver,bam,CJ092-1053.hap2.bam,384560.4,418ea69c-7a0f-4eec-b338-8905791d2cd5
GTOP-CJ092,WGS,DNBSEQ-T7,Lung_Apex,bam,CJ092-5156.bam,469472,975a30d6-6595-4b2d-822a-55ae67002396
GTOP-CJ092,WGS,DNBSEQ-T7,Lung_Apex,bam,CJ092-5156.hap1.bam,199517.4,2262f77e-a018-4fef-b0a9-7ea05df5e446
GTOP-CJ092,WGS,DNBSEQ-T7,Lung_Apex,bam,CJ092-5156.hap2.bam,199440.8,b5fe7126-506f-4307-99ed-36c4ce5b964a
GTOP-CJ092,WGS,DNBSEQ-T7,Lung_Base,bam,CJ092-5032.bam,469089.5,44ce91f1-7416-47e3-8c9b-6d53b2b5a669
GTOP-CJ092,WGS,DNBSEQ-T7,Lung_Base,bam,CJ092-5032.hap2.bam,199230.2,355d7575-68cb-4f51-bd80-a4c3f848389a
GTOP-CJ092,WGS,DNBSEQ-T7,Lung_Base,bam,CJ092-5032.hap1.bam,199309,3512e3aa-58d9-4f74-92dd-a49db9b3f9ea
GTOP-CJ092,WGS,DNBSEQ-T7,Muscle,bam,CJ092-0087.bam,440658.7,e788f5e3-39fa-465b-8622-294fb964be98
GTOP-CJ092,WGS,DNBSEQ-T7,Muscle,bam,CJ092-0087.hap1.bam,245923.1,d6c0d03b-0209-49b0-b4e2-13d8c100412e
GTOP-CJ092,WGS,DNBSEQ-T7,Muscle,bam,CJ092-0087.hap2.bam,245818.8,867da766-ce1f-4df5-a012-fab8b0da049d
GTOP-CJ092,WGS,DNBSEQ-T7,Ovary,bam,CJ092-6235.bam,487033.9,459b7d67-7091-4b4c-bc2f-5fd0c033a011
GTOP-CJ092,WGS,DNBSEQ-T7,Ovary,bam,CJ092-6235.hap2.bam,200768.5,91140292-b01a-4c18-afaf-c0198d3eba89
GTOP-CJ092,WGS,DNBSEQ-T7,Ovary,bam,CJ092-6235.hap1.bam,200848.5,b782fa02-510b-4f11-8c99-e288fce2ce47
GTOP-CJ092,WGS,DNBSEQ-T7,Small_Intestine,bam,CJ092-1470.bam,507128.6,a2ba216b-3d42-49d5-a1a2-53ef966063a4
GTOP-CJ092,WGS,DNBSEQ-T7,Small_Intestine,bam,CJ092-1470.hap2.bam,208565.1,a36ffebf-eca5-46d4-8dee-6c86a07cd7b6
GTOP-CJ092,WGS,DNBSEQ-T7,Small_Intestine,bam,CJ092-1470.hap1.bam,208646.7,ebf530a8-eacc-4e66-8c15-0ebc5ec312cf
GTOP-CJ092,WGS,DNBSEQ-T7,Spleen,bam,CJ092-3082.bam,525174.5,966b4422-9475-45ec-8f74-64fb5de6113a
GTOP-CJ092,WGS,DNBSEQ-T7,Spleen,bam,CJ092-3082.hap1.bam,223027.3,bd27206c-e065-420a-ac69-cfbf4b14d4c4
GTOP-CJ092,WGS,DNBSEQ-T7,Spleen,bam,CJ092-3082.hap2.bam,222941.2,27deb213-5519-4f5f-96d4-9e9b5488823c
GTOP-CJ092,WGS,DNBSEQ-T7,Stomach,bam,CJ092-1601.bam,486030.7,cf9bd01b-74c1-44c9-9f17-c91278d8502f
GTOP-CJ092,WGS,DNBSEQ-T7,Stomach,bam,CJ092-1601.hap2.bam,205683.8,cad80afb-a816-4b43-8cc5-7cf236acb8ac
GTOP-CJ092,WGS,DNBSEQ-T7,Stomach,bam,CJ092-1601.hap1.bam,205760.1,c7e1e435-40a8-4825-8bcd-07236592742d
GTOP-CJ092,WGS,DNBSEQ-T7,Uterus,bam,CJ092-6246.bam,489411.4,577bb76c-94eb-4eb2-a0f8-720f0774748f
GTOP-CJ092,WGS,DNBSEQ-T7,Uterus,bam,CJ092-6246.hap1.bam,202973.5,20dfac31-b034-453a-aa36-036e7130cef0
GTOP-CJ092,WGS,DNBSEQ-T7,Uterus,bam,CJ092-6246.hap2.bam,202893.4,8f0a1a0c-0cb4-4bc0-bd37-50ffd9b58ccb
GTOP-CJ092,WGS,DNBSEQ-T7,Whole_Blood,bam,CJ092-0378.bam,453653.3,85b39d09-327a-4590-a840-3f410937c0d8
GTOP-CJ092,WGS,DNBSEQ-T7,Whole_Blood,bam,CJ092-0378.hap1.bam,247287.1,193fa5c9-118c-4752-8a85-f83bdf94ce87
GTOP-CJ092,WGS,DNBSEQ-T7,Whole_Blood,bam,CJ092-0378.hap2.bam,247190.5,4d231676-8e64-4a3e-9fc7-f9b1d7dab72b
GTOP-CJ092,WGS,PacBio HiFi,Whole_Blood,fasta,CJ092-DMSO.hap1.corrected.fa,2880.2,cf381a25-0b2b-4736-89e9-52b9045fe812
GTOP-CJ092,WGS,PacBio HiFi,Whole_Blood,fasta,CJ092-DMSO.hap2.corrected.fa,2880.5,d7300c06-826b-42d7-ac22-bbea12ffaab5
GTOP-CJ092,WGS,PacBio HiFi,Whole_Blood,chain,CJ092-DMSO.hap1Tohap2.liftover.chain,5.4,43d207f3-6481-4634-8831-4017e78ded65
GTOP-CJ092,WGS,PacBio HiFi,Whole_Blood,chain,CJ092-DMSO.hap2Tohap1.liftover.chain,5.4,e3e72af7-9a6c-4b3f-a518-02b3375aae0e
GTOP-CJ092,WGS,PacBio HiFi,Whole_Blood,chain,CJ092-DMSO.hap1.hg38ToDSA.liftover.chain,6.6,34806b6e-4564-484f-9ba9-a649cd75f459
GTOP-CJ092,WGS,PacBio HiFi,Whole_Blood,chain,CJ092-DMSO.hap2.hg38ToDSA.liftover.chain,6.6,79239855-1ad9-48ce-b650-58b0e92acbe6
GTOP-CJ092,WGS,PacBio HiFi,Whole_Blood,chain,CJ092-DMSO.hap1.DSATohg38.liftover.chain,6.9,e5fcdf66-b306-4cf1-b20d-c164b31eed14
GTOP-CJ092,WGS,PacBio HiFi,Whole_Blood,chain,CJ092-DMSO.hap2.DSATohg38.liftover.chain,6.9,025016a9-30c8-456b-89c4-090a535fa1f1
GTOP-CJ093,WGS,DNBSEQ-T7,Diaphragm,fastq,CJ093-5415_1.fq.gz,239647.3,4230565a-851a-45ba-935a-ebda66255445
GTOP-CJ093,WGS,DNBSEQ-T7,Diaphragm,fastq,CJ093-5415_2.fq.gz,225711.7,f7187b57-d414-41a4-b6f6-874728cbbdf7
GTOP-CJ093,WGS,DNBSEQ-T7,Liver,fastq,CJ093-1053_1.fq.gz,359514.4,cf780dbf-3a0f-420e-a333-9e63de310b66
GTOP-CJ093,WGS,DNBSEQ-T7,Liver,fastq,CJ093-1053_2.fq.gz,360382.2,6c45c2d0-a186-482b-aad1-c26e9eef0a1f
GTOP-CJ093,WGS,DNBSEQ-T7,Skin,fastq,CJ093-0262_1.fq.gz,211019.9,2b147127-2e9c-41f9-bbea-7b32a3e0b83b
GTOP-CJ093,WGS,DNBSEQ-T7,Skin,fastq,CJ093-0262_2.fq.gz,202828.8,b4765274-82c2-40a7-8a28-d535e5916382
GTOP-CJ093,WGS,DNBSEQ-T7,Whole_Blood,fastq,CJ093-0378_1.fq.gz,238805.2,2e7049e1-a72b-42a7-8a01-c60e3667677d
GTOP-CJ093,WGS,DNBSEQ-T7,Whole_Blood,fastq,CJ093-0378_2.fq.gz,229076.4,6e1afa8c-a207-4350-be8b-f12f496d7d62
GTOP-CJ093,WGS,DNBSEQ-T7,Diaphragm,bam,CJ093-5415.bam,546261.6,dd6b5cc1-5c4a-4a8b-90b8-75ee14f05929
GTOP-CJ093,WGS,DNBSEQ-T7,Diaphragm,bam,CJ093-5415.hap2.bam,231426.9,324631c9-35c2-4a4f-9a9f-de4c6d17c191
GTOP-CJ093,WGS,DNBSEQ-T7,Diaphragm,bam,CJ093-5415.hap1.bam,231403.9,7833526b-009e-43d0-886b-b6105c80cd74
GTOP-CJ093,WGS,DNBSEQ-T7,Liver,bam,CJ093-1053.bam,589105.8,03d5e4c8-1b1c-4e09-9545-7fac6ff21773
GTOP-CJ093,WGS,DNBSEQ-T7,Liver,bam,CJ093-1053.hap2.bam,420185.8,d822df22-d735-4123-aa33-5982a6942d40
GTOP-CJ093,WGS,DNBSEQ-T7,Liver,bam,CJ093-1053.hap1.bam,420125.1,2e75dfe5-d479-424f-ac13-a286fba7e999
GTOP-CJ093,WGS,DNBSEQ-T7,Skin,bam,CJ093-0262.bam,455394.1,72532eee-2f1f-4aac-a7cf-0eacb984df33
GTOP-CJ093,WGS,DNBSEQ-T7,Skin,bam,CJ093-0262.hap1.bam,217505.2,eca45f8c-edd5-46a8-9745-46ae4329b4ce
GTOP-CJ093,WGS,DNBSEQ-T7,Skin,bam,CJ093-0262.hap2.bam,217515.1,2798103b-078b-4f69-8a8c-ded52cfd94c8
GTOP-CJ093,WGS,DNBSEQ-T7,Whole_Blood,bam,CJ093-0378.bam,473287.6,e7ac2e7d-589d-41be-aef4-30ffae02ae7d
GTOP-CJ093,WGS,DNBSEQ-T7,Whole_Blood,bam,CJ093-0378.hap1.bam,248065.2,dc436881-747d-4d63-a2c1-693cf327938b
GTOP-CJ093,WGS,DNBSEQ-T7,Whole_Blood,bam,CJ093-0378.hap2.bam,248067.1,140d5004-af2d-44cc-ac71-c262e15fa2e1
GTOP-CJ093,WGS,PacBio HiFi,Whole_Blood,fasta,CJ093-DMSO.hap2.corrected.fa,2879.2,a08b8c5e-fb2a-430f-8d3a-7b392fd241d4
GTOP-CJ093,WGS,PacBio HiFi,Whole_Blood,fasta,CJ093-DMSO.hap1.corrected.fa,2883.8,98a0455f-01b2-4438-a3a8-751d75becfeb
GTOP-CJ093,WGS,PacBio HiFi,Whole_Blood,chain,CJ093-DMSO.hap1Tohap2.liftover.chain,5.4,c09b7355-8a67-4102-b3a4-df246e2cba6d
GTOP-CJ093,WGS,PacBio HiFi,Whole_Blood,chain,CJ093-DMSO.hap2Tohap1.liftover.chain,5.3,6518804a-038b-4567-ad73-8d839d61508c
GTOP-CJ093,WGS,PacBio HiFi,Whole_Blood,chain,CJ093-DMSO.hap1.hg38ToDSA.liftover.chain,6.7,02839c45-a46a-4082-bccd-2f5f037cfcdb
GTOP-CJ093,WGS,PacBio HiFi,Whole_Blood,chain,CJ093-DMSO.hap2.hg38ToDSA.liftover.chain,6.7,3192177a-5ca5-41b8-b531-5d48509f1fc4
GTOP-CJ093,WGS,PacBio HiFi,Whole_Blood,chain,CJ093-DMSO.hap1.DSATohg38.liftover.chain,6.9,a0ae6de7-14e1-47de-8fc4-de3cb883ae93
GTOP-CJ093,WGS,PacBio HiFi,Whole_Blood,chain,CJ093-DMSO.hap2.DSATohg38.liftover.chain,6.8,e12fab0b-c1ff-415b-aca8-7bd9aa12c3f8
GTOP-CA161,WGS,PacBio HiFi,Whole_Blood,chain,CA161-DMSO.hap2.DSATohg38.liftover.chain,6.8,46a60840-8959-4208-bdf0-5b397a05b4b4
